HIERARCHY
ROOT Root
{
	OFFSET -2.573863 99.078728 -1.032762
	CHANNELS 6 Xposition Yposition Zposition Xrotation Yrotation Zrotation
	JOINT IKJnt_Grp
	{
		OFFSET 0.000000 0.000000 0.000000
		CHANNELS 6 Xposition Yposition Zposition Xrotation Yrotation Zrotation
		JOINT IKLegFrontR01_jnt
		{
			OFFSET -6.500005 -3.255150 10.015763
			CHANNELS 6 Xposition Yposition Zposition Xrotation Yrotation Zrotation
			JOINT IKLegFrontR02_jnt
			{
				OFFSET -9.719193 -0.000015 5.172733
				CHANNELS 6 Xposition Yposition Zposition Xrotation Yrotation Zrotation
				JOINT IKLegFrontR03_jnt
				{
					OFFSET 0.000000 -19.999985 0.000074
					CHANNELS 6 Xposition Yposition Zposition Xrotation Yrotation Zrotation
					JOINT IKLegFrontR04_jnt
					{
						OFFSET 0.000000 -21.000038 0.000074
						CHANNELS 6 Xposition Yposition Zposition Xrotation Yrotation Zrotation
						End Site
						{
							OFFSET 0.000000 21.000038 -0.000018
						}
					}
				}
			}
		}
		JOINT IKLegBackR01_jnt
		{
			OFFSET -6.500001 -3.255150 -11.802598
			CHANNELS 6 Xposition Yposition Zposition Xrotation Yrotation Zrotation
			JOINT IKLegBackR02_jnt
			{
				OFFSET -9.719196 -0.000031 -5.185904
				CHANNELS 6 Xposition Yposition Zposition Xrotation Yrotation Zrotation
				JOINT IKLegBackR03_jnt
				{
					OFFSET 0.000000 -20.000000 -0.000360
					CHANNELS 6 Xposition Yposition Zposition Xrotation Yrotation Zrotation
					JOINT IKLegBackR04_jnt
					{
						OFFSET 0.000000 -20.999943 0.000347
						CHANNELS 6 Xposition Yposition Zposition Xrotation Yrotation Zrotation
						End Site
						{
							OFFSET 0.000000 20.999943 -0.000370
						}
					}
				}
			}
		}
		JOINT IKLegFrontL01_jnt
		{
			OFFSET 6.498628 -3.255157 10.007559
			CHANNELS 6 Xposition Yposition Zposition Xrotation Yrotation Zrotation
			JOINT IKLegFrontL02_jnt
			{
				OFFSET 9.737183 -0.000008 5.180938
				CHANNELS 6 Xposition Yposition Zposition Xrotation Yrotation Zrotation
				JOINT IKLegFrontL03_jnt
				{
					OFFSET 0.000000 -19.993607 -0.505187
					CHANNELS 6 Xposition Yposition Zposition Xrotation Yrotation Zrotation
					JOINT IKLegFrontL04_jnt
					{
						OFFSET 0.000000 -20.999950 0.017213
						CHANNELS 6 Xposition Yposition Zposition Xrotation Yrotation Zrotation
						End Site
						{
							OFFSET 0.000000 20.999943 -0.017233
						}
					}
				}
			}
		}
		JOINT IKLegBackL01_jnt
		{
			OFFSET 6.500279 -3.255180 -11.808104
			CHANNELS 6 Xposition Yposition Zposition Xrotation Yrotation Zrotation
			JOINT IKLegBackL02_jnt
			{
				OFFSET 9.735531 0.000000 -5.180398
				CHANNELS 6 Xposition Yposition Zposition Xrotation Yrotation Zrotation
				JOINT IKLegBackL03_jnt
				{
					OFFSET 0.000000 -20.000000 -0.000086
					CHANNELS 6 Xposition Yposition Zposition Xrotation Yrotation Zrotation
					JOINT IKLegBackL04_jnt
					{
						OFFSET 0.000000 -20.999985 0.000101
						CHANNELS 6 Xposition Yposition Zposition Xrotation Yrotation Zrotation
						End Site
						{
							OFFSET 0.000000 20.999985 -0.000093
						}
					}
				}
			}
		}
	}
}
MOTION
Frames: 243
Frame Time: 0.016667
-2.573863 99.078728 -1.032762 -0.000000 0.000000 -0.000000 0.000000 0.000000 0.000000 -0.000000 0.000000 -0.000000 -6.500005 -3.255150 10.015763 -0.000000 0.000000 -0.000000 -9.719193 -0.000015 5.172733 -0.000000 0.000000 -0.000000 0.000000 -19.999985 0.000073 -0.000000 0.000000 -0.000000 0.000000 -21.000034 0.000072 -0.000000 0.000000 -0.000000 -6.500001 -3.255150 -11.802598 -0.000000 0.000000 -0.000000 -9.719196 -0.000031 -5.185904 0.000000 0.000000 -0.000000 0.000000 -20.000000 -0.000360 -0.000000 -0.000000 -0.000000 0.000000 -20.999947 0.000347 -0.000000 0.000000 0.000000 6.498628 -3.255157 10.007559 -0.000000 0.000000 -0.000000 9.737182 -0.000023 5.180937 -0.000000 0.000000 -0.000000 -0.000002 -19.993622 -0.505189 -0.000000 0.000000 -0.000000 -0.000002 -20.999954 0.017211 -0.000000 0.000000 -0.000000 6.500279 -3.255180 -11.808104 -0.000000 0.000000 -0.000000 9.735531 0.000000 -5.180398 -0.000000 0.000000 -0.000000 0.000000 -20.000000 -0.000086 -0.000000 0.000000 -0.000000 0.000000 -20.999989 0.000101 -0.000000 0.000000 -0.000000 
-2.573863 96.630241 -1.069265 -0.169800 0.000000 -0.000000 0.000000 0.000008 0.000000 -0.000000 0.000000 -0.000000 -6.500005 -3.255142 10.015763 -0.000000 0.000000 -0.000000 -9.719192 -0.000013 5.172733 17.831541 0.000000 0.000000 0.000001 -19.999994 0.000068 -30.675582 0.000000 -0.000001 -0.000002 -21.000031 0.000074 0.000001 0.000000 0.000000 -6.500000 -3.255150 -11.802599 -0.000000 -0.000000 -0.000000 -9.719196 -0.000005 -5.185902 16.079983 -0.000000 -0.000000 -0.000002 -19.999990 -0.000356 -30.354566 -0.000000 0.000000 -0.000000 -20.999943 0.000346 0.000000 0.000000 0.000000 6.498628 -3.255157 10.007559 -0.000000 0.000000 -0.000000 9.737182 -0.000016 5.180933 15.695394 -0.000001 0.000000 -0.000000 -19.993605 -0.505193 -29.092474 -0.000000 -0.000000 -0.000001 -20.999950 0.017213 -0.000000 -0.000000 -0.000000 6.500279 -3.255180 -11.808104 -0.000000 0.000000 -0.000000 9.735531 0.000021 -5.180396 15.178364 0.000000 -0.000000 0.000001 -19.999996 -0.000088 -30.556999 0.000000 -0.000000 0.000000 -20.999981 0.000104 -0.000001 0.000000 -0.000000 
-2.573863 94.578728 -1.032762 -0.000000 0.000000 -0.000000 0.000000 0.000000 0.000000 -0.000000 0.000000 -0.000000 -6.500005 -3.255150 10.015763 -0.000000 0.000000 -0.000000 -9.719192 -0.000005 5.172735 27.820049 0.000000 0.000001 0.000002 -19.999985 0.000066 -54.209620 0.000001 -0.000001 -0.000000 -21.000038 0.000075 0.000002 0.000000 0.000000 -6.500001 -3.255150 -11.802598 -0.000001 0.000000 -0.000000 -9.719195 -0.000024 -5.185903 27.819222 -0.000000 -0.000000 0.000001 -19.999989 -0.000363 -54.208100 -0.000000 0.000001 0.000000 -20.999939 0.000346 0.000000 -0.000000 -0.000000 6.498628 -3.255157 10.007559 -0.000000 0.000000 -0.000000 9.737182 -0.000013 5.180930 27.148376 -0.000001 0.000000 -0.000002 -19.993599 -0.505187 -52.734040 0.000000 -0.000000 -0.000001 -20.999943 0.017213 0.000001 0.000000 0.000000 6.500279 -3.255180 -11.808104 -0.000000 0.000000 -0.000000 9.735531 0.000003 -5.180395 27.819757 0.000000 -0.000000 0.000000 -19.999990 -0.000093 -54.209101 0.000000 -0.000000 -0.000001 -20.999989 0.000098 0.000001 0.000000 -0.000000 
-2.573863 93.675247 -0.931876 1.340100 0.000000 -0.000000 0.000000 0.000000 -0.000000 -0.000000 0.000000 -0.000000 -6.500005 -3.255142 10.015764 -0.000000 0.000000 -0.000000 -9.719192 -0.000013 5.172733 11.742608 0.000000 0.000001 0.000002 -19.999983 0.000069 -56.224495 0.000001 -0.000001 0.000002 -21.000042 0.000066 -0.000003 -0.000000 -0.000000 -6.500001 -3.255142 -11.802598 -0.000001 0.000000 -0.000000 -9.719195 -0.000026 -5.185904 25.806022 -0.000000 -0.000000 0.000001 -19.999992 -0.000362 -58.472696 -0.000000 0.000001 0.000002 -20.999939 0.000346 -0.000003 -0.000000 -0.000000 6.498628 -3.255150 10.007559 -0.000000 0.000000 -0.000000 9.737182 -0.000023 5.180937 24.959915 -0.000000 0.000000 -0.000001 -19.993605 -0.505190 -60.262868 0.000000 0.000000 -0.000001 -20.999947 0.017219 -0.000001 -0.000000 -0.000000 6.500279 -3.255173 -11.808105 -0.000000 0.000000 -0.000000 9.735531 -0.000006 -5.180397 33.154715 0.000000 -0.000000 0.000000 -20.000011 -0.000072 -56.915765 0.000000 -0.000000 -0.000001 -20.999989 0.000101 0.000001 0.000000 -0.000000 
-2.573863 93.254532 -0.448702 2.716796 0.000000 -0.000000 0.000000 0.000000 0.000000 -0.000000 0.000000 -0.000000 -6.500005 -3.255150 10.015763 -0.000000 0.000000 -0.000000 -9.719192 -0.000010 5.172731 -7.104202 0.000000 0.000001 0.000002 -19.999990 0.000073 -51.286910 0.000001 -0.000001 0.000002 -21.000034 0.000077 -0.000002 -0.000000 0.000000 -6.500001 -3.255158 -11.802598 -0.000001 0.000000 -0.000000 -9.719195 -0.000019 -5.185905 20.912482 -0.000000 -0.000000 0.000003 -20.000010 -0.000358 -56.408019 -0.000000 0.000001 -0.000000 -20.999943 0.000342 -0.000003 0.000000 0.000000 6.498628 -3.255157 10.007558 -0.000000 0.000000 -0.000000 9.737182 -0.000019 5.180935 20.357398 0.000000 -0.000000 -0.000001 -19.993595 -0.505187 -61.860750 0.000000 -0.000000 -0.000001 -20.999954 0.017206 -0.000003 0.000000 -0.000000 6.500279 -3.255188 -11.808103 -0.000000 0.000000 -0.000000 9.735531 0.000001 -5.180399 35.343777 0.000000 -0.000000 0.000000 -20.000000 -0.000080 -53.179139 0.000000 -0.000000 0.000000 -20.999985 0.000104 0.000002 0.000000 -0.000000 
-2.573863 92.892693 0.926999 2.985789 0.000000 -0.000000 0.000000 0.000008 0.000000 -0.000000 0.000000 -0.000000 -6.500005 -3.255157 10.015763 -0.000000 0.000000 -0.000000 -9.719192 -0.000013 5.172732 -7.016721 0.000000 0.000001 0.000002 -19.999977 0.000067 -49.687458 0.000001 -0.000001 0.000002 -21.000031 0.000068 -0.000002 0.000000 0.000000 -6.500001 -3.255150 -11.802598 -0.000001 0.000000 -0.000000 -9.719195 -0.000024 -5.185902 22.540591 -0.000000 -0.000000 0.000001 -20.000011 -0.000362 -58.196886 -0.000000 0.000001 -0.000000 -20.999947 0.000343 -0.000001 0.000000 0.000000 6.498628 -3.255165 10.007559 -0.000000 0.000000 -0.000000 9.737182 -0.000021 5.180933 23.446861 0.000000 -0.000000 -0.000001 -19.993603 -0.505189 -64.820599 0.000000 -0.000000 -0.000001 -20.999958 0.017209 0.000001 -0.000000 0.000000 6.500278 -3.255180 -11.808103 -0.000000 0.000000 -0.000000 9.735531 0.000007 -5.180398 36.922708 0.000000 -0.000000 0.000000 -19.999998 -0.000093 -54.385310 0.000000 -0.000000 -0.000001 -20.999985 0.000101 -0.000000 0.000000 -0.000000 
-2.573863 92.616631 2.609613 3.009563 0.000000 -0.000000 0.000000 0.000008 0.000000 -0.000000 0.000000 -0.000000 -6.500005 -3.255150 10.015763 -0.000000 0.000000 -0.000000 -9.719192 -0.000013 5.172732 -1.439056 0.000000 0.000001 -0.000000 -19.999987 0.000069 -49.876944 0.000001 -0.000001 -0.000002 -21.000034 0.000070 -0.000002 0.000000 0.000000 -6.500001 -3.255150 -11.802597 -0.000001 0.000000 -0.000000 -9.719195 -0.000030 -5.185900 25.688995 -0.000000 -0.000000 0.000003 -20.000006 -0.000362 -59.981929 -0.000000 0.000001 0.000004 -20.999943 0.000348 -0.000003 -0.000000 -0.000000 6.498628 -3.255150 10.007560 -0.000000 0.000000 -0.000000 9.737182 -0.000017 5.180935 28.193266 0.000001 -0.000000 0.000000 -19.993603 -0.505206 -67.147125 0.000000 -0.000000 0.000001 -20.999947 0.017203 0.000001 0.000000 0.000000 6.500279 -3.255180 -11.808103 -0.000000 0.000000 -0.000000 9.735531 0.000010 -5.180397 37.996428 0.000000 -0.000000 0.000000 -20.000004 -0.000085 -55.841950 0.000000 -0.000000 0.000001 -20.999977 0.000104 -0.000000 0.000000 -0.000000 
-2.573863 92.256737 4.130876 3.340852 0.000000 -0.000000 0.000000 0.000008 -0.000000 -0.000000 0.000000 -0.000000 -6.500005 -3.255150 10.015764 -0.000000 0.000000 -0.000000 -9.719192 -0.000008 5.172736 3.000921 0.000000 0.000001 -0.000000 -19.999983 0.000067 -55.106294 0.000001 -0.000001 -0.000000 -21.000031 0.000076 -0.000003 0.000000 0.000000 -6.500000 -3.255150 -11.802598 -0.000000 -0.000000 -0.000000 -9.719197 -0.000024 -5.185899 28.487725 -0.000000 -0.000000 -0.000001 -20.000006 -0.000363 -61.497043 -0.000000 0.000001 0.000000 -20.999939 0.000350 0.000000 -0.000000 -0.000000 6.498628 -3.255157 10.007559 -0.000000 0.000000 -0.000000 9.737182 -0.000000 5.180935 31.659798 0.000000 -0.000000 -0.000001 -19.993610 -0.505198 -69.510767 0.000000 0.000000 -0.000001 -20.999950 0.017215 0.000001 0.000000 -0.000000 6.500279 -3.255180 -11.808103 -0.000000 0.000000 -0.000000 9.735531 0.000007 -5.180400 39.861995 0.000000 -0.000000 0.000001 -20.000004 -0.000082 -56.825620 0.000000 -0.000000 0.000001 -20.999977 0.000102 0.000001 0.000000 -0.000000 
-2.573863 91.978722 5.648980 3.764592 0.000000 -0.000000 0.000000 0.000000 -0.000000 -0.000000 0.000000 -0.000000 -6.500005 -3.255157 10.015763 -0.000000 0.000000 -0.000000 -9.719192 -0.000022 5.172734 7.558150 0.000000 0.000001 -0.000002 -19.999975 0.000066 -61.265964 0.000001 -0.000001 0.000000 -21.000034 0.000083 0.000002 -0.000000 -0.000000 -6.500001 -3.255157 -11.802598 -0.000000 0.000000 -0.000000 -9.719196 -0.000028 -5.185908 30.944537 -0.000001 -0.000000 0.000001 -20.000000 -0.000364 -62.151163 -0.000000 0.000001 -0.000000 -20.999939 0.000348 0.000000 0.000000 0.000000 6.498628 -3.255165 10.007560 -0.000000 0.000000 -0.000000 9.737182 -0.000011 5.180926 34.657886 0.000000 -0.000000 -0.000003 -19.993603 -0.505194 -71.207447 0.000000 -0.000000 -0.000001 -20.999947 0.017218 0.000001 0.000000 -0.000000 6.500279 -3.255180 -11.808105 -0.000000 0.000000 -0.000000 9.735531 -0.000005 -5.180403 41.478783 0.000000 -0.000000 0.000000 -20.000008 -0.000085 -56.815566 0.000000 -0.000000 0.000000 -20.999989 0.000101 -0.000000 0.000000 -0.000000 
-2.573863 91.939926 7.165504 4.257672 0.000000 -0.000000 0.000000 0.000000 -0.000000 -0.000000 0.000000 -0.000000 -6.500005 -3.255157 10.015762 -0.000000 0.000000 -0.000000 -9.719192 -0.000010 5.172733 11.057584 0.000000 0.000001 0.000000 -19.999983 0.000076 -64.735502 0.000001 -0.000001 0.000002 -21.000034 0.000077 -0.000000 -0.000000 0.000000 -6.500000 -3.255157 -11.802598 -0.000000 -0.000000 -0.000000 -9.719196 -0.000026 -5.185905 32.264219 -0.000001 0.000000 0.000001 -19.999996 -0.000364 -60.990099 -0.000000 0.000001 0.000000 -20.999939 0.000349 0.000002 -0.000000 -0.000000 6.498628 -3.255165 10.007560 -0.000000 0.000000 -0.000000 9.737182 -0.000010 5.180928 36.914608 -0.000000 0.000000 -0.000001 -19.993607 -0.505206 -71.541648 0.000000 0.000000 -0.000003 -20.999947 0.017215 0.000001 0.000000 0.000000 6.500279 -3.255188 -11.808103 -0.000000 0.000000 -0.000000 9.735531 0.000002 -5.180400 42.073624 0.000000 -0.000000 0.000000 -20.000002 -0.000082 -54.702500 0.000000 -0.000000 0.000001 -20.999981 0.000099 -0.000000 0.000000 -0.000000 
-2.573863 91.995865 8.682030 4.796978 0.000000 -0.000000 0.000000 0.000000 -0.000000 -0.000000 0.000000 -0.000000 -6.500005 -3.255150 10.015763 -0.000000 0.000000 -0.000000 -9.719192 -0.000022 5.172736 14.161316 0.000000 0.000001 -0.000002 -19.999990 0.000069 -67.298332 0.000001 -0.000001 0.000000 -21.000034 0.000079 -0.000000 0.000000 -0.000000 -6.500001 -3.255158 -11.802598 -0.000001 0.000000 -0.000000 -9.719194 -0.000020 -5.185906 32.985678 -0.000001 -0.000000 -0.000001 -19.999994 -0.000367 -58.837148 -0.000000 0.000001 -0.000002 -20.999947 0.000348 -0.000001 0.000000 0.000000 6.498628 -3.255165 10.007558 -0.000000 0.000000 -0.000000 9.737182 -0.000012 5.180941 38.746256 0.000000 -0.000000 -0.000001 -19.993605 -0.505198 -71.158038 0.000000 -0.000000 -0.000001 -20.999943 0.017215 0.000001 0.000000 -0.000000 6.500279 -3.255180 -11.808103 -0.000000 0.000000 -0.000000 9.735531 0.000006 -5.180394 42.141191 0.000000 -0.000000 -0.000001 -20.000011 -0.000074 -51.528498 0.000000 -0.000000 0.000001 -20.999981 0.000101 0.000000 0.000000 -0.000000 
-2.573863 92.036575 10.200134 5.359398 0.000000 -0.000000 0.000000 0.000008 -0.000000 -0.000000 0.000000 -0.000000 -6.500005 -3.255150 10.015759 0.000000 0.000000 -0.000000 -9.719192 -0.000010 5.172731 17.178908 0.000000 0.000001 0.000000 -19.999983 0.000073 -69.634236 0.000001 -0.000001 0.000002 -21.000038 0.000072 -0.000002 0.000000 0.000000 -6.500001 -3.255157 -11.802598 -0.000000 0.000000 -0.000000 -9.719196 -0.000018 -5.185905 33.445701 -0.000001 -0.000000 0.000001 -20.000000 -0.000357 -56.329800 -0.000000 0.000001 -0.000000 -20.999943 0.000346 0.000000 0.000000 -0.000000 6.498628 -3.255150 10.007557 0.000000 0.000000 -0.000000 9.737182 -0.000016 5.180935 40.429536 0.000000 -0.000000 -0.000001 -19.993607 -0.505200 -70.571441 0.000000 -0.000000 -0.000001 -20.999954 0.017213 0.000001 0.000000 -0.000000 6.500278 -3.255180 -11.808104 0.000000 0.000000 -0.000000 9.735531 0.000000 -5.180398 41.806283 0.000000 -0.000000 0.000000 -20.000000 -0.000087 -47.728607 0.000000 -0.000000 0.000000 -20.999973 0.000099 0.000000 0.000000 -0.000000 
-2.573863 92.115845 11.721395 5.921818 0.000000 -0.000000 0.000000 0.000000 0.000000 -0.000000 0.000000 -0.000000 -6.500005 -3.255150 10.015765 -0.000000 0.000000 -0.000000 -9.719192 -0.000012 5.172739 19.992913 0.000001 0.000001 0.000000 -19.999977 0.000077 -71.433697 0.000001 -0.000001 -0.000000 -21.000042 0.000077 -0.000000 -0.000000 0.000000 -6.500001 -3.255150 -11.802598 -0.000001 0.000000 -0.000000 -9.719196 -0.000025 -5.185899 33.455588 -0.000001 -0.000000 -0.000001 -20.000004 -0.000363 -53.071246 -0.000000 0.000001 -0.000000 -20.999935 0.000346 -0.000000 0.000000 0.000000 6.498628 -3.255157 10.007557 -0.000000 0.000000 -0.000000 9.737182 -0.000015 5.180927 41.810231 0.000000 -0.000000 -0.000001 -19.993612 -0.505188 -69.475817 0.000000 -0.000000 -0.000001 -20.999954 0.017214 -0.000001 0.000000 -0.000000 6.500279 -3.255180 -11.808104 -0.000000 0.000000 -0.000000 9.735531 0.000004 -5.180401 41.405201 0.000000 -0.000000 0.000000 -20.000008 -0.000080 -44.014692 0.000000 -0.000000 0.000000 -20.999981 0.000099 -0.000000 0.000000 -0.000000 
-2.573863 92.215973 13.246981 6.461126 0.000000 -0.000000 0.000000 -0.000000 -0.000000 -0.000000 0.000000 -0.000000 -6.500005 -3.255150 10.015763 -0.000000 0.000000 -0.000000 -9.719192 0.000001 5.172734 22.680584 0.000001 0.000001 -0.000002 -19.999987 0.000072 -72.793014 0.000001 -0.000001 0.000000 -21.000034 0.000071 0.000002 -0.000000 -0.000000 -6.500001 -3.255150 -11.802599 -0.000001 0.000000 -0.000000 -9.719196 -0.000021 -5.185898 32.431661 -0.000001 -0.000000 0.000003 -19.999994 -0.000359 -48.262451 -0.000000 0.000001 -0.000002 -20.999939 0.000349 -0.000000 -0.000000 -0.000000 6.498628 -3.255165 10.007558 -0.000000 0.000000 -0.000000 9.737182 -0.000003 5.180947 42.957799 0.000000 -0.000000 -0.000001 -19.993605 -0.505185 -67.955977 0.000000 -0.000000 0.000000 -20.999950 0.017212 -0.000001 0.000000 -0.000000 6.500279 -3.255173 -11.808105 -0.000000 0.000000 -0.000000 9.735531 0.000005 -5.180399 41.316757 0.000000 -0.000000 -0.000001 -20.000004 -0.000083 -41.281469 0.000000 -0.000000 0.000000 -20.999969 0.000099 0.000000 0.000000 -0.000000 
-2.573863 92.441513 14.779711 6.954204 0.000000 -0.000000 0.000000 0.000000 0.000000 -0.000000 0.000000 -0.000000 -6.500005 -3.255150 10.015763 -0.000000 0.000000 -0.000000 -9.719192 -0.000005 5.172736 24.967466 0.000001 0.000001 -0.000002 -19.999975 0.000073 -73.174760 0.000001 -0.000001 -0.000000 -21.000046 0.000077 0.000002 -0.000000 0.000000 -6.500001 -3.255150 -11.802598 -0.000001 0.000000 -0.000000 -9.719196 -0.000025 -5.185901 31.895559 -0.000001 -0.000000 0.000001 -20.000002 -0.000346 -43.747474 -0.000000 0.000001 0.000000 -20.999935 0.000350 0.000000 -0.000000 -0.000000 6.498628 -3.255157 10.007559 -0.000000 0.000000 -0.000000 9.737182 -0.000016 5.180934 43.478242 0.000000 -0.000000 0.000000 -19.993601 -0.505187 -65.354242 0.000000 -0.000000 -0.000001 -20.999966 0.017212 0.000001 0.000000 -0.000000 6.500279 -3.255180 -11.808105 -0.000000 0.000000 -0.000000 9.735531 0.000004 -5.180399 41.538164 0.000000 -0.000000 -0.000001 -20.000011 -0.000074 -39.415659 0.000000 -0.000000 0.000000 -20.999981 0.000101 0.000001 0.000000 -0.000000 
-2.573863 92.893951 16.323467 7.377946 0.000000 -0.000000 0.000000 0.000000 -0.000000 -0.000000 0.000000 -0.000000 -6.500005 -3.255157 10.015761 -0.000000 0.000000 -0.000000 -9.719192 -0.000021 5.172732 26.657836 0.000001 0.000001 0.000000 -19.999983 0.000070 -72.138976 0.000001 -0.000001 -0.000000 -21.000040 0.000081 0.000005 0.000000 0.000000 -6.500000 -3.255157 -11.802598 -0.000000 -0.000000 -0.000000 -9.719196 -0.000034 -5.185903 33.807476 -0.000001 -0.000000 -0.000001 -20.000002 -0.000354 -41.606418 -0.000000 0.000001 -0.000000 -20.999943 0.000347 0.000000 0.000000 0.000000 6.498628 -3.255173 10.007560 -0.000000 0.000000 -0.000000 9.737182 -0.000013 5.180931 42.913249 0.000000 -0.000000 -0.000002 -19.993603 -0.505188 -60.909421 -0.000000 -0.000000 -0.000001 -20.999947 0.017214 0.000001 0.000000 -0.000000 6.500279 -3.255188 -11.808105 -0.000000 0.000000 -0.000000 9.735531 0.000001 -5.180398 42.317735 0.000000 -0.000000 0.000000 -19.999996 -0.000086 -38.858483 0.000000 -0.000000 -0.000001 -20.999977 0.000102 0.000001 0.000000 -0.000000 
-2.573863 93.564827 17.876244 7.709235 0.000000 -0.000000 -0.000000 0.000000 -0.000001 -0.000000 0.000000 -0.000000 -6.500005 -3.255157 10.015762 -0.000000 0.000000 -0.000000 -9.719192 -0.000011 5.172734 27.592769 0.000000 0.000001 -0.000002 -19.999977 0.000081 -69.489600 0.000001 -0.000001 -0.000000 -21.000046 0.000064 0.000002 0.000000 0.000000 -6.500001 -3.255157 -11.802598 -0.000000 0.000000 -0.000000 -9.719196 -0.000008 -5.185908 36.268089 -0.000001 -0.000000 -0.000001 -20.000000 -0.000352 -40.332195 -0.000000 0.000001 -0.000000 -20.999950 0.000349 -0.000000 0.000000 0.000000 6.498628 -3.255165 10.007560 -0.000000 0.000000 -0.000000 9.737182 -0.000018 5.180943 41.525214 0.000000 -0.000000 -0.000003 -19.993610 -0.505198 -55.016945 0.000000 -0.000000 -0.000002 -20.999947 0.017213 0.000000 0.000000 -0.000000 6.500278 -3.255188 -11.808104 -0.000000 0.000000 -0.000000 9.735531 0.000013 -5.180401 43.280836 0.000000 -0.000000 0.000000 -20.000000 -0.000089 -38.841100 0.000000 -0.000000 0.000000 -20.999981 0.000102 0.000001 0.000000 -0.000000 
-2.573863 94.517487 19.438663 7.925986 0.000000 -0.000000 0.000000 0.000008 0.000000 -0.000000 0.000000 -0.000000 -6.500005 -3.255150 10.015760 -0.000000 0.000000 -0.000000 -9.719192 -0.000015 5.172734 27.567494 0.000000 0.000001 0.000000 -19.999971 0.000071 -64.923789 0.000001 -0.000001 -0.000000 -21.000034 0.000071 0.000002 0.000000 0.000000 -6.500000 -3.255150 -11.802598 -0.000000 -0.000000 -0.000000 -9.719196 -0.000012 -5.185903 37.880967 -0.000001 -0.000000 -0.000001 -20.000000 -0.000359 -38.777955 -0.000000 0.000001 0.000002 -20.999947 0.000349 0.000000 0.000000 -0.000000 6.498628 -3.255157 10.007559 -0.000000 0.000000 -0.000000 9.737182 -0.000014 5.180928 39.169673 -0.000000 0.000000 -0.000001 -19.993610 -0.505193 -47.245692 -0.000000 -0.000000 -0.000001 -20.999950 0.017213 0.000000 -0.000000 0.000000 6.500278 -3.255173 -11.808105 -0.000000 0.000000 -0.000000 9.735531 0.000007 -5.180398 44.089226 0.000000 -0.000000 -0.000001 -20.000000 -0.000089 -38.628169 0.000000 -0.000000 0.000000 -20.999985 0.000101 -0.000000 0.000000 -0.000000 
-2.573863 95.638008 21.006744 8.001999 0.000000 -0.000000 0.000000 0.000008 -0.000000 -0.000000 0.000000 -0.000000 -6.500005 -3.255150 10.015763 0.000001 0.000000 -0.000000 -9.719192 -0.000006 5.172732 26.523785 0.000000 0.000001 -0.000000 -19.999977 0.000078 -58.322043 0.000001 -0.000001 0.000002 -21.000038 0.000075 -0.000000 -0.000000 -0.000000 -6.500001 -3.255150 -11.802597 -0.000000 0.000000 -0.000000 -9.719196 -0.000024 -5.185906 39.097601 -0.000001 -0.000000 -0.000001 -19.999994 -0.000359 -37.943169 -0.000000 0.000001 -0.000000 -20.999947 0.000349 0.000000 0.000000 0.000000 6.498628 -3.255158 10.007560 0.000001 0.000000 -0.000000 9.737182 -0.000013 5.180928 36.608766 -0.000001 0.000000 -0.000001 -19.993599 -0.505194 -39.314152 0.000000 0.000000 -0.000001 -20.999950 0.017214 0.000000 0.000000 0.000000 6.500279 -3.255188 -11.808103 0.000001 0.000000 -0.000000 9.735531 0.000008 -5.180402 44.882054 0.000000 -0.000000 0.000000 -20.000002 -0.000089 -38.560492 0.000000 -0.000000 0.000000 -20.999981 0.000102 0.000001 0.000000 -0.000000 
-2.573863 96.856796 22.577656 7.895613 0.000000 -0.000000 0.000000 0.000008 -0.000000 -0.000000 0.000000 -0.000000 -6.500005 -3.255142 10.015764 0.000001 0.000000 -0.000000 -9.719192 -0.000003 5.172735 23.454721 0.000000 0.000001 -0.000000 -19.999981 0.000077 -47.556988 0.000000 -0.000001 -0.000002 -21.000038 0.000072 -0.000000 0.000000 0.000000 -6.500001 -3.255150 -11.802598 -0.000000 0.000000 -0.000000 -9.719196 -0.000020 -5.185906 39.692050 -0.000001 -0.000000 -0.000001 -19.999998 -0.000365 -38.421228 -0.000000 0.000001 0.000002 -20.999943 0.000349 0.000000 0.000000 0.000000 6.498628 -3.255158 10.007554 0.000001 0.000000 -0.000000 9.737182 -0.000016 5.180927 34.274521 -0.000000 0.000000 -0.000000 -19.993610 -0.505186 -32.076440 -0.000000 0.000000 -0.000000 -20.999950 0.017214 -0.000000 -0.000000 0.000000 6.500279 -3.255172 -11.808104 0.000001 0.000000 -0.000000 9.735531 0.000007 -5.180394 45.515684 0.000000 -0.000000 0.000000 -20.000008 -0.000085 -38.109348 0.000000 -0.000000 -0.000001 -20.999985 0.000100 -0.000001 0.000000 -0.000000 
-2.573863 98.104248 24.148567 7.631136 0.000000 -0.000000 0.000000 0.000000 0.000000 -0.000000 0.000000 -0.000000 -6.500005 -3.255150 10.015764 -0.000000 0.000000 -0.000000 -9.719192 -0.000007 5.172732 21.001708 0.000000 0.000000 0.000001 -19.999977 0.000065 -38.349449 0.000000 -0.000001 -0.000002 -21.000042 0.000074 0.000001 -0.000000 -0.000000 -6.500001 -3.255150 -11.802599 -0.000001 0.000000 -0.000000 -9.719194 -0.000019 -5.185905 40.300230 -0.000001 -0.000000 -0.000001 -19.999998 -0.000358 -40.283551 -0.000000 0.000001 0.000002 -20.999935 0.000348 0.000000 -0.000000 -0.000000 6.498628 -3.255165 10.007557 -0.000000 0.000000 -0.000000 9.737182 -0.000016 5.180932 33.012691 0.000000 -0.000000 -0.000001 -19.993603 -0.505191 -27.694686 0.000000 -0.000000 0.000000 -20.999958 0.017213 -0.000000 0.000000 -0.000000 6.500279 -3.255180 -11.808105 -0.000000 0.000000 -0.000000 9.735531 0.000001 -5.180398 46.500088 0.000000 -0.000000 0.000000 -20.000004 -0.000082 -39.148032 0.000000 -0.000000 0.000000 -20.999985 0.000102 0.000001 0.000000 -0.000000 
-2.573863 99.310776 25.716648 7.207115 0.000000 -0.000000 0.000000 0.000008 -0.000001 -0.000000 0.000000 -0.000000 -6.500005 -3.255142 10.015766 0.000000 0.000000 -0.000000 -9.719193 -0.000013 5.172741 22.221752 0.000000 0.000000 0.000001 -19.999985 0.000073 -37.353096 0.000000 -0.000001 -0.000002 -21.000034 0.000069 -0.000000 0.000000 0.000000 -6.500001 -3.255142 -11.802597 -0.000000 0.000000 -0.000000 -9.719196 -0.000021 -5.185904 41.618272 -0.000001 -0.000000 0.000003 -20.000015 -0.000348 -43.992774 -0.000000 0.000001 0.000002 -20.999943 0.000349 -0.000000 0.000000 -0.000000 6.498628 -3.255157 10.007559 0.000000 0.000000 -0.000000 9.737182 -0.000015 5.180928 34.145991 -0.000000 0.000000 -0.000000 -19.993607 -0.505193 -29.457715 0.000000 0.000000 -0.000001 -20.999954 0.017213 0.000001 -0.000000 -0.000000 6.500279 -3.255180 -11.808103 0.000000 0.000000 -0.000000 9.735531 0.000012 -5.180404 48.565865 0.000000 -0.000000 0.000001 -20.000008 -0.000087 -43.821387 0.000000 -0.000000 0.000001 -20.999977 0.000102 0.000001 0.000000 -0.000000 
-2.573863 100.406754 27.279064 6.659192 0.000000 -0.000000 -0.000000 0.000000 0.000001 -0.000000 0.000000 -0.000000 -6.500005 -3.255150 10.015763 -0.000000 0.000000 -0.000000 -9.719192 -0.000006 5.172739 24.861141 0.000000 0.000000 -0.000001 -19.999981 0.000074 -39.641930 0.000000 -0.000001 -0.000000 -21.000038 0.000078 0.000001 -0.000000 -0.000000 -6.500001 -3.255150 -11.802597 -0.000001 0.000000 -0.000000 -9.719196 -0.000034 -5.185905 43.239756 -0.000001 -0.000000 0.000001 -20.000004 -0.000370 -48.968628 -0.000000 0.000001 -0.000000 -20.999935 0.000347 -0.000000 0.000000 0.000000 6.498628 -3.255157 10.007559 -0.000000 0.000000 -0.000000 9.737182 -0.000006 5.180926 36.675541 -0.000001 0.000000 -0.000001 -19.993616 -0.505190 -34.839415 -0.000000 0.000000 -0.000000 -20.999954 0.017213 -0.000000 -0.000000 0.000000 6.500278 -3.255180 -11.808104 -0.000000 0.000000 -0.000000 9.735531 0.000003 -5.180391 50.907517 0.000000 -0.000000 0.000000 -20.000004 -0.000089 -50.786025 0.000000 -0.000000 0.000000 -20.999985 0.000101 0.000000 0.000000 -0.000000 
-2.573863 101.296097 28.830990 6.013743 0.000000 -0.000000 0.000000 0.000008 0.000002 -0.000000 0.000000 -0.000000 -6.500005 -3.255157 10.015763 -0.000000 0.000000 -0.000000 -9.719192 0.000001 5.172737 27.556381 0.000000 0.000000 -0.000002 -19.999981 0.000078 -42.094282 0.000000 -0.000001 -0.000000 -21.000046 0.000079 -0.000000 0.000000 0.000000 -6.500000 -3.255150 -11.802596 -0.000000 -0.000000 -0.000000 -9.719196 -0.000032 -5.185894 45.068262 -0.000001 0.000000 0.000001 -20.000004 -0.000362 -54.947957 -0.000000 0.000001 0.000000 -20.999939 0.000347 -0.000000 -0.000000 -0.000000 6.498628 -3.255165 10.007557 -0.000000 0.000000 -0.000000 9.737182 -0.000009 5.180930 40.268063 -0.000000 0.000000 -0.000001 -19.993612 -0.505179 -42.807234 0.000000 -0.000000 0.000000 -20.999947 0.017212 0.000000 0.000000 -0.000000 6.500278 -3.255180 -11.808103 -0.000000 0.000000 -0.000000 9.735531 -0.000003 -5.180396 53.156418 0.000000 -0.000000 -0.000001 -20.000010 -0.000088 -60.004592 0.000000 -0.000000 0.000000 -20.999981 0.000101 0.000000 0.000000 -0.000000 
-2.573863 101.988754 30.375599 5.297137 0.000000 -0.000000 0.000000 0.000008 -0.000001 -0.000000 0.000000 -0.000000 -6.500005 -3.255150 10.015763 -0.000000 0.000000 -0.000000 -9.719192 -0.000015 5.172740 30.693798 0.000000 0.000001 -0.000000 -19.999987 0.000068 -45.950924 0.000000 -0.000001 -0.000000 -21.000031 0.000073 -0.000001 -0.000000 -0.000000 -6.500001 -3.255150 -11.802596 -0.000000 0.000000 -0.000000 -9.719196 -0.000024 -5.185903 46.870008 -0.000001 -0.000000 0.000001 -20.000004 -0.000361 -61.442107 -0.000000 0.000001 0.000000 -20.999931 0.000351 -0.000000 -0.000000 -0.000000 6.498628 -3.255150 10.007561 -0.000000 0.000000 -0.000000 9.737182 -0.000024 5.180938 44.249480 0.000000 -0.000000 -0.000002 -19.993622 -0.505188 -52.169364 0.000000 -0.000000 0.000000 -20.999966 0.017213 0.000000 0.000000 -0.000000 6.500279 -3.255173 -11.808101 -0.000000 0.000000 -0.000000 9.735531 0.000003 -5.180392 54.732464 0.000000 -0.000000 0.000000 -20.000002 -0.000088 -69.703836 0.000000 -0.000000 -0.000001 -20.999977 0.000101 -0.000000 0.000000 -0.000000 
-2.573863 102.435394 31.913128 4.535746 0.000000 -0.000000 -0.000000 0.000015 -0.000001 -0.000000 0.000000 -0.000000 -6.500005 -3.255150 10.015761 -0.000000 0.000000 -0.000000 -9.719192 -0.000005 5.172737 34.430181 0.000000 0.000001 -0.000000 -19.999983 0.000082 -51.806541 0.000001 -0.000001 0.000002 -21.000031 0.000072 -0.000000 -0.000000 -0.000000 -6.500001 -3.255142 -11.802596 0.000000 0.000000 0.000000 -9.719195 -0.000019 -5.185908 48.519680 -0.000000 -0.000000 0.000001 -20.000011 -0.000357 -68.142666 -0.000001 0.000001 -0.000002 -20.999943 0.000347 -0.000001 -0.000000 -0.000000 6.498628 -3.255150 10.007558 -0.000000 0.000000 -0.000000 9.737182 -0.000015 5.180937 47.897480 0.000000 0.000000 0.000000 -19.993603 -0.505180 -61.485315 -0.000000 0.000000 0.000000 -20.999954 0.017212 0.000001 -0.000000 0.000000 6.500278 -3.255173 -11.808101 -0.000000 0.000000 -0.000000 9.735531 0.000000 -5.180395 54.822920 0.000000 -0.000000 0.000000 -20.000008 -0.000084 -78.189226 0.000000 -0.000000 0.000000 -20.999981 0.000102 -0.000001 0.000000 -0.000000 
-2.573863 102.717873 33.447567 3.755941 0.000000 -0.000000 0.000000 -0.000008 0.000002 -0.000000 0.000000 -0.000000 -6.500005 -3.255157 10.015762 -0.000000 0.000000 -0.000000 -9.719192 -0.000012 5.172730 38.090602 0.000000 0.000001 -0.000000 -20.000004 0.000079 -58.477757 0.000001 -0.000001 -0.000004 -21.000042 0.000071 -0.000000 0.000000 0.000000 -6.500001 -3.255165 -11.802600 -0.000000 0.000000 -0.000000 -9.719195 -0.000015 -5.185898 49.595407 -0.000000 -0.000001 0.000001 -20.000000 -0.000364 -74.245768 -0.000001 0.000001 -0.000000 -20.999943 0.000348 0.000000 0.000000 0.000000 6.498628 -3.255165 10.007561 -0.000000 0.000000 -0.000000 9.737182 -0.000021 5.180934 51.023265 0.000000 -0.000000 0.000000 -19.993614 -0.505195 -70.468564 0.000000 -0.000000 -0.000003 -20.999947 0.017214 0.000001 0.000000 -0.000000 6.500279 -3.255196 -11.808105 -0.000000 0.000000 -0.000000 9.735531 -0.000002 -5.180387 53.757093 0.000000 -0.000000 -0.000002 -19.999998 -0.000075 -85.187499 0.000000 -0.000000 -0.000001 -20.999989 0.000102 0.000001 0.000000 -0.000000 
-2.573863 102.895355 34.983498 2.984092 0.000000 -0.000000 0.000000 0.000008 0.000002 0.000000 0.000000 -0.000000 -6.500005 -3.255157 10.015764 0.000000 0.000000 -0.000000 -9.719192 -0.000008 5.172737 41.055980 0.000000 0.000001 0.000002 -19.999987 0.000067 -65.047068 0.000001 -0.000001 -0.000000 -21.000038 0.000077 0.000002 0.000000 0.000000 -6.500001 -3.255157 -11.802593 0.000000 0.000000 0.000000 -9.719193 -0.000006 -5.185895 49.600929 -0.000000 -0.000000 0.000001 -19.999998 -0.000362 -78.715560 -0.000001 0.000001 0.000000 -20.999947 0.000349 0.000000 -0.000000 -0.000000 6.498628 -3.255165 10.007560 0.000000 0.000000 -0.000000 9.737182 -0.000011 5.180935 53.163163 0.000000 -0.000000 -0.000001 -19.993610 -0.505197 -78.352850 -0.000000 -0.000000 0.000000 -20.999947 0.017209 -0.000001 -0.000000 -0.000000 6.500279 -3.255188 -11.808099 0.000000 0.000000 -0.000000 9.735531 0.000002 -5.180392 51.489555 0.000000 -0.000000 -0.000001 -20.000004 -0.000076 -89.624711 0.000000 -0.000000 0.000000 -20.999985 0.000113 0.000001 0.000000 -0.000000 
-2.573863 102.986496 36.519352 2.246572 0.000000 -0.000000 0.000000 0.000008 0.000002 -0.000000 0.000000 -0.000000 -6.500005 -3.255150 10.015761 0.000000 0.000000 -0.000000 -9.719192 -0.000013 5.172739 43.315420 0.000001 0.000001 -0.000002 -19.999992 0.000073 -71.311416 0.000001 -0.000001 -0.000002 -21.000042 0.000070 -0.000002 -0.000000 -0.000000 -6.500001 -3.255150 -11.802596 0.000000 0.000000 -0.000000 -9.719196 -0.000027 -5.185894 48.634294 -0.000001 -0.000000 0.000001 -20.000000 -0.000348 -81.939655 -0.000001 0.000001 0.000000 -20.999939 0.000343 -0.000001 0.000000 -0.000000 6.498628 -3.255157 10.007559 0.000000 0.000000 -0.000000 9.737182 -0.000009 5.180928 54.419375 0.000001 -0.000001 0.000001 -19.993616 -0.505193 -85.136867 0.000000 0.000000 -0.000002 -20.999950 0.017210 0.000001 0.000000 0.000000 6.500279 -3.255180 -11.808102 0.000000 0.000000 -0.000000 9.735531 0.000004 -5.180396 48.331815 0.000000 -0.000000 -0.000001 -19.999998 -0.000071 -92.208455 0.000000 -0.000000 0.000001 -20.999973 0.000104 -0.000001 0.000000 -0.000000 
-2.573863 103.030998 38.055111 1.583400 0.000000 -0.000000 0.000000 0.000000 -0.000000 -0.000000 0.000000 -0.000000 -6.500005 -3.255150 10.015764 -0.000000 0.000000 -0.000000 -9.719192 -0.000029 5.172730 44.629504 0.000001 0.000001 0.000000 -19.999990 0.000070 -76.681523 0.000001 -0.000001 -0.000000 -21.000034 0.000081 0.000003 0.000000 0.000000 -6.500000 -3.255150 -11.802599 -0.000000 -0.000000 -0.000000 -9.719196 -0.000030 -5.185903 46.538129 -0.000001 0.000000 -0.000001 -20.000017 -0.000353 -83.831365 -0.000001 0.000001 -0.000000 -20.999939 0.000342 -0.000003 0.000000 0.000000 6.498628 -3.255157 10.007560 -0.000000 0.000000 -0.000000 9.737182 -0.000009 5.180916 54.723182 0.000000 -0.000000 -0.000001 -19.993608 -0.505190 -90.520681 0.000000 -0.000000 -0.000002 -20.999954 0.017227 -0.000001 -0.000000 -0.000000 6.500279 -3.255180 -11.808104 -0.000000 0.000000 -0.000000 9.735531 -0.000009 -5.180395 44.567893 0.000000 -0.000000 0.000000 -19.999996 -0.000076 -93.134766 0.000000 -0.000000 0.000000 -20.999985 0.000094 -0.000001 0.000000 -0.000000 
-2.573863 103.024872 39.590775 0.980000 0.000000 -0.000000 0.000000 0.000000 -0.000001 -0.000000 0.000000 -0.000000 -6.500005 -3.255150 10.015759 -0.000000 0.000000 -0.000000 -9.719192 -0.000027 5.172734 45.064608 0.000001 0.000001 0.000000 -19.999983 0.000068 -81.398411 0.000001 -0.000001 0.000000 -21.000038 0.000081 -0.000000 -0.000000 -0.000000 -6.500001 -3.255157 -11.802600 -0.000001 0.000000 -0.000000 -9.719196 -0.000021 -5.185901 43.582467 -0.000001 -0.000000 0.000001 -19.999998 -0.000358 -84.777886 -0.000001 0.000001 0.000002 -20.999947 0.000342 0.000000 0.000000 -0.000000 6.498628 -3.255165 10.007556 -0.000000 0.000000 -0.000000 9.737182 -0.000017 5.180922 54.123648 0.000000 -0.000000 -0.000001 -19.993608 -0.505189 -94.633992 0.000000 -0.000000 0.000000 -20.999949 0.017214 -0.000005 0.000000 -0.000000 6.500279 -3.255188 -11.808105 -0.000000 0.000000 -0.000000 9.735531 0.000007 -5.180397 40.234821 0.000000 -0.000000 0.000001 -20.000004 -0.000094 -92.864509 0.000000 -0.000000 0.000001 -20.999977 0.000096 -0.000001 0.000000 -0.000000 
-2.573863 102.984619 41.126339 0.441735 0.000000 -0.000000 0.000000 0.000000 0.000001 -0.000000 0.000000 -0.000000 -6.500005 -3.255157 10.015762 -0.000000 0.000000 -0.000000 -9.719192 -0.000015 5.172740 44.599728 0.000001 0.000001 -0.000002 -19.999977 0.000062 -85.490671 0.000001 -0.000001 -0.000000 -21.000046 0.000081 0.000002 -0.000000 -0.000000 -6.500000 -3.255157 -11.802599 -0.000000 -0.000000 -0.000000 -9.719195 -0.000021 -5.185901 39.884408 -0.000001 -0.000000 0.000003 -20.000010 -0.000362 -85.172903 -0.000001 0.000001 0.000000 -20.999943 0.000346 -0.000001 -0.000000 -0.000000 6.498628 -3.255157 10.007556 -0.000000 0.000000 -0.000000 9.737182 -0.000013 5.180923 52.609775 -0.000000 -0.000000 0.000000 -19.993610 -0.505201 -97.409952 -0.000000 0.000000 0.000000 -20.999943 0.017207 -0.000003 -0.000000 0.000000 6.500279 -3.255180 -11.808104 -0.000000 0.000000 -0.000000 9.735531 0.000001 -5.180398 35.251286 0.000000 -0.000000 0.000000 -20.000002 -0.000072 -91.866557 0.000000 -0.000000 0.000000 -20.999973 0.000104 0.000001 0.000000 -0.000000 
-2.573863 102.888535 42.661812 -0.051194 0.000000 -0.000000 0.000000 0.000000 0.000003 0.000000 0.000000 -0.000000 -6.500005 -3.255157 10.015763 0.000000 0.000000 -0.000000 -9.719192 -0.000013 5.172736 43.257524 0.000001 0.000001 0.000000 -19.999985 0.000061 -89.006435 0.000001 -0.000001 0.000000 -21.000042 0.000066 0.000003 0.000000 0.000000 -6.500001 -3.255150 -11.802598 0.000000 0.000000 -0.000000 -9.719195 -0.000024 -5.185901 35.745300 -0.000000 -0.000001 0.000003 -20.000000 -0.000368 -84.910473 -0.000001 0.000001 0.000000 -20.999943 0.000354 -0.000001 -0.000000 -0.000000 6.498628 -3.255165 10.007558 0.000000 0.000000 -0.000000 9.737182 -0.000008 5.180930 50.292845 0.000000 -0.000000 0.000000 -19.993603 -0.505193 -99.138195 0.000000 -0.000000 -0.000001 -20.999950 0.017214 -0.000003 0.000000 -0.000000 6.500279 -3.255188 -11.808103 0.000000 0.000000 -0.000000 9.735531 0.000003 -5.180395 30.256331 0.000000 -0.000000 0.000000 -20.000006 -0.000080 -90.313146 0.000000 -0.000000 0.000000 -20.999985 0.000100 0.000001 0.000000 -0.000000 
-2.573863 102.718307 44.197197 -0.522800 0.000000 -0.000000 0.000000 0.000008 0.000001 -0.000000 0.000000 -0.000000 -6.500005 -3.255157 10.015767 -0.000000 0.000000 -0.000000 -9.719193 -0.000013 5.172731 41.002387 0.000001 0.000001 0.000002 -19.999983 0.000073 -92.068826 0.000002 -0.000001 0.000000 -21.000031 0.000081 -0.000002 -0.000000 -0.000000 -6.500000 -3.255150 -11.802597 -0.000000 -0.000000 -0.000000 -9.719195 -0.000020 -5.185905 31.405124 -0.000000 -0.000000 0.000003 -19.999998 -0.000355 -83.932179 -0.000001 0.000001 0.000002 -20.999943 0.000346 0.000000 0.000000 0.000000 6.498628 -3.255157 10.007561 -0.000000 0.000000 -0.000000 9.737182 -0.000010 5.180929 47.202423 -0.000000 0.000000 -0.000001 -19.993614 -0.505199 -100.042355 -0.000000 0.000000 0.000000 -20.999950 0.017199 0.000001 -0.000000 -0.000000 6.500279 -3.255180 -11.808103 -0.000000 0.000000 -0.000000 9.735531 0.000007 -5.180402 25.718498 0.000000 -0.000000 0.000000 -20.000002 -0.000085 -88.357936 0.000000 -0.000000 0.000000 -20.999981 0.000104 0.000001 0.000000 -0.000000 
-2.573863 102.480247 45.732468 -0.955078 0.000000 -0.000000 0.000000 0.000000 -0.000000 -0.000000 0.000000 -0.000000 -6.500005 -3.255150 10.015761 -0.000000 0.000000 -0.000000 -9.719193 -0.000007 5.172736 37.988160 0.000001 0.000001 0.000000 -19.999987 0.000078 -94.481604 0.000002 -0.000001 0.000002 -21.000042 0.000066 -0.000000 -0.000000 0.000000 -6.500001 -3.255150 -11.802598 -0.000001 0.000000 -0.000000 -9.719196 -0.000028 -5.185902 27.164880 -0.000001 -0.000000 0.000003 -20.000004 -0.000347 -82.489028 -0.000001 0.000001 0.000002 -20.999939 0.000348 0.000000 -0.000000 -0.000000 6.498628 -3.255157 10.007562 -0.000000 0.000000 -0.000000 9.737182 -0.000015 5.180930 43.572700 -0.000001 0.000001 -0.000003 -19.993618 -0.505194 -100.253694 0.000000 -0.000000 -0.000001 -20.999950 0.017215 -0.000001 0.000000 -0.000000 6.500279 -3.255180 -11.808105 -0.000000 0.000000 -0.000000 9.735531 -0.000001 -5.180396 22.067955 0.000000 -0.000000 0.000000 -19.999996 -0.000082 -86.525615 0.000000 -0.000000 0.000000 -20.999985 0.000107 0.000001 0.000000 -0.000000 
-2.573863 102.170975 47.267609 -1.333340 0.000000 -0.000000 0.000000 -0.000000 0.000002 -0.000000 0.000000 -0.000000 -6.500005 -3.255150 10.015765 -0.000000 0.000000 -0.000000 -9.719193 -0.000008 5.172730 34.241524 0.000001 0.000001 0.000000 -19.999989 0.000070 -96.050437 0.000002 -0.000001 0.000000 -21.000031 0.000070 -0.000000 -0.000000 -0.000000 -6.500000 -3.255142 -11.802594 -0.000001 -0.000000 -0.000000 -9.719196 -0.000030 -5.185898 23.469973 -0.000001 0.000000 0.000001 -19.999996 -0.000358 -81.170296 -0.000001 0.000001 -0.000000 -20.999949 0.000332 0.000004 -0.000000 0.000000 6.498628 -3.255157 10.007563 -0.000000 0.000000 -0.000000 9.737182 -0.000016 5.180937 39.607680 -0.000000 0.000000 -0.000001 -19.993614 -0.505207 -99.952708 -0.000000 0.000000 0.000000 -20.999950 0.017218 0.000001 0.000000 -0.000000 6.500279 -3.255180 -11.808103 -0.000000 0.000000 -0.000000 9.735531 0.000012 -5.180396 20.289029 0.000000 -0.000000 0.000000 -19.999990 -0.000079 -86.195915 0.000000 -0.000000 -0.000001 -20.999985 0.000096 0.000001 0.000000 -0.000000 
-2.573863 101.801117 48.802605 -1.671649 0.000000 -0.000000 0.000000 0.000000 0.000003 -0.000000 0.000000 -0.000000 -6.500005 -3.255150 10.015765 -0.000000 0.000000 -0.000000 -9.719192 -0.000009 5.172739 30.108273 0.000001 0.000001 0.000000 -19.999990 0.000078 -96.892906 0.000002 -0.000001 -0.000002 -21.000031 0.000075 -0.000002 0.000000 0.000000 -6.500001 -3.255150 -11.802598 -0.000000 0.000000 -0.000000 -9.719196 -0.000031 -5.185906 20.127131 -0.000001 -0.000000 0.000001 -19.999994 -0.000362 -78.902461 -0.000001 0.000001 0.000000 -20.999947 0.000338 0.000000 -0.000000 -0.000000 6.498628 -3.255150 10.007561 -0.000000 0.000000 -0.000000 9.737182 -0.000021 5.180941 35.427450 0.000000 -0.000000 -0.000001 -19.993618 -0.505207 -99.215683 0.000000 -0.000000 -0.000001 -20.999947 0.017218 0.000001 0.000000 -0.000000 6.500279 -3.255180 -11.808101 -0.000000 0.000000 -0.000000 9.735531 0.000011 -5.180396 19.187854 0.000000 -0.000000 0.000000 -20.000002 -0.000081 -84.957328 0.000000 -0.000000 -0.000001 -20.999985 0.000108 -0.000001 0.000000 -0.000000 
-2.573863 101.375885 50.337437 -1.977215 0.000000 -0.000000 0.000000 0.000000 -0.000002 -0.000000 0.000000 -0.000000 -6.500005 -3.255142 10.015763 -0.000000 0.000000 -0.000000 -9.719192 -0.000021 5.172729 25.821648 0.000001 0.000001 0.000002 -19.999992 0.000076 -96.963742 0.000002 -0.000001 -0.000000 -21.000034 0.000076 -0.000000 0.000000 0.000000 -6.500001 -3.255142 -11.802598 -0.000000 0.000000 0.000000 -9.719195 -0.000032 -5.185907 17.131475 -0.000000 -0.000000 0.000001 -19.999990 -0.000359 -74.533756 -0.000001 0.000001 0.000000 -20.999947 0.000355 0.000002 -0.000000 -0.000000 6.498628 -3.255150 10.007559 -0.000000 0.000000 -0.000000 9.737182 -0.000015 5.180923 31.207148 -0.000000 0.000000 -0.000001 -19.993618 -0.505200 -98.237450 -0.000000 -0.000000 -0.000001 -20.999950 0.017218 0.000001 0.000000 0.000000 6.500279 -3.255173 -11.808099 -0.000000 0.000000 -0.000000 9.735531 -0.000001 -5.180400 18.006429 -0.000000 0.000000 -0.000000 -19.999992 -0.000082 -80.582763 0.000000 0.000000 -0.000000 -20.999989 0.000106 -0.000001 0.000000 0.000000 
-2.573863 100.908249 51.872086 -2.255906 0.000000 -0.000000 0.000000 0.000008 0.000001 -0.000000 0.000000 -0.000000 -6.500005 -3.255150 10.015767 -0.000000 0.000000 -0.000000 -9.719192 -0.000008 5.172735 21.746016 0.000001 0.000001 0.000000 -19.999990 0.000071 -96.557339 0.000002 -0.000001 0.000002 -21.000038 0.000075 0.000002 -0.000000 -0.000000 -6.500001 -3.255150 -11.802596 -0.000000 0.000000 -0.000000 -9.719195 -0.000027 -5.185905 14.363200 -0.000000 -0.000000 0.000001 -19.999996 -0.000359 -68.888414 -0.000001 0.000001 0.000000 -20.999943 0.000346 0.000002 -0.000000 0.000000 6.498628 -3.255157 10.007560 -0.000000 0.000000 -0.000000 9.737182 -0.000013 5.180939 26.985423 -0.000001 0.000001 -0.000001 -19.993618 -0.505190 -96.843388 -0.000000 0.000000 -0.000000 -20.999958 0.017197 0.000001 -0.000000 0.000000 6.500279 -3.255180 -11.808103 -0.000000 0.000000 -0.000000 9.735531 0.000006 -5.180400 16.421515 0.000000 -0.000000 0.000000 -19.999998 -0.000090 -73.898733 0.000000 -0.000000 0.000000 -20.999985 0.000096 -0.000001 0.000000 -0.000000 
-2.573863 100.411758 53.406532 -2.521284 0.000000 -0.000000 0.000000 0.000008 0.000000 -0.000000 0.000000 -0.000000 -6.500005 -3.255150 10.015763 -0.000000 0.000000 -0.000000 -9.719192 0.000003 5.172730 18.357660 0.000001 0.000001 0.000000 -19.999975 0.000070 -95.889388 0.000002 -0.000001 -0.000002 -21.000038 0.000070 -0.000001 -0.000000 0.000000 -6.500001 -3.255150 -11.802596 -0.000000 0.000000 -0.000000 -9.719195 -0.000023 -5.185902 11.608598 -0.000000 -0.000000 0.000001 -19.999996 -0.000358 -61.940786 -0.000000 0.000001 -0.000000 -20.999939 0.000343 -0.000003 -0.000000 0.000000 6.498628 -3.255157 10.007562 -0.000000 0.000000 -0.000000 9.737182 0.000007 5.180936 22.774805 -0.000000 0.000000 -0.000001 -19.993626 -0.505188 -94.907452 0.000000 0.000000 -0.000000 -20.999962 0.017207 -0.000003 -0.000000 0.000000 6.500278 -3.255180 -11.808102 -0.000000 0.000000 -0.000000 9.735531 0.000001 -5.180402 13.470812 0.000000 -0.000000 -0.000001 -19.999998 -0.000082 -64.285761 -0.000000 -0.000000 0.000000 -20.999981 0.000089 0.000001 0.000000 -0.000000 
-2.573863 99.889839 54.940769 -2.757484 0.000000 -0.000000 0.000000 0.000000 0.000000 -0.000000 0.000000 -0.000000 -6.500005 -3.255157 10.015767 -0.000000 0.000000 -0.000000 -9.719192 -0.000009 5.172736 15.554059 0.000001 0.000001 -0.000001 -19.999981 0.000064 -95.150669 0.000002 -0.000001 -0.000000 -21.000038 0.000068 -0.000000 0.000000 0.000000 -6.500001 -3.255157 -11.802598 0.000000 0.000000 -0.000000 -9.719196 -0.000023 -5.185906 9.144429 -0.000001 -0.000000 0.000001 -19.999994 -0.000362 -55.088966 -0.000000 0.000001 -0.000000 -20.999947 0.000346 0.000002 0.000000 0.000000 6.498628 -3.255150 10.007554 -0.000000 0.000000 -0.000000 9.737182 -0.000022 5.180932 18.828825 0.000000 -0.000000 -0.000002 -19.993610 -0.505197 -92.479013 0.000000 -0.000000 -0.000002 -20.999958 0.017203 -0.000001 0.000000 -0.000000 6.500279 -3.255180 -11.808105 -0.000000 0.000000 -0.000000 9.735531 0.000008 -5.180404 10.313494 0.000001 -0.000000 0.000001 -19.999998 -0.000087 -53.854764 0.000000 0.000000 -0.000001 -20.999981 0.000092 -0.000001 0.000000 -0.000000 
-2.573863 99.348480 56.474770 -2.956003 0.000000 -0.000000 0.000000 0.000008 0.000002 -0.000000 0.000000 -0.000000 -6.500005 -3.255157 10.015760 -0.000000 0.000000 -0.000000 -9.719192 -0.000013 5.172726 13.495597 0.000001 0.000001 -0.000001 -19.999990 0.000076 -94.730721 0.000002 -0.000001 -0.000000 -21.000027 0.000078 0.000001 0.000000 0.000000 -6.500001 -3.255157 -11.802596 -0.000000 0.000000 -0.000000 -9.719196 -0.000031 -5.185908 7.261284 -0.000001 0.000000 0.000001 -19.999992 -0.000368 -50.036815 -0.000000 0.000001 0.000002 -20.999943 0.000354 0.000000 0.000000 -0.000000 6.498628 -3.255157 10.007552 -0.000000 0.000000 -0.000000 9.737182 -0.000030 5.180929 15.373441 0.000000 -0.000000 -0.000001 -19.993608 -0.505199 -89.557809 0.000000 -0.000000 -0.000000 -20.999939 0.017201 0.000001 0.000000 0.000000 6.500278 -3.255188 -11.808103 -0.000000 0.000000 -0.000000 9.735531 -0.000000 -5.180400 7.606863 0.000000 -0.000000 -0.000001 -20.000004 -0.000079 -44.105929 0.000000 -0.000000 -0.000000 -20.999973 0.000108 0.000001 0.000000 0.000000 
-2.573863 98.793625 58.008518 -3.108334 0.000000 -0.000000 0.000000 0.000008 -0.000003 0.000000 0.000000 -0.000000 -6.500005 -3.255142 10.015758 -0.000000 0.000000 -0.000000 -9.719192 0.000001 5.172734 11.869749 0.000001 0.000001 -0.000001 -19.999975 0.000079 -94.248920 0.000002 -0.000001 -0.000000 -21.000034 0.000073 0.000000 -0.000000 0.000000 -6.500001 -3.255150 -11.802606 -0.000000 0.000000 -0.000000 -9.719196 -0.000019 -5.185903 5.703949 -0.000001 -0.000000 0.000001 -20.000004 -0.000356 -45.841358 -0.000000 0.000001 0.000000 -20.999943 0.000338 0.000000 -0.000000 -0.000000 6.498628 -3.255150 10.007554 -0.000000 0.000000 -0.000000 9.737182 -0.000009 5.180940 12.503974 0.000000 -0.000000 0.000000 -19.993614 -0.505212 -86.166805 0.000000 -0.000000 -0.000001 -20.999943 0.017197 -0.000000 0.000000 -0.000000 6.500279 -3.255173 -11.808108 -0.000000 0.000000 -0.000000 9.735531 0.000007 -5.180401 5.894254 0.000000 -0.000000 0.000001 -20.000000 -0.000086 -36.251892 0.000000 -0.000000 0.000000 -20.999985 0.000100 0.000001 0.000000 -0.000000 
-2.573863 98.231247 59.541996 -3.222884 0.000000 -0.000000 0.000000 0.000000 0.000002 -0.000000 0.000000 -0.000000 -6.500005 -3.255150 10.015764 -0.000000 0.000000 -0.000000 -9.719193 -0.000001 5.172731 10.453352 0.000001 0.000001 -0.000001 -19.999977 0.000081 -93.725714 0.000002 -0.000001 -0.000002 -21.000034 0.000070 0.000000 0.000000 0.000000 -6.500001 -3.255150 -11.802602 -0.000000 0.000000 -0.000000 -9.719196 -0.000014 -5.185902 4.283706 -0.000001 -0.000000 0.000001 -19.999996 -0.000354 -42.036642 -0.000000 0.000001 0.000000 -20.999947 0.000349 0.000000 -0.000000 -0.000000 6.498628 -3.255157 10.007552 -0.000000 0.000000 -0.000000 9.737182 -0.000007 5.180931 10.571027 0.000000 -0.000000 -0.000001 -19.993603 -0.505198 -82.637332 0.000000 -0.000000 -0.000001 -20.999943 0.017201 0.000001 0.000000 -0.000000 6.500279 -3.255180 -11.808111 -0.000000 0.000000 -0.000000 9.735531 -0.000002 -5.180393 5.917441 -0.000000 0.000000 -0.000000 -19.999996 -0.000089 -31.922962 -0.000000 0.000000 0.000000 -20.999992 0.000098 0.000002 -0.000000 -0.000000 
-2.573863 97.667313 61.075184 -3.240405 0.000000 -0.000000 0.000000 0.000008 0.000001 -0.000000 0.000000 -0.000000 -6.500005 -3.255157 10.015766 -0.000000 0.000000 -0.000000 -9.719193 -0.000005 5.172742 9.138715 0.000000 0.000001 -0.000001 -19.999975 0.000077 -92.347620 0.000002 -0.000001 0.000002 -21.000034 0.000062 -0.000000 0.000000 0.000000 -6.500001 -3.255157 -11.802592 -0.000000 0.000000 -0.000000 -9.719196 -0.000017 -5.185908 3.091670 -0.000001 -0.000000 -0.000001 -20.000008 -0.000353 -38.895277 -0.000000 0.000001 -0.000000 -20.999947 0.000342 -0.000001 0.000000 0.000000 6.498628 -3.255165 10.007561 -0.000000 0.000000 -0.000000 9.737182 -0.000026 5.180938 9.034726 0.000000 -0.000000 0.000000 -19.993599 -0.505194 -78.044043 0.000000 -0.000000 -0.000001 -20.999943 0.017195 -0.000001 0.000000 -0.000000 6.500279 -3.255180 -11.808101 -0.000000 0.000000 -0.000000 9.735531 0.000012 -5.180396 7.738457 0.000000 -0.000000 0.000000 -20.000000 -0.000091 -31.366097 0.000000 -0.000000 0.000000 -20.999981 0.000100 0.000001 0.000000 -0.000000 
-2.573863 97.107788 62.608078 -3.104030 0.000000 -0.000000 0.000000 0.000008 0.000001 -0.000000 0.000000 -0.000000 -6.500005 -3.255150 10.015763 -0.000000 0.000000 -0.000000 -9.719193 -0.000002 5.172736 7.780047 0.000001 0.000001 -0.000001 -19.999994 0.000074 -89.021516 0.000001 -0.000001 0.000002 -21.000038 0.000079 -0.000000 -0.000000 0.000000 -6.500001 -3.255142 -11.802602 0.000000 0.000000 0.000000 -9.719196 -0.000028 -5.185909 2.070942 -0.000001 -0.000000 -0.000001 -19.999998 -0.000351 -36.367520 -0.000000 0.000001 0.000000 -20.999943 0.000350 -0.000001 -0.000000 -0.000000 6.498628 -3.255150 10.007560 -0.000000 0.000000 -0.000000 9.737182 -0.000012 5.180939 7.544062 0.000000 -0.000000 -0.000001 -19.993618 -0.505197 -71.371911 0.000000 -0.000000 -0.000001 -20.999958 0.017222 0.000001 -0.000000 -0.000000 6.500279 -3.255173 -11.808105 -0.000000 0.000000 -0.000000 9.735531 0.000018 -5.180396 12.399770 -0.000000 0.000000 0.000001 -19.999989 -0.000077 -36.910697 -0.000000 -0.000000 0.000000 -20.999977 0.000104 0.000001 0.000000 0.000000 
-2.573863 96.558624 64.140640 -2.815010 0.000000 -0.000000 0.000000 0.000000 -0.000001 -0.000000 0.000000 -0.000000 -6.500005 -3.255150 10.015759 -0.000000 0.000000 -0.000000 -9.719192 -0.000004 5.172736 6.268472 0.000001 0.000001 0.000000 -19.999975 0.000075 -84.606735 0.000001 -0.000001 -0.000002 -21.000034 0.000079 -0.000000 -0.000000 0.000000 -6.500001 -3.255150 -11.802604 -0.000000 0.000000 -0.000000 -9.719196 -0.000029 -5.185906 1.476853 -0.000001 -0.000000 -0.000001 -20.000002 -0.000359 -34.954542 -0.000000 0.000000 0.000000 -20.999943 0.000342 0.000000 -0.000000 -0.000000 6.498628 -3.255157 10.007553 -0.000000 0.000000 -0.000000 9.737182 -0.000018 5.180940 5.883049 0.000000 -0.000000 -0.000001 -19.993608 -0.505192 -63.221215 0.000000 -0.000000 -0.000001 -20.999958 0.017214 0.000001 0.000000 -0.000000 6.500279 -3.255173 -11.808108 -0.000000 0.000000 -0.000000 9.735531 0.000000 -5.180396 17.701852 0.000000 -0.000000 0.000001 -19.999998 -0.000085 -43.939853 0.000000 -0.000000 0.000000 -20.999989 0.000096 0.000001 0.000000 -0.000000 
-2.573863 96.025803 65.673645 -2.335890 0.000000 -0.000000 -0.000000 0.000000 0.000002 -0.000000 0.000000 -0.000000 -6.500005 -3.255157 10.015761 -0.000000 0.000000 -0.000000 -9.719192 0.000004 5.172730 4.412709 0.000001 0.000001 -0.000002 -19.999990 0.000081 -79.493293 0.000001 -0.000001 -0.000002 -21.000046 0.000073 -0.000000 -0.000000 -0.000000 -6.500000 -3.255157 -11.802603 -0.000000 -0.000000 -0.000000 -9.719196 -0.000030 -5.185900 1.289875 -0.000001 -0.000000 0.000001 -19.999996 -0.000359 -35.061721 -0.000000 0.000000 0.000000 -20.999943 0.000338 0.000002 -0.000000 -0.000000 6.498628 -3.255165 10.007561 -0.000000 0.000000 -0.000000 9.737182 -0.000005 5.180942 3.073767 -0.000000 0.000000 -0.000001 -19.993597 -0.505197 -52.463810 0.000000 0.000000 -0.000002 -20.999954 0.017202 0.000004 -0.000000 -0.000000 6.500278 -3.255180 -11.808103 -0.000000 0.000000 -0.000000 9.735531 -0.000000 -5.180400 21.504033 0.000000 -0.000000 -0.000000 -20.000004 -0.000085 -48.007740 -0.000000 0.000000 -0.000000 -20.999989 0.000107 0.000001 0.000000 0.000000 
-2.573863 95.515282 67.204742 -1.725932 0.000000 -0.000000 0.000000 0.000000 -0.000001 -0.000000 0.000000 -0.000000 -6.500005 -3.255157 10.015763 -0.000000 0.000000 -0.000000 -9.719192 -0.000016 5.172729 2.314177 0.000001 0.000001 -0.000002 -19.999987 0.000072 -73.996248 0.000001 -0.000001 -0.000000 -21.000031 0.000081 -0.000000 0.000000 0.000000 -6.500001 -3.255157 -11.802602 -0.000001 0.000000 -0.000000 -9.719194 -0.000035 -5.185907 2.277686 -0.000001 -0.000000 -0.000001 -19.999996 -0.000358 -36.926762 -0.000000 0.000001 -0.000002 -20.999943 0.000346 -0.000001 0.000000 0.000000 6.498628 -3.255165 10.007554 -0.000000 0.000000 -0.000000 9.737182 -0.000019 5.180933 1.050991 -0.000001 0.000000 -0.000001 -19.993610 -0.505195 -43.270129 0.000000 -0.000000 -0.000001 -20.999958 0.017203 0.000002 0.000000 -0.000000 6.500279 -3.255188 -11.808105 -0.000000 0.000000 -0.000000 9.735531 -0.000003 -5.180392 24.672178 0.000001 -0.000000 -0.000001 -19.999996 -0.000091 -50.930692 -0.000000 -0.000000 0.000001 -20.999989 0.000108 0.000001 0.000000 0.000000 
-2.573863 95.033035 68.731293 -1.020219 0.000000 -0.000000 0.000000 0.000008 0.000001 -0.000000 0.000000 -0.000000 -6.500005 -3.255157 10.015768 -0.000000 0.000000 -0.000000 -9.719192 0.000005 5.172726 0.040308 0.000000 0.000001 -0.000002 -19.999977 0.000068 -68.723396 0.000001 -0.000001 0.000002 -21.000046 0.000073 0.000002 -0.000000 -0.000000 -6.500001 -3.255150 -11.802600 -0.000001 0.000000 -0.000000 -9.719196 -0.000021 -5.185905 5.850053 -0.000001 0.000000 -0.000001 -20.000013 -0.000352 -41.732104 -0.000000 0.000001 -0.000000 -20.999943 0.000349 -0.000001 0.000000 -0.000000 6.498628 -3.255165 10.007564 -0.000000 0.000000 -0.000000 9.737182 -0.000007 5.180938 1.761345 -0.000000 0.000000 -0.000002 -19.993607 -0.505184 -40.069660 -0.000000 -0.000000 -0.000001 -20.999950 0.017199 0.000002 0.000000 0.000000 6.500279 -3.255173 -11.808103 -0.000000 0.000000 -0.000000 9.735531 0.000001 -5.180392 27.338573 0.000000 -0.000000 -0.000000 -19.999992 -0.000088 -53.033847 0.000000 0.000000 -0.000000 -20.999985 0.000102 -0.000001 0.000000 0.000000 
-2.573863 94.585007 70.254906 -0.253832 0.000000 -0.000000 0.000000 0.000008 0.000001 -0.000000 0.000000 -0.000000 -6.500005 -3.255142 10.015768 -0.000000 0.000000 -0.000000 -9.719192 -0.000003 5.172727 -2.498218 0.000000 0.000001 0.000000 -19.999979 0.000067 -63.186736 0.000001 -0.000001 0.000002 -21.000034 0.000074 -0.000000 0.000000 0.000000 -6.500001 -3.255142 -11.802596 -0.000001 0.000000 -0.000000 -9.719196 -0.000022 -5.185902 10.061181 -0.000001 -0.000000 0.000001 -20.000002 -0.000358 -47.049072 -0.000000 0.000001 -0.000000 -20.999939 0.000353 -0.000001 0.000000 0.000000 6.498628 -3.255157 10.007566 -0.000000 0.000000 -0.000000 9.737182 -0.000006 5.180932 4.191365 0.000000 -0.000000 -0.000001 -19.993608 -0.505195 -40.957106 0.000000 -0.000000 0.000000 -20.999954 0.017207 -0.000003 0.000000 -0.000000 6.500279 -3.255180 -11.808102 -0.000000 0.000000 -0.000000 9.735531 0.000010 -5.180394 29.563333 0.000000 -0.000000 0.000000 -19.999992 -0.000088 -54.345237 0.000000 -0.000000 0.000000 -20.999985 0.000100 -0.000001 0.000000 -0.000000 
-2.573863 94.177185 71.774780 0.538146 0.000000 -0.000000 0.000000 0.000000 -0.000000 -0.000000 0.000000 -0.000000 -6.500005 -3.255150 10.015761 -0.000000 0.000000 -0.000000 -9.719192 -0.000016 5.172725 -5.926375 0.000000 0.000001 -0.000002 -19.999987 0.000074 -56.099318 0.000001 -0.000001 0.000000 -21.000034 0.000070 -0.000000 0.000000 -0.000000 -6.500000 -3.255142 -11.802600 -0.000000 -0.000000 -0.000000 -9.719196 -0.000039 -5.185902 13.194349 -0.000000 -0.000000 0.000003 -20.000008 -0.000361 -50.508457 -0.000000 0.000001 0.000002 -20.999943 0.000338 0.000000 -0.000000 -0.000000 6.498628 -3.255157 10.007559 -0.000000 0.000000 -0.000000 9.737182 -0.000012 5.180929 8.397727 0.000000 -0.000000 -0.000002 -19.993610 -0.505199 -46.679159 -0.000000 -0.000000 -0.000001 -20.999958 0.017214 0.000001 -0.000000 -0.000000 6.500279 -3.255173 -11.808105 -0.000000 0.000000 -0.000000 9.735531 -0.000002 -5.180402 31.441208 -0.000000 0.000000 0.000001 -20.000000 -0.000073 -55.000952 -0.000000 0.000000 0.000001 -20.999981 0.000102 -0.000001 -0.000000 0.000000 
-2.573863 93.815521 73.295387 1.320631 0.000000 -0.000000 0.000000 0.000008 -0.000002 -0.000000 0.000000 -0.000000 -6.500005 -3.255150 10.015761 -0.000000 0.000000 -0.000000 -9.719193 -0.000012 5.172728 -8.569783 0.000001 0.000000 -0.000000 -19.999985 0.000070 -50.465727 0.000001 -0.000001 0.000002 -21.000038 0.000077 -0.000002 -0.000000 -0.000000 -6.500001 -3.255150 -11.802599 -0.000000 0.000000 -0.000000 -9.719195 -0.000029 -5.185904 15.972114 -0.000000 -0.000000 0.000001 -19.999990 -0.000360 -53.114259 -0.000000 0.000001 -0.000000 -20.999943 0.000350 -0.000003 0.000000 -0.000000 6.498628 -3.255150 10.007555 -0.000000 0.000000 -0.000000 9.737182 -0.000018 5.180944 13.116642 0.000000 -0.000000 -0.000002 -19.993603 -0.505194 -53.709264 0.000000 -0.000000 -0.000002 -20.999954 0.017203 0.000001 0.000000 -0.000000 6.500279 -3.255180 -11.808105 -0.000000 0.000000 -0.000000 9.735531 0.000008 -5.180401 33.000595 0.000000 -0.000000 0.000000 -20.000008 -0.000080 -55.001994 0.000000 -0.000000 -0.000001 -20.999992 0.000096 -0.000001 0.000000 -0.000000 
-2.573863 93.526794 74.822227 2.098820 0.000000 -0.000000 0.000000 0.000000 0.000005 -0.000000 0.000000 -0.000000 -6.500005 -3.255150 10.015751 -0.000000 0.000000 -0.000000 -9.719192 -0.000011 5.172734 -8.570538 0.000000 0.000000 -0.000000 -19.999977 0.000070 -50.169386 0.000001 -0.000001 -0.000002 -21.000034 0.000073 -0.000000 -0.000000 -0.000000 -6.500001 -3.255150 -11.802602 0.000000 0.000000 0.000000 -9.719193 -0.000022 -5.185905 18.513202 -0.000000 -0.000000 0.000001 -20.000004 -0.000363 -54.916852 -0.000000 0.000001 -0.000002 -20.999943 0.000346 -0.000001 0.000000 -0.000000 6.498628 -3.255165 10.007554 -0.000000 0.000000 -0.000000 9.737182 -0.000023 5.180939 16.805114 0.000000 -0.000000 -0.000001 -19.993620 -0.505181 -58.251624 0.000000 -0.000000 -0.000002 -20.999947 0.017207 -0.000001 0.000000 -0.000000 6.500279 -3.255188 -11.808105 -0.000000 0.000000 -0.000000 9.735531 0.000003 -5.180397 34.221228 0.000000 -0.000000 -0.000001 -20.000006 -0.000080 -53.965178 0.000000 -0.000000 0.000000 -20.999985 0.000100 0.000001 0.000000 -0.000000 
-2.573863 93.254532 76.351295 2.716796 0.000000 -0.000000 0.000000 0.000000 0.000000 -0.000000 0.000000 -0.000000 -6.500005 -3.255150 10.015771 -0.000000 0.000000 -0.000000 -9.719192 -0.000017 5.172729 -7.104202 0.000000 0.000001 0.000002 -19.999990 0.000077 -51.286910 0.000001 -0.000001 0.000002 -21.000031 0.000074 -0.000002 -0.000000 -0.000000 -6.500001 -3.255157 -11.802596 -0.000000 0.000000 -0.000000 -9.719195 -0.000027 -5.185911 20.912480 -0.000000 -0.000000 0.000003 -20.000010 -0.000350 -56.408019 -0.000000 0.000001 0.000000 -20.999943 0.000342 -0.000003 -0.000000 0.000000 6.498628 -3.255157 10.007558 -0.000000 0.000000 -0.000000 9.737182 -0.000026 5.180939 20.357398 0.000000 -0.000000 -0.000001 -19.993603 -0.505187 -61.860750 0.000000 -0.000000 -0.000001 -20.999947 0.017202 -0.000003 0.000000 -0.000000 6.500279 -3.255196 -11.808108 -0.000000 0.000000 -0.000000 9.735531 0.000001 -5.180403 35.343777 0.000000 -0.000000 0.000000 -20.000008 -0.000080 -53.179139 0.000000 -0.000000 0.000000 -20.999989 0.000098 0.000002 0.000000 -0.000000 
-2.573863 92.940392 77.881485 2.903251 0.000000 -0.000000 0.000000 0.000000 0.000004 -0.000000 0.000000 -0.000000 -6.500005 -3.255142 10.015767 -0.000000 0.000000 -0.000000 -9.719192 -0.000005 5.172721 -4.742356 0.000000 0.000001 -0.000000 -19.999992 0.000074 -49.921436 0.000001 -0.000001 0.000002 -21.000042 0.000073 -0.000000 -0.000000 -0.000000 -6.500001 -3.255150 -11.802594 -0.000000 0.000000 -0.000000 -9.719195 -0.000037 -5.185902 23.281034 -0.000000 -0.000000 0.000001 -20.000004 -0.000361 -58.265250 -0.000000 0.000001 -0.000002 -20.999939 0.000343 0.000000 0.000000 0.000000 6.498628 -3.255165 10.007561 -0.000000 0.000000 -0.000000 9.737182 -0.000008 5.180934 24.323847 0.000000 -0.000000 -0.000001 -19.993599 -0.505187 -64.759633 0.000000 -0.000000 -0.000001 -20.999962 0.017199 -0.000001 0.000000 -0.000000 6.500279 -3.255180 -11.808101 -0.000000 0.000000 -0.000000 9.735531 -0.000002 -5.180399 36.598916 0.000000 -0.000000 0.000000 -20.000000 -0.000086 -54.335753 0.000000 -0.000000 0.000000 -20.999989 0.000102 0.000001 0.000000 -0.000000 
-2.573863 92.616631 79.409615 3.009563 0.000000 -0.000000 0.000000 0.000008 0.000002 -0.000000 0.000000 -0.000000 -6.500005 -3.255150 10.015761 -0.000000 0.000000 -0.000000 -9.719192 -0.000021 5.172727 -1.439056 0.000000 0.000001 -0.000000 -19.999979 0.000085 -49.876944 0.000001 -0.000001 -0.000002 -21.000031 0.000081 -0.000002 0.000000 -0.000000 -6.500001 -3.255150 -11.802598 -0.000000 0.000000 -0.000000 -9.719195 -0.000030 -5.185900 25.688997 -0.000000 -0.000000 0.000003 -20.000008 -0.000363 -59.981929 -0.000000 0.000001 -0.000002 -20.999943 0.000348 -0.000003 -0.000000 -0.000000 6.498628 -3.255157 10.007561 -0.000000 0.000000 -0.000000 9.737182 -0.000017 5.180935 28.193266 0.000000 -0.000000 -0.000001 -19.993610 -0.505214 -67.147125 0.000000 -0.000000 0.000000 -20.999958 0.017214 0.000001 0.000000 -0.000000 6.500279 -3.255180 -11.808097 -0.000000 0.000000 -0.000000 9.735531 0.000010 -5.180401 37.996428 0.000000 -0.000000 0.000000 -20.000004 -0.000085 -55.841950 0.000000 -0.000000 0.000001 -20.999989 0.000104 -0.000000 0.000000 -0.000000 
-2.573863 92.256737 80.930878 3.340852 0.000000 -0.000000 0.000000 0.000008 -0.000003 -0.000000 0.000000 -0.000000 -6.500005 -3.255150 10.015759 -0.000000 0.000000 -0.000000 -9.719192 -0.000000 5.172723 3.000921 0.000000 0.000001 -0.000000 -19.999990 0.000067 -55.106294 0.000001 -0.000001 -0.000002 -21.000031 0.000070 -0.000003 -0.000000 -0.000000 -6.500001 -3.255150 -11.802600 -0.000000 0.000000 -0.000000 -9.719195 -0.000025 -5.185899 28.487724 -0.000000 -0.000000 -0.000001 -19.999998 -0.000363 -61.497043 -0.000000 0.000001 0.000000 -20.999943 0.000342 0.000000 -0.000000 -0.000000 6.498628 -3.255157 10.007552 -0.000000 0.000000 -0.000000 9.737182 -0.000008 5.180939 31.659798 0.000000 -0.000000 -0.000001 -19.993610 -0.505190 -69.510767 0.000000 -0.000000 -0.000002 -20.999954 0.017209 0.000001 0.000000 -0.000000 6.500279 -3.255180 -11.808103 -0.000000 0.000000 -0.000000 9.735531 0.000007 -5.180400 39.861995 0.000000 -0.000000 0.000001 -20.000004 -0.000082 -56.825620 0.000000 -0.000000 0.000001 -20.999985 0.000107 0.000001 0.000000 -0.000000 
-2.573863 91.978722 82.448982 3.764592 0.000000 -0.000000 0.000000 0.000000 0.000000 -0.000000 0.000000 -0.000000 -6.500005 -3.255165 10.015763 -0.000000 0.000000 -0.000000 -9.719192 -0.000014 5.172736 7.558150 0.000000 0.000001 -0.000002 -19.999983 0.000073 -61.265964 0.000001 -0.000001 -0.000002 -21.000042 0.000073 0.000002 -0.000000 -0.000000 -6.500001 -3.255157 -11.802596 -0.000000 0.000000 -0.000000 -9.719196 -0.000028 -5.185900 30.944537 -0.000001 -0.000000 0.000001 -20.000008 -0.000372 -62.151163 -0.000000 0.000001 -0.000000 -20.999939 0.000346 0.000000 0.000000 0.000000 6.498628 -3.255165 10.007558 -0.000000 0.000000 -0.000000 9.737182 -0.000011 5.180942 34.657886 0.000000 -0.000000 -0.000003 -19.993587 -0.505187 -71.207447 0.000000 -0.000000 -0.000001 -20.999950 0.017216 0.000001 0.000000 -0.000000 6.500279 -3.255188 -11.808105 -0.000000 0.000000 -0.000000 9.735531 0.000003 -5.180403 41.478783 0.000000 -0.000000 0.000000 -20.000000 -0.000093 -56.815566 0.000000 -0.000000 0.000000 -20.999992 0.000101 -0.000000 0.000000 -0.000000 
-2.573863 91.939926 83.965508 4.257672 0.000000 -0.000000 0.000000 0.000000 0.000001 -0.000000 0.000000 -0.000000 -6.500005 -3.255157 10.015759 -0.000000 0.000000 -0.000000 -9.719192 -0.000010 5.172729 11.057584 0.000000 0.000001 0.000000 -19.999983 0.000076 -64.735502 0.000001 -0.000001 0.000000 -21.000034 0.000073 -0.000000 -0.000000 -0.000000 -6.500001 -3.255157 -11.802606 0.000000 0.000000 0.000000 -9.719194 -0.000019 -5.185909 32.264219 -0.000001 0.000000 0.000001 -20.000011 -0.000364 -60.990099 -0.000000 0.000001 0.000000 -20.999939 0.000353 0.000002 -0.000000 -0.000000 6.498628 -3.255165 10.007560 -0.000000 0.000000 -0.000000 9.737182 -0.000010 5.180936 36.914608 0.000000 -0.000000 -0.000001 -19.993607 -0.505198 -71.541648 0.000000 -0.000000 -0.000003 -20.999943 0.017207 0.000001 0.000000 -0.000000 6.500279 -3.255188 -11.808110 -0.000000 0.000000 -0.000000 9.735531 0.000002 -5.180400 42.073624 0.000000 -0.000000 0.000000 -20.000002 -0.000090 -54.702500 0.000000 -0.000000 0.000001 -20.999977 0.000099 -0.000000 0.000000 -0.000000 
-2.573863 91.995865 85.482033 4.796978 0.000000 -0.000000 0.000000 0.000000 0.000004 -0.000000 0.000000 -0.000000 -6.500005 -3.255150 10.015767 -0.000000 0.000000 -0.000000 -9.719192 -0.000022 5.172740 14.161316 0.000000 0.000001 0.000000 -19.999998 0.000069 -67.298332 0.000001 -0.000001 0.000002 -21.000034 0.000077 -0.000000 0.000000 0.000000 -6.500001 -3.255157 -11.802599 -0.000000 0.000000 -0.000000 -9.719196 -0.000020 -5.185910 32.985678 -0.000001 -0.000000 -0.000001 -20.000002 -0.000367 -58.837148 -0.000000 0.000001 -0.000002 -20.999947 0.000349 -0.000001 0.000000 0.000000 6.498628 -3.255165 10.007554 -0.000000 0.000000 -0.000000 9.737182 -0.000012 5.180941 38.746256 0.000000 -0.000000 -0.000001 -19.993605 -0.505206 -71.158038 0.000000 -0.000000 -0.000001 -20.999947 0.017222 0.000001 0.000000 -0.000000 6.500279 -3.255180 -11.808105 -0.000000 0.000000 -0.000000 9.735531 0.000006 -5.180402 42.141191 0.000000 -0.000000 -0.000001 -20.000019 -0.000074 -51.528498 0.000000 -0.000000 0.000001 -20.999985 0.000101 0.000000 0.000000 -0.000000 
-2.573863 92.036575 87.000137 5.359398 0.000000 -0.000000 0.000000 0.000008 0.000002 -0.000000 0.000000 -0.000000 -6.500005 -3.255150 10.015763 0.000000 0.000000 -0.000000 -9.719192 -0.000010 5.172739 17.178908 0.000000 0.000001 0.000000 -19.999975 0.000080 -69.634236 0.000001 -0.000001 0.000002 -21.000038 0.000077 -0.000002 0.000000 0.000000 -6.500000 -3.255150 -11.802595 -0.000000 -0.000000 -0.000000 -9.719198 -0.000017 -5.185890 33.445701 -0.000001 0.000000 0.000003 -20.000000 -0.000357 -56.329800 -0.000000 0.000001 -0.000002 -20.999943 0.000348 0.000000 -0.000000 -0.000000 6.498628 -3.255150 10.007559 0.000000 0.000000 -0.000000 9.737182 -0.000016 5.180935 40.429536 0.000000 -0.000000 -0.000001 -19.993607 -0.505200 -70.571441 0.000000 -0.000000 -0.000001 -20.999950 0.017210 0.000001 0.000000 -0.000000 6.500278 -3.255180 -11.808104 0.000000 0.000000 -0.000000 9.735531 0.000008 -5.180398 41.806283 0.000000 -0.000000 0.000000 -20.000000 -0.000087 -47.728607 0.000000 -0.000000 0.000000 -20.999973 0.000109 0.000000 0.000000 -0.000000 
-2.573863 92.115845 88.521393 5.921818 0.000000 -0.000000 0.000000 0.000000 -0.000002 -0.000000 0.000000 -0.000000 -6.500005 -3.255142 10.015759 -0.000000 0.000000 -0.000000 -9.719192 -0.000012 5.172735 19.992913 0.000000 0.000001 0.000000 -19.999992 0.000062 -71.433697 0.000001 -0.000001 0.000002 -21.000042 0.000065 -0.000000 -0.000000 0.000000 -6.500001 -3.255150 -11.802604 -0.000001 0.000000 -0.000000 -9.719196 -0.000025 -5.185887 33.455588 -0.000001 -0.000000 0.000001 -20.000011 -0.000356 -53.071246 -0.000000 0.000001 -0.000000 -20.999943 0.000346 -0.000000 0.000000 0.000000 6.498628 -3.255157 10.007554 -0.000000 0.000000 -0.000000 9.737182 -0.000008 5.180927 41.810231 0.000000 -0.000000 -0.000001 -19.993605 -0.505188 -69.475817 0.000000 -0.000000 -0.000001 -20.999958 0.017214 -0.000001 0.000000 -0.000000 6.500279 -3.255180 -11.808106 -0.000000 0.000000 -0.000000 9.735531 0.000004 -5.180408 41.405201 0.000000 -0.000000 0.000000 -20.000000 -0.000080 -44.014692 0.000000 -0.000000 0.000000 -20.999977 0.000101 -0.000000 0.000000 -0.000000 
-2.573863 92.215973 90.046982 6.461126 0.000000 -0.000000 0.000000 -0.000000 -0.000001 -0.000000 0.000000 -0.000000 -6.500005 -3.255150 10.015770 -0.000000 0.000000 -0.000000 -9.719192 0.000008 5.172734 22.680584 0.000000 0.000001 -0.000002 -19.999994 0.000072 -72.793014 0.000001 -0.000001 -0.000002 -21.000034 0.000077 0.000002 0.000000 0.000000 -6.500000 -3.255150 -11.802595 -0.000001 -0.000000 -0.000000 -9.719196 -0.000021 -5.185886 32.431661 -0.000000 -0.000000 0.000003 -20.000002 -0.000352 -48.262451 -0.000000 0.000001 -0.000002 -20.999943 0.000353 -0.000000 -0.000000 0.000000 6.498628 -3.255165 10.007557 -0.000000 0.000000 -0.000000 9.737182 -0.000003 5.180947 42.957799 0.000000 -0.000000 -0.000001 -19.993589 -0.505185 -67.955977 0.000000 -0.000000 0.000000 -20.999954 0.017218 -0.000001 -0.000000 -0.000000 6.500279 -3.255173 -11.808094 -0.000000 0.000000 -0.000000 9.735531 -0.000003 -5.180391 41.316757 -0.000000 0.000000 -0.000001 -19.999996 -0.000083 -41.281469 -0.000000 0.000000 0.000000 -20.999977 0.000105 0.000000 -0.000000 0.000000 
-2.573863 92.441513 91.579712 6.954204 0.000000 -0.000000 0.000000 0.000000 -0.000001 -0.000000 0.000000 -0.000000 -6.500005 -3.255150 10.015759 -0.000000 0.000000 -0.000000 -9.719192 -0.000005 5.172736 24.967466 0.000001 0.000001 0.000000 -19.999983 0.000080 -73.174760 0.000001 -0.000001 -0.000002 -21.000046 0.000077 0.000002 -0.000000 -0.000000 -6.500001 -3.255150 -11.802597 -0.000000 0.000000 -0.000000 -9.719195 -0.000017 -5.185893 31.895559 -0.000000 -0.000000 0.000003 -20.000017 -0.000346 -43.747474 -0.000000 0.000001 0.000000 -20.999943 0.000346 0.000000 -0.000000 -0.000000 6.498628 -3.255165 10.007561 -0.000000 0.000000 -0.000000 9.737182 -0.000016 5.180934 43.478242 0.000000 -0.000000 0.000000 -19.993593 -0.505179 -65.354242 0.000000 -0.000000 -0.000001 -20.999958 0.017203 0.000001 0.000000 -0.000000 6.500279 -3.255180 -11.808114 -0.000000 0.000000 -0.000000 9.735531 0.000004 -5.180407 41.538164 0.000000 -0.000000 -0.000001 -20.000011 -0.000074 -39.415659 0.000000 -0.000000 0.000000 -20.999977 0.000101 0.000001 0.000000 -0.000000 
-2.573863 92.893951 93.123459 7.377946 0.000000 -0.000000 0.000000 0.000000 -0.000000 -0.000000 0.000000 -0.000000 -6.500005 -3.255150 10.015758 -0.000000 0.000000 -0.000000 -9.719192 -0.000028 5.172729 26.657836 0.000001 0.000001 0.000000 -19.999975 0.000063 -72.138976 0.000001 -0.000001 -0.000000 -21.000048 0.000085 0.000005 0.000000 0.000000 -6.500001 -3.255157 -11.802602 0.000000 0.000000 0.000000 -9.719194 -0.000027 -5.185903 33.807476 -0.000000 -0.000000 -0.000001 -20.000002 -0.000354 -41.606418 -0.000000 0.000001 0.000000 -20.999947 0.000349 0.000000 -0.000000 0.000000 6.498628 -3.255165 10.007560 -0.000000 0.000000 -0.000000 9.737182 -0.000010 5.180939 42.913249 -0.000000 0.000000 -0.000001 -19.993595 -0.505187 -60.909421 0.000000 0.000000 -0.000001 -20.999943 0.017209 0.000001 -0.000000 -0.000000 6.500279 -3.255188 -11.808106 -0.000000 0.000000 -0.000000 9.735531 0.000001 -5.180398 42.317735 0.000001 -0.000000 -0.000000 -19.999996 -0.000078 -38.858483 0.000000 0.000000 0.000000 -20.999981 0.000102 0.000001 -0.000000 -0.000000 
-2.573863 93.564827 94.676239 7.709235 0.000000 -0.000000 -0.000000 0.000000 0.000003 -0.000000 0.000000 -0.000000 -6.500005 -3.255157 10.015765 -0.000000 0.000000 -0.000000 -9.719192 -0.000011 5.172742 27.592769 0.000000 0.000001 0.000000 -19.999985 0.000081 -69.489600 0.000001 -0.000001 -0.000000 -21.000042 0.000060 0.000002 0.000000 0.000000 -6.500001 -3.255157 -11.802594 -0.000000 0.000000 -0.000000 -9.719196 -0.000008 -5.185908 36.268089 -0.000001 -0.000000 -0.000001 -20.000008 -0.000352 -40.332195 -0.000000 0.000001 -0.000000 -20.999947 0.000351 -0.000000 0.000000 0.000000 6.498628 -3.255165 10.007563 -0.000000 0.000000 -0.000000 9.737182 -0.000018 5.180943 41.525214 -0.000001 0.000000 -0.000003 -19.993618 -0.505198 -55.016945 -0.000000 -0.000000 -0.000002 -20.999947 0.017202 0.000000 -0.000000 -0.000000 6.500278 -3.255188 -11.808099 -0.000000 0.000000 -0.000000 9.735531 0.000006 -5.180393 43.280836 0.000001 -0.000000 0.000000 -19.999992 -0.000081 -38.841104 0.000000 -0.000000 0.000001 -20.999977 0.000102 0.000001 0.000000 -0.000000 
-2.573863 94.517487 96.238663 7.925986 0.000000 -0.000000 0.000000 0.000008 -0.000002 -0.000000 0.000000 -0.000000 -6.500005 -3.255150 10.015760 -0.000000 0.000000 -0.000000 -9.719192 -0.000007 5.172738 27.567494 0.000001 0.000001 0.000000 -19.999979 0.000071 -64.923789 0.000001 -0.000001 -0.000000 -21.000038 0.000073 0.000002 -0.000000 0.000000 -6.500001 -3.255150 -11.802597 0.000000 0.000000 0.000000 -9.719196 -0.000020 -5.185907 37.880967 -0.000001 0.000000 -0.000001 -20.000000 -0.000359 -38.777955 -0.000000 0.000001 0.000002 -20.999950 0.000351 0.000000 -0.000000 -0.000000 6.498628 -3.255157 10.007557 -0.000000 0.000000 -0.000000 9.737182 -0.000014 5.180936 39.169673 -0.000000 0.000000 -0.000001 -19.993603 -0.505197 -47.245692 0.000000 -0.000000 -0.000001 -20.999954 0.017212 0.000000 0.000000 0.000000 6.500278 -3.255173 -11.808092 -0.000000 0.000000 -0.000000 9.735531 0.000007 -5.180406 44.089226 -0.000000 -0.000000 -0.000001 -20.000000 -0.000089 -38.628169 -0.000000 0.000000 0.000000 -20.999989 0.000099 -0.000000 0.000000 0.000000 
-2.573863 95.638008 97.806740 8.001999 0.000000 -0.000000 0.000000 0.000008 0.000003 -0.000000 0.000000 -0.000000 -6.500005 -3.255150 10.015775 0.000001 0.000000 -0.000000 -9.719193 -0.000006 5.172740 26.523785 0.000001 0.000000 -0.000000 -19.999977 0.000071 -58.322043 0.000001 -0.000001 -0.000000 -21.000034 0.000071 -0.000000 0.000000 0.000000 -6.500001 -3.255150 -11.802584 0.000001 0.000000 -0.000000 -9.719196 -0.000024 -5.185906 39.097601 -0.000001 -0.000000 -0.000001 -20.000002 -0.000352 -37.943169 -0.000000 0.000001 -0.000000 -20.999947 0.000341 0.000000 0.000000 -0.000000 6.498628 -3.255158 10.007567 0.000001 0.000000 -0.000000 9.737182 -0.000013 5.180943 36.608766 0.000000 -0.000000 -0.000001 -19.993599 -0.505186 -39.314152 0.000000 -0.000000 -0.000001 -20.999958 0.017205 0.000000 0.000000 -0.000000 6.500279 -3.255188 -11.808095 0.000001 0.000000 -0.000000 9.735531 0.000008 -5.180402 44.882054 -0.000001 0.000000 -0.000000 -19.999998 -0.000082 -38.560492 0.000000 -0.000000 -0.000000 -20.999981 0.000105 0.000001 0.000000 0.000000 
-2.573863 96.856796 99.377655 7.895613 0.000000 -0.000000 0.000000 0.000008 -0.000000 -0.000000 0.000000 -0.000000 -6.500005 -3.255150 10.015767 0.000001 0.000000 -0.000000 -9.719193 -0.000003 5.172731 23.454721 0.000001 0.000000 -0.000000 -19.999973 0.000077 -47.556988 0.000000 -0.000001 -0.000002 -21.000042 0.000070 -0.000000 -0.000000 -0.000000 -6.500000 -3.255150 -11.802604 0.000001 -0.000000 -0.000000 -9.719196 -0.000020 -5.185903 39.692050 -0.000000 -0.000000 -0.000001 -20.000000 -0.000366 -38.421231 -0.000000 0.000001 0.000000 -20.999943 0.000351 0.000000 -0.000000 -0.000000 6.498628 -3.255165 10.007565 0.000001 0.000000 -0.000000 9.737182 -0.000008 5.180927 34.274521 -0.000000 0.000000 -0.000001 -19.993618 -0.505186 -32.076440 0.000000 0.000000 -0.000001 -20.999954 0.017198 -0.000000 -0.000000 -0.000000 6.500279 -3.255172 -11.808105 0.000001 0.000000 -0.000000 9.735531 0.000007 -5.180394 45.515684 -0.000000 0.000000 -0.000001 -20.000004 -0.000085 -38.109348 0.000000 0.000000 -0.000002 -20.999981 0.000092 -0.000001 0.000000 0.000000 
-2.573863 98.104248 100.948563 7.631136 0.000000 -0.000000 0.000000 0.000008 0.000000 -0.000000 0.000000 -0.000000 -6.500005 -3.255150 10.015768 -0.000000 0.000000 -0.000000 -9.719193 -0.000007 5.172729 21.001708 0.000001 0.000000 0.000001 -19.999969 0.000065 -38.349449 0.000000 -0.000001 -0.000002 -21.000038 0.000072 0.000001 -0.000000 -0.000000 -6.500001 -3.255150 -11.802589 -0.000001 0.000000 -0.000000 -9.719193 -0.000019 -5.185913 40.300230 -0.000000 -0.000000 -0.000003 -19.999998 -0.000358 -40.283551 -0.000000 0.000001 0.000002 -20.999935 0.000353 0.000000 0.000000 0.000000 6.498628 -3.255157 10.007568 -0.000000 0.000000 -0.000000 9.737182 -0.000016 5.180940 33.012691 -0.000001 0.000000 -0.000002 -19.993618 -0.505194 -27.694684 0.000000 -0.000000 -0.000000 -20.999950 0.017197 -0.000000 0.000000 0.000000 6.500279 -3.255180 -11.808100 -0.000000 0.000000 -0.000000 9.735531 0.000001 -5.180413 46.500088 0.000000 -0.000000 0.000000 -20.000004 -0.000074 -39.148032 0.000000 -0.000000 0.000000 -20.999989 0.000102 0.000001 0.000000 -0.000000 
-2.573863 99.310776 102.516647 7.207115 0.000000 -0.000000 0.000000 -0.000000 0.000006 -0.000000 0.000000 -0.000000 -6.500005 -3.255142 10.015766 0.000000 0.000000 -0.000000 -9.719193 -0.000013 5.172745 22.221752 0.000001 0.000000 -0.000001 -19.999969 0.000066 -37.353096 0.000000 -0.000001 -0.000002 -21.000034 0.000065 -0.000000 -0.000000 0.000000 -6.500000 -3.255142 -11.802592 0.000000 -0.000000 -0.000000 -9.719196 -0.000021 -5.185895 41.618276 -0.000000 -0.000000 0.000001 -20.000000 -0.000364 -43.992770 -0.000000 0.000001 0.000000 -20.999935 0.000338 0.000000 0.000000 -0.000000 6.498628 -3.255157 10.007559 0.000000 0.000000 -0.000000 9.737182 -0.000015 5.180928 34.145991 -0.000000 0.000000 -0.000001 -19.993607 -0.505197 -29.457715 -0.000000 0.000000 -0.000001 -20.999947 0.017205 0.000001 -0.000000 0.000000 6.500279 -3.255180 -11.808106 0.000000 0.000000 -0.000000 9.735531 0.000012 -5.180396 48.565865 -0.000000 0.000000 0.000001 -20.000000 -0.000079 -43.821387 -0.000000 -0.000000 0.000000 -20.999981 0.000111 0.000001 -0.000000 -0.000000 
-2.573863 100.406754 104.079063 6.659192 0.000000 -0.000000 -0.000000 0.000000 -0.000001 -0.000000 0.000000 -0.000000 -6.500005 -3.255157 10.015759 -0.000000 0.000000 -0.000000 -9.719192 -0.000006 5.172724 24.861141 0.000000 0.000000 0.000001 -19.999973 0.000074 -39.641930 0.000000 -0.000001 -0.000000 -21.000038 0.000063 0.000001 -0.000000 -0.000000 -6.500001 -3.255157 -11.802599 0.000000 0.000000 -0.000000 -9.719196 -0.000027 -5.185904 43.239756 -0.000001 -0.000000 0.000001 -19.999996 -0.000362 -48.968628 -0.000000 0.000001 -0.000000 -20.999931 0.000349 -0.000000 0.000000 0.000000 6.498628 -3.255165 10.007555 -0.000000 0.000000 -0.000000 9.737182 -0.000006 5.180934 36.675541 0.000000 -0.000000 -0.000001 -19.993601 -0.505178 -34.839415 0.000000 -0.000000 -0.000001 -20.999950 0.017214 -0.000000 0.000000 -0.000000 6.500278 -3.255188 -11.808102 -0.000000 0.000000 -0.000000 9.735531 0.000010 -5.180391 50.907517 -0.000001 0.000000 -0.000000 -19.999996 -0.000089 -50.786025 0.000000 0.000000 0.000001 -20.999977 0.000103 0.000000 -0.000000 -0.000000 
-2.573863 101.296097 105.630989 6.013743 0.000000 -0.000000 0.000000 0.000008 0.000000 -0.000000 0.000000 -0.000000 -6.500005 -3.255150 10.015763 -0.000000 0.000000 -0.000000 -9.719192 -0.000006 5.172741 27.556381 0.000000 0.000000 -0.000001 -19.999966 0.000078 -42.094282 0.000000 -0.000001 -0.000000 -21.000038 0.000069 -0.000000 -0.000000 0.000000 -6.500001 -3.255150 -11.802598 0.000000 0.000000 0.000000 -9.719196 -0.000032 -5.185894 45.068262 -0.000001 0.000000 0.000001 -19.999989 -0.000370 -54.947957 -0.000000 0.000001 0.000000 -20.999939 0.000339 -0.000000 -0.000000 -0.000000 6.498628 -3.255165 10.007557 -0.000000 0.000000 -0.000000 9.737182 -0.000016 5.180945 40.268063 0.000000 -0.000000 -0.000001 -19.993612 -0.505179 -42.807234 0.000000 0.000000 0.000000 -20.999947 0.017217 0.000000 0.000000 0.000000 6.500278 -3.255180 -11.808095 -0.000000 0.000000 -0.000000 9.735531 -0.000003 -5.180388 53.156418 -0.000000 0.000000 -0.000000 -20.000017 -0.000088 -60.004592 0.000000 0.000000 -0.000001 -20.999985 0.000097 0.000000 -0.000000 0.000000 
-2.573863 101.988754 107.175598 5.297137 0.000000 -0.000000 0.000000 0.000008 0.000001 -0.000000 0.000000 -0.000000 -6.500005 -3.255150 10.015767 -0.000000 0.000000 -0.000000 -9.719192 -0.000015 5.172729 30.693798 0.000000 0.000000 0.000002 -19.999979 0.000068 -45.950924 0.000000 -0.000001 -0.000000 -21.000034 0.000073 -0.000001 -0.000000 0.000000 -6.500001 -3.255150 -11.802594 -0.000000 0.000000 -0.000000 -9.719196 -0.000024 -5.185895 46.870008 -0.000001 -0.000000 0.000001 -20.000004 -0.000361 -61.442107 -0.000000 0.000001 0.000000 -20.999924 0.000351 -0.000000 -0.000000 -0.000000 6.498628 -3.255150 10.007557 -0.000000 0.000000 -0.000000 9.737182 -0.000024 5.180945 44.249480 0.000000 -0.000000 -0.000002 -19.993614 -0.505180 -52.169364 0.000000 -0.000000 0.000000 -20.999954 0.017213 0.000000 0.000000 -0.000000 6.500279 -3.255173 -11.808101 -0.000000 0.000000 -0.000000 9.735531 0.000003 -5.180400 54.732464 0.000000 -0.000000 0.000000 -19.999994 -0.000095 -69.703836 0.000000 -0.000000 -0.000001 -20.999977 0.000112 -0.000000 0.000000 -0.000000 
-2.573863 102.435394 108.713135 4.535746 0.000000 -0.000000 -0.000000 0.000015 0.000003 -0.000000 0.000000 -0.000000 -6.500005 -3.255150 10.015765 -0.000000 0.000000 -0.000000 -9.719192 -0.000005 5.172737 34.430181 0.000001 0.000000 -0.000000 -19.999983 0.000074 -51.806541 0.000001 -0.000001 0.000002 -21.000031 0.000072 -0.000000 -0.000000 -0.000000 -6.500000 -3.255142 -11.802590 -0.000000 -0.000000 -0.000000 -9.719196 -0.000034 -5.185901 48.519680 -0.000001 -0.000000 0.000001 -20.000019 -0.000357 -68.142660 -0.000001 0.000001 -0.000002 -20.999943 0.000351 -0.000001 -0.000000 -0.000000 6.498628 -3.255150 10.007565 -0.000000 0.000000 -0.000000 9.737182 -0.000011 5.180937 47.897480 0.000000 -0.000000 0.000000 -19.993618 -0.505180 -61.485315 0.000000 -0.000000 0.000000 -20.999950 0.017205 0.000001 0.000000 -0.000000 6.500278 -3.255173 -11.808101 -0.000000 0.000000 -0.000000 9.735531 -0.000008 -5.180387 54.822920 0.000000 -0.000000 0.000000 -19.999985 -0.000084 -78.189226 -0.000000 -0.000000 0.000000 -20.999985 0.000111 -0.000001 -0.000000 -0.000000 
-2.573863 102.717873 110.247559 3.755941 0.000000 -0.000000 0.000000 0.000000 0.000002 -0.000000 0.000000 -0.000000 -6.500005 -3.255150 10.015766 -0.000000 0.000000 -0.000000 -9.719193 -0.000012 5.172730 38.090602 0.000001 0.000000 -0.000000 -19.999989 0.000071 -58.477757 0.000001 -0.000001 0.000000 -21.000046 0.000075 -0.000000 -0.000000 -0.000000 -6.500001 -3.255158 -11.802598 -0.000001 0.000000 -0.000000 -9.719196 -0.000014 -5.185898 49.595407 -0.000001 -0.000000 0.000003 -20.000002 -0.000358 -74.245768 -0.000001 0.000001 0.000002 -20.999954 0.000342 0.000002 0.000000 -0.000000 6.498628 -3.255157 10.007553 -0.000000 0.000000 -0.000000 9.737182 -0.000021 5.180919 51.023265 0.000000 -0.000000 0.000000 -19.993622 -0.505179 -70.468564 0.000000 -0.000000 -0.000003 -20.999947 0.017210 0.000001 0.000000 -0.000000 6.500279 -3.255188 -11.808097 -0.000000 0.000000 -0.000000 9.735531 -0.000002 -5.180395 53.757093 0.000000 -0.000000 -0.000002 -19.999998 -0.000075 -85.187499 0.000000 -0.000000 -0.000001 -20.999989 0.000105 0.000001 0.000000 -0.000000 
-2.573863 102.895355 111.783493 2.984092 0.000000 -0.000000 0.000000 0.000000 0.000002 0.000000 0.000000 -0.000000 -6.500005 -3.255165 10.015772 0.000000 0.000000 -0.000000 -9.719192 -0.000016 5.172729 41.055980 0.000000 0.000001 0.000000 -19.999987 0.000067 -65.047068 0.000001 -0.000001 -0.000000 -21.000042 0.000073 0.000002 0.000000 0.000000 -6.500000 -3.255157 -11.802589 -0.000000 -0.000000 -0.000000 -9.719196 -0.000014 -5.185887 49.600929 -0.000001 -0.000000 0.000003 -19.999990 -0.000362 -78.715560 -0.000001 0.000001 0.000000 -20.999943 0.000338 0.000000 -0.000000 -0.000000 6.498628 -3.255165 10.007564 0.000000 0.000000 -0.000000 9.737182 -0.000019 5.180935 53.163163 0.000000 -0.000000 -0.000001 -19.993618 -0.505197 -78.352850 0.000000 -0.000000 0.000000 -20.999943 0.017205 -0.000001 0.000000 -0.000000 6.500279 -3.255188 -11.808105 0.000000 0.000000 -0.000000 9.735531 -0.000006 -5.180392 51.489555 -0.000000 0.000000 -0.000001 -20.000011 -0.000069 -89.624711 0.000000 0.000000 -0.000000 -20.999989 0.000109 0.000001 0.000000 0.000000 
-2.573863 102.986496 113.319351 2.246572 0.000000 -0.000000 0.000000 0.000008 -0.000001 -0.000000 0.000000 -0.000000 -6.500005 -3.255150 10.015765 0.000000 0.000000 -0.000000 -9.719192 -0.000020 5.172724 43.315420 0.000000 0.000001 -0.000002 -19.999985 0.000080 -71.311416 0.000001 -0.000001 0.000000 -21.000038 0.000070 -0.000002 -0.000000 -0.000000 -6.500001 -3.255150 -11.802598 0.000000 0.000000 -0.000000 -9.719196 -0.000027 -5.185886 48.634294 -0.000001 -0.000000 0.000001 -20.000000 -0.000355 -81.939655 -0.000001 0.000001 0.000000 -20.999950 0.000345 -0.000001 0.000000 -0.000000 6.498628 -3.255157 10.007559 0.000000 0.000000 -0.000000 9.737182 -0.000016 5.180928 54.419375 0.000000 -0.000000 0.000000 -19.993624 -0.505185 -85.136867 0.000000 -0.000000 -0.000001 -20.999954 0.017218 0.000001 0.000000 -0.000000 6.500279 -3.255188 -11.808098 0.000000 0.000000 -0.000000 9.735531 0.000011 -5.180404 48.331815 0.000000 -0.000000 -0.000001 -19.999990 -0.000071 -92.208455 0.000000 -0.000000 0.000001 -20.999969 0.000115 -0.000001 0.000000 -0.000000 
-2.573863 103.030998 114.855118 1.583400 0.000000 -0.000000 0.000000 0.000000 -0.000000 -0.000000 0.000000 -0.000000 -6.500005 -3.255157 10.015764 -0.000000 0.000000 -0.000000 -9.719192 -0.000029 5.172738 44.629504 0.000001 0.000001 0.000000 -19.999975 0.000070 -76.681523 0.000001 -0.000001 -0.000000 -21.000034 0.000081 0.000003 0.000000 0.000000 -6.500000 -3.255157 -11.802599 -0.000000 -0.000000 -0.000000 -9.719196 -0.000030 -5.185910 46.538129 -0.000001 -0.000000 -0.000001 -20.000017 -0.000353 -83.831365 -0.000001 0.000001 0.000000 -20.999943 0.000350 -0.000003 -0.000000 -0.000000 6.498628 -3.255165 10.007564 -0.000000 0.000000 -0.000000 9.737182 -0.000009 5.180931 54.723182 0.000000 -0.000000 -0.000001 -19.993624 -0.505190 -90.520681 0.000000 -0.000000 -0.000003 -20.999950 0.017219 -0.000001 0.000000 -0.000000 6.500279 -3.255188 -11.808111 -0.000000 0.000000 -0.000000 9.735531 -0.000001 -5.180395 44.567893 0.000000 -0.000000 0.000000 -20.000004 -0.000076 -93.134766 -0.000000 -0.000000 0.000000 -20.999981 0.000108 -0.000001 -0.000000 0.000000 
-2.573863 103.024872 116.390778 0.980000 0.000000 -0.000000 0.000000 0.000000 0.000003 -0.000000 0.000000 -0.000000 -6.500005 -3.255150 10.015767 -0.000000 0.000000 -0.000000 -9.719192 -0.000019 5.172719 45.064608 0.000001 0.000001 -0.000002 -19.999975 0.000075 -81.398411 0.000001 -0.000001 0.000000 -21.000038 0.000062 -0.000000 -0.000000 -0.000000 -6.500001 -3.255157 -11.802596 -0.000001 0.000000 -0.000000 -9.719196 -0.000021 -5.185901 43.582467 -0.000001 -0.000000 0.000001 -19.999990 -0.000358 -84.777886 -0.000001 0.000001 0.000002 -20.999947 0.000345 0.000000 0.000000 -0.000000 6.498628 -3.255157 10.007564 -0.000000 0.000000 -0.000000 9.737182 -0.000017 5.180922 54.123648 0.000000 -0.000000 -0.000001 -19.993616 -0.505189 -94.633992 0.000000 -0.000000 0.000000 -20.999941 0.017222 -0.000005 0.000000 -0.000000 6.500279 -3.255188 -11.808098 -0.000000 0.000000 -0.000000 9.735531 0.000007 -5.180405 40.234821 0.000001 -0.000001 0.000001 -19.999989 -0.000094 -92.864509 -0.000000 -0.000000 -0.000000 -20.999977 0.000116 -0.000001 0.000000 0.000000 
-2.573863 102.984619 117.926346 0.441735 0.000000 -0.000000 0.000000 0.000000 0.000001 -0.000000 0.000000 -0.000000 -6.500005 -3.255157 10.015766 -0.000000 0.000000 -0.000000 -9.719192 -0.000015 5.172740 44.599728 0.000001 0.000001 -0.000002 -19.999992 0.000077 -85.490671 0.000001 -0.000001 0.000002 -21.000046 0.000085 0.000002 0.000000 0.000000 -6.500001 -3.255158 -11.802593 -0.000001 0.000000 -0.000000 -9.719196 -0.000021 -5.185908 39.884408 -0.000001 -0.000000 0.000003 -20.000015 -0.000362 -85.172903 -0.000001 0.000001 0.000000 -20.999939 0.000350 -0.000001 -0.000000 -0.000000 6.498628 -3.255157 10.007564 -0.000000 0.000000 -0.000000 9.737182 -0.000013 5.180939 52.609775 0.000000 -0.000000 0.000000 -19.993595 -0.505193 -97.409952 0.000000 -0.000000 0.000000 -20.999947 0.017226 -0.000003 0.000000 -0.000000 6.500279 -3.255180 -11.808102 -0.000000 0.000000 -0.000000 9.735531 0.000001 -5.180398 35.251286 0.000000 -0.000000 -0.000000 -19.999994 -0.000072 -91.866557 -0.000000 0.000000 -0.000001 -20.999977 0.000100 0.000001 0.000000 0.000000 
-2.573863 102.888535 119.461815 -0.051194 0.000000 -0.000000 0.000000 0.000000 -0.000009 0.000000 0.000000 -0.000000 -6.500005 -3.255150 10.015752 0.000000 0.000000 -0.000000 -9.719192 -0.000020 5.172736 43.257524 0.000001 0.000001 -0.000001 -19.999969 0.000069 -89.006435 0.000001 -0.000001 0.000000 -21.000042 0.000078 0.000003 -0.000000 -0.000000 -6.500001 -3.255150 -11.802602 -0.000001 0.000000 -0.000000 -9.719196 -0.000024 -5.185885 35.745300 -0.000001 -0.000000 0.000001 -20.000011 -0.000361 -84.910467 -0.000001 0.000001 0.000002 -20.999943 0.000349 0.000002 0.000000 -0.000000 6.498628 -3.255157 10.007558 0.000000 0.000000 -0.000000 9.737182 -0.000015 5.180945 50.292845 0.000000 -0.000000 0.000000 -19.993603 -0.505193 -99.138195 0.000000 -0.000000 -0.000001 -20.999954 0.017210 -0.000003 0.000000 -0.000000 6.500279 -3.255180 -11.808110 0.000000 0.000000 -0.000000 9.735531 0.000003 -5.180391 30.256331 0.000000 -0.000000 0.000000 -20.000006 -0.000080 -90.313146 0.000000 -0.000000 0.000000 -20.999985 0.000102 0.000001 0.000000 -0.000000 
-2.573863 102.718307 120.997192 -0.522800 0.000000 -0.000000 0.000000 0.000008 0.000001 -0.000000 0.000000 -0.000000 -6.500005 -3.255150 10.015775 -0.000000 0.000000 -0.000000 -9.719192 -0.000013 5.172731 41.002387 0.000001 0.000001 -0.000001 -19.999975 0.000073 -92.068826 0.000002 -0.000001 0.000000 -21.000034 0.000077 -0.000002 -0.000000 -0.000000 -6.500000 -3.255150 -11.802593 -0.000000 -0.000000 -0.000000 -9.719196 -0.000020 -5.185902 31.405124 -0.000001 0.000000 0.000001 -19.999998 -0.000371 -83.932179 -0.000001 0.000001 0.000000 -20.999943 0.000346 0.000000 0.000000 -0.000000 6.498628 -3.255157 10.007565 -0.000000 0.000000 -0.000000 9.737182 0.000002 5.180929 47.202423 0.000000 -0.000000 -0.000001 -19.993607 -0.505199 -100.042355 0.000000 -0.000000 -0.000001 -20.999947 0.017196 0.000001 0.000000 -0.000000 6.500279 -3.255180 -11.808095 -0.000000 0.000000 -0.000000 9.735531 0.000007 -5.180402 25.718498 -0.000000 0.000000 0.000000 -20.000010 -0.000092 -88.357936 0.000000 -0.000000 -0.000000 -20.999973 0.000105 0.000001 0.000000 0.000000 
-2.573863 102.480247 122.532471 -0.955078 0.000000 -0.000000 0.000000 0.000000 -0.000008 -0.000000 0.000000 -0.000000 -6.500005 -3.255150 10.015769 -0.000000 0.000000 -0.000000 -9.719192 -0.000015 5.172736 37.988160 0.000001 0.000001 -0.000001 -19.999964 0.000078 -94.481604 0.000002 -0.000001 0.000004 -21.000050 0.000077 -0.000000 -0.000000 0.000000 -6.500001 -3.255157 -11.802602 -0.000000 0.000000 -0.000000 -9.719196 -0.000028 -5.185902 27.164882 -0.000001 -0.000000 0.000003 -20.000002 -0.000361 -82.489035 -0.000001 0.000001 0.000000 -20.999950 0.000350 0.000002 0.000000 0.000000 6.498628 -3.255157 10.007558 -0.000000 0.000000 -0.000000 9.737182 -0.000023 5.180945 43.572700 0.000000 -0.000000 -0.000002 -19.993610 -0.505194 -100.253694 0.000000 -0.000000 -0.000001 -20.999947 0.017199 -0.000001 0.000000 -0.000000 6.500279 -3.255180 -11.808112 -0.000000 0.000000 -0.000000 9.735531 -0.000001 -5.180400 22.067955 0.000000 -0.000000 0.000000 -19.999981 -0.000074 -86.525615 0.000000 -0.000000 0.000000 -20.999985 0.000109 0.000001 0.000000 -0.000000 
-2.573863 102.170975 124.067612 -1.333340 0.000000 -0.000000 0.000000 -0.000000 -0.000001 -0.000000 0.000000 -0.000000 -6.500005 -3.255150 10.015750 -0.000000 0.000000 -0.000000 -9.719193 -0.000008 5.172730 34.241524 0.000001 0.000001 0.000000 -19.999966 0.000077 -96.050437 0.000002 -0.000001 0.000000 -21.000027 0.000066 -0.000000 -0.000000 -0.000000 -6.500001 -3.255150 -11.802606 -0.000000 0.000000 0.000000 -9.719195 -0.000030 -5.185913 23.469975 -0.000001 -0.000000 -0.000003 -19.999983 -0.000351 -81.170296 -0.000001 0.000001 -0.000002 -20.999943 0.000327 0.000002 -0.000000 0.000000 6.498628 -3.255157 10.007551 -0.000000 0.000000 -0.000000 9.737182 -0.000016 5.180960 39.607680 0.000000 -0.000000 -0.000001 -19.993607 -0.505207 -99.952708 0.000000 -0.000000 -0.000001 -20.999939 0.017222 0.000001 0.000000 -0.000000 6.500279 -3.255180 -11.808103 -0.000000 0.000000 -0.000000 9.735531 0.000012 -5.180404 20.289029 0.000000 -0.000000 0.000000 -19.999998 -0.000079 -86.195915 0.000000 -0.000000 -0.000001 -20.999981 0.000092 0.000001 0.000000 -0.000000 
-2.573863 101.801117 125.602615 -1.671649 0.000000 -0.000000 0.000000 0.000000 0.000003 -0.000000 0.000000 -0.000000 -6.500005 -3.255150 10.015742 -0.000000 0.000000 -0.000000 -9.719193 -0.000009 5.172735 30.108273 0.000001 0.000001 0.000000 -19.999983 0.000078 -96.892906 0.000002 -0.000001 -0.000002 -21.000023 0.000066 -0.000002 0.000000 0.000000 -6.500001 -3.255150 -11.802613 -0.000000 0.000000 -0.000000 -9.719195 -0.000031 -5.185905 20.127131 -0.000000 -0.000001 0.000003 -20.000002 -0.000377 -78.902461 -0.000001 0.000001 -0.000002 -20.999958 0.000349 0.000000 -0.000000 -0.000000 6.498628 -3.255157 10.007542 -0.000000 0.000000 -0.000000 9.737182 -0.000013 5.180918 35.427450 0.000000 -0.000000 -0.000001 -19.993618 -0.505200 -99.215683 0.000000 -0.000000 -0.000001 -20.999939 0.017207 0.000001 0.000000 -0.000000 6.500279 -3.255180 -11.808120 -0.000000 0.000000 -0.000000 9.735531 0.000011 -5.180396 19.187854 0.000000 -0.000000 0.000000 -20.000002 -0.000081 -84.957328 0.000000 -0.000000 -0.000001 -20.999989 0.000100 -0.000001 0.000000 -0.000000 
-2.573863 101.375885 127.137436 -1.977215 0.000000 -0.000000 0.000000 0.000000 -0.000002 -0.000000 0.000000 -0.000000 -6.500005 -3.255150 10.015752 -0.000000 0.000000 -0.000000 -9.719193 -0.000021 5.172745 25.821648 0.000001 0.000001 0.000000 -19.999977 0.000076 -96.963742 0.000002 -0.000001 -0.000002 -21.000034 0.000077 -0.000000 0.000000 0.000000 -6.500001 -3.255142 -11.802594 -0.000000 0.000000 0.000000 -9.719195 -0.000032 -5.185904 17.131475 -0.000000 -0.000000 -0.000001 -19.999990 -0.000359 -74.533756 -0.000001 0.000001 0.000000 -20.999954 0.000331 0.000002 -0.000000 -0.000000 6.498628 -3.255150 10.007563 -0.000000 0.000000 -0.000000 9.737182 -0.000015 5.180939 31.207148 0.000000 -0.000000 -0.000001 -19.993603 -0.505177 -98.237450 0.000000 -0.000000 -0.000001 -20.999966 0.017222 0.000001 0.000000 -0.000000 6.500279 -3.255173 -11.808103 -0.000000 0.000000 -0.000000 9.735531 -0.000001 -5.180396 18.006429 0.000000 -0.000000 0.000000 -19.999992 -0.000067 -80.582763 -0.000000 -0.000000 0.000000 -20.999981 0.000100 -0.000001 -0.000000 -0.000000 
-2.573863 100.908249 128.672089 -2.255906 0.000000 -0.000000 0.000000 0.000008 -0.000011 -0.000000 0.000000 -0.000000 -6.500005 -3.255150 10.015771 -0.000000 0.000000 -0.000000 -9.719192 -0.000008 5.172743 21.746016 0.000001 0.000001 0.000000 -19.999990 0.000086 -96.557339 0.000002 -0.000001 -0.000000 -21.000053 0.000073 0.000002 0.000000 0.000000 -6.500001 -3.255157 -11.802581 -0.000000 0.000000 -0.000000 -9.719196 -0.000019 -5.185906 14.363200 -0.000001 -0.000000 0.000001 -19.999989 -0.000367 -68.888414 -0.000001 0.000001 0.000000 -20.999939 0.000334 0.000002 -0.000000 0.000000 6.498628 -3.255157 10.007564 -0.000000 0.000000 -0.000000 9.737182 -0.000021 5.180927 26.985423 0.000000 -0.000000 -0.000001 -19.993626 -0.505190 -96.843388 0.000000 -0.000000 -0.000001 -20.999962 0.017207 0.000001 0.000000 -0.000000 6.500279 -3.255180 -11.808091 -0.000000 0.000000 -0.000000 9.735531 0.000006 -5.180400 16.421515 0.000000 -0.000000 0.000000 -19.999998 -0.000082 -73.898733 0.000000 -0.000000 0.000000 -20.999992 0.000085 -0.000001 0.000000 -0.000000 
-2.573863 100.411758 130.206543 -2.521284 0.000000 -0.000000 0.000000 0.000008 0.000004 -0.000000 0.000000 -0.000000 -6.500005 -3.255150 10.015763 -0.000000 0.000000 -0.000000 -9.719192 0.000003 5.172730 18.357660 0.000001 0.000001 0.000002 -19.999983 0.000070 -95.889388 0.000002 -0.000001 -0.000000 -21.000046 0.000071 -0.000001 0.000000 0.000000 -6.500000 -3.255150 -11.802596 -0.000000 -0.000000 -0.000000 -9.719198 -0.000023 -5.185906 11.608597 -0.000001 0.000000 0.000001 -20.000004 -0.000358 -61.940786 -0.000000 0.000001 -0.000002 -20.999931 0.000358 -0.000003 -0.000000 0.000000 6.498628 -3.255150 10.007554 -0.000000 0.000000 -0.000000 9.737182 -0.000001 5.180917 22.774805 0.000000 -0.000000 -0.000001 -19.993626 -0.505204 -94.907452 0.000000 -0.000000 -0.000001 -20.999947 0.017211 -0.000003 0.000000 -0.000000 6.500278 -3.255180 -11.808102 -0.000000 0.000000 -0.000000 9.735531 0.000001 -5.180402 13.470812 -0.000000 0.000000 -0.000001 -19.999998 -0.000074 -64.285761 0.000000 0.000000 -0.000001 -20.999981 0.000108 0.000001 0.000000 -0.000000 
-2.573863 99.889839 131.740768 -2.757484 0.000000 -0.000000 0.000000 0.000000 0.000004 -0.000000 0.000000 -0.000000 -6.500005 -3.255157 10.015752 -0.000000 0.000000 -0.000000 -9.719192 -0.000009 5.172729 15.554059 0.000001 0.000001 0.000000 -19.999981 0.000071 -95.150669 0.000002 -0.000001 -0.000000 -21.000015 0.000060 -0.000000 0.000000 0.000000 -6.500001 -3.255158 -11.802606 -0.000001 0.000000 -0.000000 -9.719196 -0.000023 -5.185915 9.144428 -0.000001 -0.000000 0.000001 -20.000002 -0.000362 -55.088966 -0.000000 0.000001 0.000000 -20.999947 0.000342 0.000002 0.000000 -0.000000 6.498628 -3.255150 10.007554 -0.000000 0.000000 -0.000000 9.737182 -0.000022 5.180928 18.828825 0.000000 -0.000000 -0.000002 -19.993603 -0.505204 -92.479013 0.000000 -0.000000 -0.000002 -20.999950 0.017207 -0.000001 0.000000 -0.000000 6.500279 -3.255180 -11.808113 -0.000000 0.000000 -0.000000 9.735531 0.000008 -5.180396 10.313494 -0.000001 0.000000 0.000000 -20.000006 -0.000087 -53.854764 -0.000000 -0.000000 0.000000 -20.999985 0.000108 -0.000001 -0.000000 0.000000 
-2.573863 99.348480 133.274780 -2.956003 0.000000 -0.000000 0.000000 0.000015 0.000006 -0.000000 0.000000 -0.000000 -6.500005 -3.255150 10.015768 -0.000000 0.000000 -0.000000 -9.719192 -0.000021 5.172741 13.495597 0.000001 0.000001 -0.000001 -19.999990 0.000069 -94.730721 0.000002 -0.000001 0.000004 -21.000042 0.000076 0.000001 0.000000 0.000000 -6.500000 -3.255150 -11.802600 -0.000000 -0.000000 -0.000000 -9.719196 -0.000024 -5.185900 7.261284 -0.000001 -0.000000 0.000001 -19.999992 -0.000379 -50.036815 -0.000000 0.000001 0.000002 -20.999943 0.000354 0.000000 -0.000000 -0.000000 6.498628 -3.255157 10.007567 -0.000000 0.000000 -0.000000 9.737182 -0.000030 5.180925 15.373441 0.000000 -0.000000 -0.000001 -19.993608 -0.505207 -89.557809 0.000000 -0.000000 0.000000 -20.999947 0.017207 0.000001 0.000000 -0.000000 6.500278 -3.255180 -11.808095 -0.000000 0.000000 -0.000000 9.735531 0.000000 -5.180385 7.606863 -0.000000 0.000000 0.000000 -19.999996 -0.000087 -44.105929 -0.000000 0.000000 0.000000 -20.999977 0.000115 0.000001 -0.000000 -0.000000 
-2.573863 98.793625 134.808517 -3.108334 0.000000 -0.000000 0.000000 0.000000 -0.000018 0.000000 0.000000 -0.000000 -6.500005 -3.255142 10.015765 -0.000000 0.000000 -0.000000 -9.719192 -0.000007 5.172742 11.869749 0.000001 0.000001 -0.000001 -19.999975 0.000087 -94.248920 0.000002 -0.000001 0.000002 -21.000027 0.000063 0.000000 -0.000000 0.000000 -6.500001 -3.255150 -11.802598 -0.000000 0.000000 -0.000000 -9.719196 -0.000019 -5.185911 5.703949 -0.000001 -0.000000 0.000001 -20.000004 -0.000356 -45.841358 -0.000000 0.000001 0.000000 -20.999950 0.000357 0.000000 -0.000000 -0.000000 6.498628 -3.255157 10.007562 -0.000000 0.000000 -0.000000 9.737182 -0.000009 5.180947 12.503974 0.000000 -0.000000 0.000000 -19.993607 -0.505181 -86.166805 0.000000 -0.000000 -0.000001 -20.999950 0.017207 -0.000000 0.000000 -0.000000 6.500279 -3.255173 -11.808108 -0.000000 0.000000 -0.000000 9.735531 0.000007 -5.180405 5.894254 0.000000 -0.000000 0.000001 -20.000000 -0.000093 -36.251892 0.000000 -0.000000 0.000000 -20.999985 0.000111 0.000001 0.000000 -0.000000 
-2.573863 98.231247 136.341995 -3.222884 0.000000 -0.000000 0.000000 0.000000 0.000006 -0.000000 0.000000 -0.000000 -6.500005 -3.255150 10.015757 -0.000000 0.000000 -0.000000 -9.719192 -0.000001 5.172716 10.453352 0.000001 0.000001 0.000000 -19.999985 0.000073 -93.725714 0.000002 -0.000001 0.000000 -21.000027 0.000070 0.000000 0.000000 -0.000000 -6.500001 -3.255150 -11.802587 0.000000 0.000000 0.000000 -9.719194 -0.000014 -5.185917 4.283706 -0.000001 -0.000000 0.000001 -19.999996 -0.000361 -42.036642 -0.000000 0.000001 0.000000 -20.999943 0.000361 0.000000 0.000000 -0.000000 6.498628 -3.255157 10.007552 -0.000000 0.000000 -0.000000 9.737182 -0.000007 5.180916 10.571027 0.000000 -0.000000 -0.000001 -19.993603 -0.505213 -82.637332 0.000000 -0.000000 -0.000001 -20.999973 0.017203 0.000001 0.000000 -0.000000 6.500279 -3.255180 -11.808100 -0.000000 0.000000 -0.000000 9.735531 -0.000003 -5.180408 5.917441 0.000000 -0.000000 0.000000 -19.999996 -0.000073 -31.922962 0.000000 -0.000000 -0.000000 -20.999989 0.000113 0.000002 0.000000 0.000000 
-2.573863 97.667313 137.875183 -3.240405 0.000000 -0.000000 0.000000 0.000008 -0.000003 -0.000000 0.000000 -0.000000 -6.500005 -3.255157 10.015774 -0.000000 0.000000 -0.000000 -9.719193 -0.000005 5.172711 9.138715 0.000000 0.000001 0.000000 -19.999975 0.000062 -92.347620 0.000002 -0.000001 -0.000000 -21.000042 0.000069 -0.000000 0.000000 0.000000 -6.500001 -3.255157 -11.802611 -0.000000 0.000000 -0.000000 -9.719196 -0.000017 -5.185905 3.091670 -0.000001 -0.000000 -0.000001 -20.000008 -0.000360 -38.895277 -0.000000 0.000001 -0.000000 -20.999939 0.000353 -0.000001 0.000000 0.000000 6.498628 -3.255165 10.007553 -0.000000 0.000000 -0.000000 9.737182 -0.000026 5.180930 9.034726 0.000000 -0.000000 0.000000 -19.993607 -0.505202 -78.044043 0.000000 -0.000000 -0.000001 -20.999950 0.017214 -0.000001 0.000000 -0.000000 6.500279 -3.255180 -11.808108 -0.000000 0.000000 -0.000000 9.735531 0.000012 -5.180415 7.738457 0.000000 -0.000000 0.000000 -20.000000 -0.000083 -31.366097 0.000000 -0.000000 0.000000 -20.999981 0.000104 0.000001 0.000000 -0.000000 
-2.573863 97.107788 139.408081 -3.104030 0.000000 -0.000000 0.000000 0.000008 -0.000006 -0.000000 0.000000 -0.000000 -6.500005 -3.255150 10.015756 -0.000000 0.000000 -0.000000 -9.719193 -0.000002 5.172736 7.780047 0.000001 0.000001 0.000000 -19.999987 0.000074 -89.021516 0.000001 -0.000001 -0.000000 -21.000053 0.000076 -0.000000 0.000000 0.000000 -6.500000 -3.255142 -11.802606 -0.000000 -0.000000 -0.000000 -9.719196 -0.000036 -5.185901 2.070942 -0.000001 0.000000 -0.000001 -19.999998 -0.000364 -36.367523 -0.000000 0.000001 -0.000000 -20.999931 0.000361 -0.000003 0.000000 0.000000 6.498628 -3.255150 10.007552 -0.000000 0.000000 -0.000000 9.737182 -0.000012 5.180923 7.544062 0.000000 -0.000000 -0.000001 -19.993610 -0.505204 -71.371911 0.000000 -0.000000 -0.000001 -20.999958 0.017226 0.000001 0.000000 -0.000000 6.500279 -3.255173 -11.808116 -0.000000 0.000000 -0.000000 9.735531 0.000018 -5.180400 12.399770 0.000000 -0.000000 0.000001 -19.999996 -0.000085 -36.910697 0.000000 -0.000000 0.000000 -20.999981 0.000111 0.000001 0.000000 -0.000000 
-2.573863 96.558624 140.940643 -2.815010 0.000000 -0.000000 0.000000 0.000000 0.000006 -0.000000 0.000000 -0.000000 -6.500005 -3.255150 10.015752 -0.000000 0.000000 -0.000000 -9.719192 -0.000004 5.172729 6.268472 0.000001 0.000001 0.000002 -19.999983 0.000075 -84.606735 0.000001 -0.000001 -0.000002 -21.000042 0.000068 -0.000000 -0.000000 0.000000 -6.500001 -3.255150 -11.802604 -0.000001 0.000000 -0.000000 -9.719194 -0.000029 -5.185908 1.476853 -0.000001 -0.000000 -0.000001 -20.000002 -0.000355 -34.954542 -0.000000 0.000000 0.000002 -20.999943 0.000338 0.000000 0.000000 -0.000000 6.498628 -3.255157 10.007553 -0.000000 0.000000 -0.000000 9.737182 -0.000018 5.180932 5.883049 0.000000 -0.000000 -0.000001 -19.993601 -0.505207 -63.221215 0.000000 -0.000000 -0.000001 -20.999928 0.017207 0.000001 0.000000 -0.000000 6.500279 -3.255173 -11.808112 -0.000000 0.000000 -0.000000 9.735531 0.000008 -5.180400 17.701852 0.000000 -0.000000 0.000001 -20.000006 -0.000085 -43.939853 0.000000 -0.000000 0.000000 -20.999985 0.000096 0.000001 0.000000 -0.000000 
-2.573863 96.025803 142.473648 -2.335890 0.000000 -0.000000 -0.000000 0.000000 0.000002 -0.000000 0.000000 -0.000000 -6.500005 -3.255157 10.015761 -0.000000 0.000000 -0.000000 -9.719192 -0.000003 5.172730 4.412709 0.000001 0.000001 0.000000 -19.999998 0.000073 -79.493293 0.000001 -0.000001 -0.000002 -21.000046 0.000081 -0.000000 -0.000000 0.000000 -6.500001 -3.255158 -11.802603 -0.000001 0.000000 -0.000000 -9.719194 -0.000030 -5.185919 1.289875 -0.000000 -0.000000 0.000001 -19.999996 -0.000362 -35.061721 -0.000000 0.000000 0.000000 -20.999943 0.000345 0.000002 -0.000000 -0.000000 6.498628 -3.255165 10.007553 -0.000000 0.000000 -0.000000 9.737182 -0.000013 5.180934 3.073767 0.000000 -0.000000 -0.000001 -19.993597 -0.505181 -52.463810 0.000000 -0.000000 -0.000001 -20.999962 0.017191 0.000004 0.000000 0.000000 6.500278 -3.255180 -11.808106 -0.000000 0.000000 -0.000000 9.735531 0.000000 -5.180408 21.504033 0.000000 -0.000000 0.000000 -19.999989 -0.000085 -48.007740 0.000000 -0.000000 -0.000001 -20.999989 0.000100 0.000001 0.000000 -0.000000 
-2.573863 95.515282 144.004745 -1.725932 0.000000 -0.000000 0.000000 0.000000 0.000006 -0.000000 0.000000 -0.000000 -6.500005 -3.255165 10.015756 -0.000000 0.000000 -0.000000 -9.719192 -0.000008 5.172714 2.314177 0.000001 0.000001 0.000000 -19.999987 0.000072 -73.996248 0.000001 -0.000001 -0.000000 -21.000046 0.000074 -0.000000 0.000000 0.000000 -6.500001 -3.255157 -11.802606 -0.000001 0.000000 -0.000000 -9.719193 -0.000035 -5.185903 2.277686 -0.000000 -0.000000 0.000001 -19.999996 -0.000350 -36.926762 -0.000000 0.000001 -0.000002 -20.999943 0.000353 -0.000001 0.000000 0.000000 6.498628 -3.255165 10.007554 -0.000000 0.000000 -0.000000 9.737182 -0.000019 5.180919 1.050991 0.000000 -0.000000 -0.000001 -19.993610 -0.505195 -43.270129 0.000000 -0.000000 -0.000002 -20.999943 0.017203 0.000002 0.000000 -0.000000 6.500279 -3.255188 -11.808105 -0.000000 0.000000 -0.000000 9.735531 -0.000003 -5.180400 24.672178 0.000000 -0.000000 -0.000001 -19.999996 -0.000090 -50.930695 0.000000 -0.000000 0.000000 -20.999981 0.000092 0.000001 0.000000 -0.000000 
-2.573863 95.033035 145.531296 -1.020219 0.000000 -0.000000 0.000000 0.000008 0.000009 -0.000000 0.000000 -0.000000 -6.500005 -3.255157 10.015760 -0.000000 0.000000 -0.000000 -9.719192 0.000005 5.172734 0.040308 0.000001 0.000001 0.000002 -19.999985 0.000061 -68.723396 0.000001 -0.000001 0.000002 -21.000038 0.000077 0.000002 0.000000 0.000000 -6.500000 -3.255150 -11.802588 -0.000001 -0.000000 -0.000000 -9.719196 -0.000029 -5.185901 5.850053 -0.000000 -0.000000 -0.000003 -20.000013 -0.000344 -41.732104 -0.000000 0.000001 -0.000000 -20.999943 0.000361 -0.000001 0.000000 0.000000 6.498628 -3.255165 10.007548 -0.000000 0.000000 -0.000000 9.737182 -0.000008 5.180938 1.761345 -0.000000 0.000000 -0.000001 -19.993607 -0.505199 -40.069660 0.000000 0.000000 -0.000000 -20.999950 0.017191 0.000002 0.000000 0.000000 6.500279 -3.255173 -11.808099 -0.000000 0.000000 -0.000000 9.735531 -0.000007 -5.180392 27.338573 0.000000 -0.000000 0.000000 -19.999992 -0.000088 -53.033847 -0.000000 0.000000 0.000000 -20.999985 0.000106 -0.000001 0.000000 -0.000000 
-2.573863 94.585007 147.054901 -0.253832 0.000000 -0.000000 0.000000 0.000008 -0.000007 -0.000000 0.000000 -0.000000 -6.500005 -3.255142 10.015783 -0.000000 0.000000 -0.000000 -9.719193 -0.000003 5.172743 -2.498218 0.000001 0.000000 0.000000 -19.999971 0.000083 -63.186736 0.000001 -0.000001 -0.000000 -21.000050 0.000074 -0.000000 0.000000 0.000000 -6.500001 -3.255142 -11.802577 -0.000000 0.000000 -0.000000 -9.719196 -0.000022 -5.185904 10.061181 -0.000001 -0.000000 0.000001 -20.000013 -0.000350 -47.049072 -0.000000 0.000001 0.000000 -20.999943 0.000357 -0.000001 -0.000000 -0.000000 6.498628 -3.255150 10.007574 -0.000000 0.000000 -0.000000 9.737182 -0.000013 5.180947 4.191365 -0.000001 0.000000 -0.000001 -19.993601 -0.505179 -40.957106 0.000000 0.000000 0.000000 -20.999950 0.017199 -0.000003 0.000000 -0.000000 6.500279 -3.255180 -11.808086 -0.000000 0.000000 -0.000000 9.735531 0.000010 -5.180394 29.563333 0.000000 -0.000000 0.000000 -20.000000 -0.000103 -54.345237 0.000000 -0.000000 0.000000 -20.999989 0.000111 -0.000001 0.000000 -0.000000 
-2.573863 94.177185 148.574768 0.538146 0.000000 -0.000000 0.000000 0.000000 -0.000000 -0.000000 0.000000 -0.000000 -6.500005 -3.255150 10.015754 -0.000000 0.000000 -0.000000 -9.719192 -0.000016 5.172732 -5.926375 0.000001 0.000000 -0.000000 -19.999994 0.000097 -56.099318 0.000001 -0.000001 0.000000 -21.000042 0.000066 -0.000000 -0.000000 -0.000000 -6.500001 -3.255150 -11.802608 0.000000 0.000000 0.000000 -9.719196 -0.000040 -5.185891 13.194349 -0.000001 0.000000 0.000003 -20.000002 -0.000361 -50.508457 -0.000000 0.000001 0.000002 -20.999939 0.000338 0.000000 -0.000000 -0.000000 6.498628 -3.255157 10.007544 -0.000000 0.000000 -0.000000 9.737182 -0.000012 5.180937 8.397727 -0.000000 0.000000 -0.000001 -19.993610 -0.505184 -46.679159 -0.000000 0.000000 -0.000001 -20.999950 0.017191 0.000001 -0.000000 -0.000000 6.500279 -3.255173 -11.808116 -0.000000 0.000000 -0.000000 9.735531 -0.000010 -5.180406 31.441208 -0.000000 0.000000 -0.000000 -20.000008 -0.000081 -55.000952 -0.000000 0.000000 0.000001 -20.999989 0.000102 -0.000001 -0.000000 -0.000000 
-2.573863 93.815521 150.095383 1.320631 0.000000 -0.000000 0.000000 0.000008 0.000005 -0.000000 0.000000 -0.000000 -6.500005 -3.255150 10.015769 -0.000000 0.000000 -0.000000 -9.719192 -0.000005 5.172735 -8.569783 0.000000 0.000001 -0.000000 -19.999985 0.000078 -50.465727 0.000001 -0.000001 0.000002 -21.000046 0.000074 -0.000002 0.000000 0.000000 -6.500001 -3.255150 -11.802599 -0.000000 0.000000 -0.000000 -9.719196 -0.000029 -5.185908 15.972114 -0.000001 -0.000000 0.000001 -19.999996 -0.000360 -53.114259 -0.000000 0.000001 0.000000 -20.999947 0.000342 -0.000003 -0.000000 -0.000000 6.498628 -3.255150 10.007555 -0.000000 0.000000 -0.000000 9.737182 -0.000018 5.180937 13.116642 0.000000 -0.000000 -0.000002 -19.993603 -0.505209 -53.709264 0.000000 -0.000000 -0.000002 -20.999958 0.017211 0.000001 0.000000 -0.000000 6.500279 -3.255180 -11.808094 -0.000000 0.000000 -0.000000 9.735531 0.000008 -5.180401 33.000595 -0.000001 0.000000 0.000000 -19.999996 -0.000080 -55.001997 0.000000 -0.000000 -0.000001 -20.999989 0.000108 -0.000001 0.000000 0.000000 
-2.573863 93.526794 151.622223 2.098820 0.000000 -0.000000 0.000000 0.000000 0.000005 -0.000000 0.000000 -0.000000 -6.500005 -3.255142 10.015766 -0.000000 0.000000 -0.000000 -9.719192 -0.000011 5.172727 -8.570538 0.000000 0.000001 -0.000000 -19.999977 0.000070 -50.169386 0.000001 -0.000001 -0.000002 -21.000034 0.000070 -0.000000 -0.000000 -0.000000 -6.500000 -3.255150 -11.802590 -0.000000 -0.000000 -0.000000 -9.719195 -0.000022 -5.185888 18.513202 -0.000000 -0.000000 0.000001 -19.999989 -0.000356 -54.916852 -0.000000 0.000001 -0.000002 -20.999947 0.000357 -0.000001 -0.000000 -0.000000 6.498628 -3.255165 10.007562 -0.000000 0.000000 -0.000000 9.737182 -0.000015 5.180916 16.805114 0.000000 -0.000000 -0.000001 -19.993628 -0.505188 -58.251624 -0.000000 -0.000000 -0.000002 -20.999947 0.017199 -0.000001 -0.000000 0.000000 6.500279 -3.255180 -11.808105 -0.000000 0.000000 -0.000000 9.735531 0.000003 -5.180393 34.221228 0.000000 0.000000 -0.000001 -20.000006 -0.000088 -53.965178 0.000000 -0.000000 0.000000 -20.999981 0.000115 0.000001 0.000000 -0.000000 
-2.573863 93.254532 153.151291 2.716796 0.000000 -0.000000 0.000000 0.000000 0.000000 -0.000000 0.000000 -0.000000 -6.500005 -3.255157 10.015748 -0.000000 0.000000 -0.000000 -9.719192 -0.000010 5.172722 -7.104202 0.000000 0.000001 -0.000000 -19.999990 0.000077 -51.286910 0.000001 -0.000001 0.000002 -21.000023 0.000077 -0.000002 -0.000000 -0.000000 -6.500001 -3.255165 -11.802604 -0.000001 0.000000 -0.000000 -9.719195 -0.000019 -5.185913 20.912482 -0.000000 -0.000000 0.000003 -20.000017 -0.000365 -56.408019 -0.000000 0.000001 -0.000000 -20.999935 0.000346 -0.000003 0.000000 0.000000 6.498628 -3.255165 10.007550 -0.000000 0.000000 -0.000000 9.737182 -0.000019 5.180923 20.357398 0.000000 -0.000000 -0.000001 -19.993587 -0.505194 -61.860750 0.000000 -0.000000 -0.000001 -20.999947 0.017218 -0.000003 0.000000 -0.000000 6.500279 -3.255196 -11.808108 -0.000000 0.000000 -0.000000 9.735531 0.000001 -5.180407 35.343777 0.000001 -0.000000 -0.000000 -19.999992 -0.000088 -53.179139 0.000000 0.000000 0.000000 -20.999989 0.000098 0.000002 -0.000000 0.000000 
-2.573863 92.940392 154.681488 2.903251 0.000000 -0.000000 0.000000 0.000000 0.000004 -0.000000 0.000000 -0.000000 -6.500005 -3.255150 10.015767 -0.000000 0.000000 -0.000000 -9.719192 0.000002 5.172744 -4.742356 0.000000 0.000001 0.000002 -19.999985 0.000074 -49.921436 0.000001 -0.000001 0.000002 -21.000027 0.000073 -0.000000 -0.000000 -0.000000 -6.500000 -3.255150 -11.802594 -0.000000 -0.000000 -0.000000 -9.719195 -0.000029 -5.185890 23.281034 -0.000000 -0.000000 -0.000001 -19.999998 -0.000361 -58.265250 -0.000000 0.000001 -0.000002 -20.999954 0.000355 0.000000 -0.000000 -0.000000 6.498628 -3.255165 10.007568 -0.000000 0.000000 -0.000000 9.737182 -0.000008 5.180934 24.323847 0.000000 -0.000000 -0.000001 -19.993607 -0.505187 -64.759633 0.000000 -0.000000 -0.000001 -20.999954 0.017199 -0.000001 0.000000 -0.000000 6.500279 -3.255180 -11.808116 -0.000000 0.000000 -0.000000 9.735531 -0.000002 -5.180403 36.598916 0.000000 -0.000000 -0.000001 -20.000000 -0.000086 -54.335753 0.000000 0.000000 -0.000000 -20.999985 0.000083 0.000001 0.000000 0.000000 
-2.573863 92.616631 156.209610 3.009563 0.000000 -0.000000 0.000000 0.000008 -0.000005 -0.000000 0.000000 -0.000000 -6.500005 -3.255157 10.015761 -0.000000 0.000000 -0.000000 -9.719192 -0.000013 5.172750 -1.439056 0.000000 0.000001 -0.000002 -19.999987 0.000085 -49.876944 0.000001 -0.000001 -0.000002 -21.000031 0.000074 -0.000002 0.000000 0.000000 -6.500001 -3.255150 -11.802590 -0.000000 0.000000 -0.000000 -9.719196 -0.000038 -5.185900 25.688997 -0.000001 -0.000000 0.000003 -20.000008 -0.000356 -59.981929 -0.000000 0.000001 -0.000002 -20.999950 0.000359 -0.000003 -0.000000 -0.000000 6.498628 -3.255157 10.007561 -0.000000 0.000000 -0.000000 9.737182 -0.000017 5.180950 28.193266 0.000000 -0.000000 -0.000001 -19.993618 -0.505198 -67.147125 0.000000 -0.000000 0.000000 -20.999958 0.017214 0.000001 0.000000 -0.000000 6.500279 -3.255180 -11.808112 -0.000000 0.000000 -0.000000 9.735531 0.000003 -5.180382 37.996428 0.000000 -0.000000 0.000000 -20.000004 -0.000100 -55.841950 0.000000 -0.000000 0.000001 -20.999985 0.000111 -0.000000 0.000000 -0.000000 
-2.573863 92.256737 157.730881 3.340852 0.000000 -0.000000 0.000000 0.000008 0.000004 -0.000000 0.000000 -0.000000 -6.500005 -3.255157 10.015767 -0.000000 0.000000 -0.000000 -9.719192 -0.000008 5.172738 3.000921 0.000000 0.000001 -0.000002 -19.999983 0.000067 -55.106294 0.000001 -0.000001 -0.000002 -21.000015 0.000070 -0.000003 -0.000000 -0.000000 -6.500001 -3.255150 -11.802577 0.000000 0.000000 0.000000 -9.719196 -0.000025 -5.185888 28.487724 -0.000001 0.000000 -0.000001 -19.999990 -0.000363 -61.497043 -0.000000 0.000001 0.000000 -20.999943 0.000357 0.000000 -0.000000 -0.000000 6.498628 -3.255157 10.007575 -0.000000 0.000000 -0.000000 9.737182 -0.000008 5.180923 31.659798 0.000000 -0.000000 -0.000001 -19.993603 -0.505205 -69.510767 0.000000 -0.000000 -0.000002 -20.999947 0.017209 0.000001 0.000000 -0.000000 6.500279 -3.255180 -11.808103 -0.000000 0.000000 -0.000000 9.735531 -0.000001 -5.180408 39.861995 0.000000 0.000000 0.000001 -20.000004 -0.000082 -56.825620 0.000000 0.000000 0.000001 -20.999985 0.000123 0.000001 0.000000 -0.000000 
-2.573863 91.978722 159.248978 3.764592 0.000000 -0.000000 0.000000 0.000000 0.000008 -0.000000 0.000000 -0.000000 -6.500005 -3.255157 10.015771 -0.000000 0.000000 -0.000000 -9.719192 -0.000014 5.172729 7.558150 0.000000 0.000001 -0.000002 -19.999983 0.000088 -61.265964 0.000001 -0.000001 -0.000002 -21.000042 0.000081 0.000002 -0.000000 -0.000000 -6.500001 -3.255157 -11.802604 -0.000000 0.000000 -0.000000 -9.719196 -0.000028 -5.185923 30.944537 -0.000001 -0.000000 0.000001 -20.000008 -0.000357 -62.151163 -0.000000 0.000001 -0.000000 -20.999939 0.000365 0.000000 0.000000 0.000000 6.498628 -3.255165 10.007558 -0.000000 0.000000 -0.000000 9.737182 -0.000011 5.180926 34.657886 0.000000 -0.000000 -0.000003 -19.993603 -0.505187 -71.207447 0.000000 -0.000000 -0.000001 -20.999950 0.017239 0.000001 0.000000 -0.000000 6.500279 -3.255180 -11.808105 -0.000000 0.000000 -0.000000 9.735531 -0.000005 -5.180403 41.478783 0.000000 -0.000000 0.000000 -20.000008 -0.000093 -56.815566 0.000000 -0.000000 0.000000 -20.999985 0.000120 -0.000000 0.000000 -0.000000 
-2.573863 91.939926 160.765503 4.257672 0.000000 -0.000000 0.000000 0.000000 0.000001 -0.000000 0.000000 -0.000000 -6.500005 -3.255157 10.015767 -0.000000 0.000000 -0.000000 -9.719192 -0.000002 5.172745 11.057584 0.000000 0.000001 0.000000 -19.999968 0.000076 -64.735502 0.000001 -0.000001 -0.000000 -21.000034 0.000081 -0.000000 -0.000000 0.000000 -6.500000 -3.255150 -11.802598 -0.000000 -0.000000 -0.000000 -9.719196 -0.000026 -5.185901 32.264219 -0.000001 0.000000 0.000001 -19.999996 -0.000357 -60.990099 -0.000000 0.000001 0.000000 -20.999947 0.000357 0.000002 0.000000 -0.000000 6.498628 -3.255157 10.007545 -0.000000 0.000000 -0.000000 9.737182 -0.000010 5.180936 36.914608 0.000000 -0.000000 -0.000001 -19.993591 -0.505214 -71.541648 0.000000 -0.000000 -0.000003 -20.999947 0.017230 0.000001 0.000000 -0.000000 6.500279 -3.255188 -11.808103 -0.000000 0.000000 -0.000000 9.735531 0.000010 -5.180408 42.073624 -0.000000 0.000000 0.000001 -19.999994 -0.000090 -54.702500 -0.000000 0.000000 0.000000 -20.999985 0.000087 -0.000000 -0.000000 -0.000000 
-2.573863 91.995865 162.282028 4.796978 0.000000 -0.000000 0.000000 0.000008 -0.000003 -0.000000 0.000000 -0.000000 -6.500005 -3.255150 10.015752 -0.000000 0.000000 -0.000000 -9.719192 -0.000014 5.172748 14.161316 0.000000 0.000001 0.000000 -19.999983 0.000069 -67.298332 0.000001 -0.000001 -0.000000 -21.000027 0.000085 -0.000000 0.000000 0.000000 -6.500001 -3.255158 -11.802614 -0.000001 0.000000 -0.000000 -9.719194 -0.000020 -5.185906 32.985678 -0.000001 -0.000000 -0.000001 -19.999979 -0.000344 -58.837148 -0.000000 0.000001 -0.000002 -20.999947 0.000353 -0.000001 0.000000 0.000000 6.498628 -3.255157 10.007546 -0.000000 0.000000 -0.000000 9.737182 -0.000012 5.180925 38.746256 0.000000 -0.000000 -0.000001 -19.993597 -0.505198 -71.158038 0.000000 -0.000000 -0.000001 -20.999950 0.017222 0.000001 0.000000 -0.000000 6.500279 -3.255180 -11.808113 -0.000000 0.000000 -0.000000 9.735531 0.000006 -5.180387 42.141191 -0.000001 0.000000 -0.000002 -20.000019 -0.000082 -51.528498 -0.000000 0.000000 0.000001 -20.999977 0.000075 0.000000 -0.000000 -0.000000 
-2.573863 92.036575 163.800140 5.359398 0.000000 -0.000000 0.000000 0.000008 -0.000006 -0.000000 0.000000 -0.000000 -6.500005 -3.255157 10.015756 0.000000 0.000000 -0.000000 -9.719192 -0.000010 5.172731 17.178908 0.000000 0.000001 0.000002 -19.999975 0.000080 -69.634236 0.000001 -0.000001 0.000002 -21.000038 0.000093 -0.000002 -0.000000 0.000000 -6.500001 -3.255157 -11.802610 -0.000000 0.000000 -0.000000 -9.719195 -0.000026 -5.185905 33.445701 -0.000000 -0.000000 0.000001 -19.999985 -0.000341 -56.329800 -0.000000 0.000001 0.000002 -20.999947 0.000353 0.000000 0.000000 -0.000000 6.498628 -3.255157 10.007551 0.000000 0.000000 -0.000000 9.737182 -0.000016 5.180935 40.429536 0.000000 -0.000000 -0.000001 -19.993607 -0.505208 -70.571441 0.000000 -0.000000 -0.000001 -20.999947 0.017210 0.000001 0.000000 -0.000000 6.500278 -3.255180 -11.808104 0.000000 0.000000 -0.000000 9.735531 -0.000000 -5.180398 41.806283 -0.000000 0.000000 0.000001 -20.000015 -0.000094 -47.728607 0.000000 -0.000000 -0.000000 -20.999973 0.000097 0.000000 0.000000 0.000000 
-2.573863 92.115845 165.321396 5.921818 0.000000 -0.000000 0.000000 0.000008 -0.000002 -0.000000 0.000000 -0.000000 -6.500005 -3.255142 10.015759 -0.000000 0.000000 -0.000000 -9.719192 -0.000012 5.172735 19.992913 0.000000 0.000001 0.000000 -19.999985 0.000062 -71.433697 0.000001 -0.000001 0.000002 -21.000057 0.000088 -0.000000 -0.000000 0.000000 -6.500001 -3.255142 -11.802588 -0.000001 0.000000 -0.000000 -9.719195 -0.000032 -5.185903 33.455588 -0.000000 -0.000000 -0.000001 -19.999981 -0.000348 -53.071246 -0.000000 0.000001 0.000000 -20.999947 0.000348 -0.000000 -0.000000 0.000000 6.498628 -3.255150 10.007539 -0.000000 0.000000 -0.000000 9.737182 -0.000008 5.180927 41.810231 0.000000 -0.000000 -0.000001 -19.993620 -0.505196 -69.475817 0.000000 -0.000000 -0.000001 -20.999954 0.017199 -0.000001 0.000000 -0.000000 6.500279 -3.255173 -11.808106 -0.000000 0.000000 -0.000000 9.735531 0.000004 -5.180408 41.405201 0.000000 -0.000000 0.000000 -20.000000 -0.000080 -44.014692 0.000000 -0.000000 0.000000 -20.999981 0.000090 -0.000000 0.000000 -0.000000 
-2.573863 92.215973 166.846985 6.461126 0.000000 -0.000000 0.000000 -0.000000 0.000007 -0.000000 0.000000 -0.000000 -6.500005 -3.255150 10.015770 -0.000000 0.000000 -0.000000 -9.719192 0.000001 5.172719 22.680584 0.000000 0.000001 -0.000002 -19.999979 0.000080 -72.793014 0.000001 -0.000001 0.000000 -21.000050 0.000062 0.000002 -0.000000 -0.000000 -6.500000 -3.255150 -11.802595 -0.000001 -0.000000 -0.000000 -9.719195 -0.000021 -5.185894 32.431661 -0.000000 -0.000000 0.000003 -20.000002 -0.000352 -48.262451 -0.000000 0.000001 -0.000002 -20.999943 0.000357 -0.000000 -0.000000 0.000000 6.498628 -3.255157 10.007565 -0.000000 0.000000 -0.000000 9.737182 -0.000010 5.180924 42.957799 0.000000 -0.000000 -0.000001 -19.993620 -0.505185 -67.955977 -0.000000 0.000000 0.000000 -20.999958 0.017210 -0.000001 -0.000000 -0.000000 6.500279 -3.255165 -11.808109 -0.000000 0.000000 -0.000000 9.735531 0.000005 -5.180391 41.316757 -0.000000 0.000000 0.000000 -20.000019 -0.000091 -41.281469 0.000000 -0.000000 -0.000000 -20.999973 0.000097 0.000000 0.000000 0.000000 
-2.573863 92.441513 168.379715 6.954204 0.000000 -0.000000 0.000000 0.000008 -0.000001 -0.000000 0.000000 -0.000000 -6.500005 -3.255150 10.015752 -0.000000 0.000000 -0.000000 -9.719192 -0.000012 5.172729 24.967466 0.000001 0.000001 0.000000 -19.999968 0.000073 -73.174760 0.000001 -0.000001 -0.000000 -21.000053 0.000085 0.000002 -0.000000 -0.000000 -6.500001 -3.255150 -11.802612 -0.000000 0.000000 -0.000000 -9.719196 -0.000032 -5.185908 31.895559 -0.000001 -0.000000 0.000001 -19.999994 -0.000331 -43.747474 -0.000000 0.000001 0.000000 -20.999939 0.000350 0.000000 -0.000000 0.000000 6.498628 -3.255157 10.007545 -0.000000 0.000000 -0.000000 9.737182 -0.000016 5.180949 43.478242 0.000000 -0.000000 0.000000 -19.993601 -0.505179 -65.354242 0.000000 -0.000000 -0.000001 -20.999958 0.017210 0.000001 0.000000 -0.000000 6.500279 -3.255173 -11.808106 -0.000000 0.000000 -0.000000 9.735531 -0.000004 -5.180407 41.538164 -0.000001 0.000000 -0.000002 -20.000017 -0.000082 -39.415666 0.000000 0.000000 0.000000 -20.999989 0.000101 0.000001 -0.000000 -0.000000 
-2.573863 92.893951 169.923462 7.377946 0.000000 -0.000000 0.000000 -0.000008 0.000008 -0.000000 0.000000 -0.000000 -6.500005 -3.255157 10.015765 -0.000000 0.000000 -0.000000 -9.719192 -0.000021 5.172736 26.657836 0.000000 0.000001 0.000000 -19.999983 0.000070 -72.138976 0.000001 -0.000001 0.000000 -21.000048 0.000070 0.000005 0.000000 0.000000 -6.500001 -3.255157 -11.802609 0.000000 0.000000 0.000000 -9.719194 -0.000034 -5.185910 33.807476 -0.000000 -0.000000 -0.000001 -19.999987 -0.000354 -41.606418 -0.000000 0.000001 0.000000 -20.999943 0.000322 0.000000 -0.000000 0.000000 6.498628 -3.255173 10.007529 -0.000000 0.000000 -0.000000 9.737182 -0.000010 5.180923 42.913249 -0.000000 0.000000 -0.000002 -19.993618 -0.505195 -60.909421 0.000000 0.000000 -0.000001 -20.999950 0.017202 0.000001 0.000000 -0.000000 6.500279 -3.255196 -11.808129 -0.000000 0.000000 -0.000000 9.735531 0.000001 -5.180421 42.317735 -0.000000 0.000000 0.000001 -19.999996 -0.000086 -38.858483 -0.000000 -0.000000 -0.000001 -20.999985 0.000105 0.000001 0.000000 0.000000 
-2.573863 93.564827 171.476242 7.709235 0.000000 -0.000000 -0.000000 0.000008 -0.000005 -0.000000 0.000000 -0.000000 -6.500005 -3.255150 10.015765 -0.000000 0.000000 -0.000000 -9.719192 -0.000011 5.172727 27.592769 0.000000 0.000001 -0.000002 -19.999992 0.000081 -69.489600 0.000001 -0.000001 -0.000000 -21.000050 0.000075 0.000002 0.000000 0.000000 -6.500001 -3.255150 -11.802594 -0.000000 0.000000 -0.000000 -9.719195 -0.000008 -5.185908 36.268089 -0.000000 -0.000000 0.000001 -19.999992 -0.000337 -40.332195 -0.000000 0.000001 0.000000 -20.999947 0.000347 -0.000000 -0.000000 -0.000000 6.498628 -3.255165 10.007547 -0.000000 0.000000 -0.000000 9.737182 -0.000018 5.180927 41.525214 -0.000001 0.000000 -0.000003 -19.993618 -0.505198 -55.016945 0.000000 -0.000000 -0.000002 -20.999947 0.017224 0.000000 0.000000 -0.000000 6.500278 -3.255180 -11.808106 -0.000000 0.000000 -0.000000 9.735531 0.000006 -5.180401 43.280836 0.000000 -0.000000 0.000000 -20.000000 -0.000096 -38.841100 0.000000 -0.000000 0.000000 -20.999981 0.000086 0.000001 0.000000 -0.000000 
-2.573863 94.517487 173.038666 7.925986 0.000000 -0.000000 0.000000 0.000008 -0.000002 -0.000000 0.000000 -0.000000 -6.500005 -3.255142 10.015776 -0.000000 0.000000 -0.000000 -9.719192 -0.000007 5.172730 27.567494 0.000000 0.000001 0.000000 -19.999979 0.000063 -64.923789 0.000001 -0.000001 -0.000000 -21.000038 0.000065 0.000002 0.000000 0.000000 -6.500001 -3.255150 -11.802597 -0.000000 0.000000 -0.000000 -9.719196 -0.000020 -5.185899 37.880967 -0.000000 -0.000000 0.000001 -20.000000 -0.000359 -38.777955 -0.000000 0.000001 0.000004 -20.999939 0.000370 0.000000 0.000000 0.000000 6.498628 -3.255157 10.007565 -0.000000 0.000000 -0.000000 9.737182 -0.000014 5.180905 39.169673 -0.000000 0.000000 0.000000 -19.993610 -0.505181 -47.245692 0.000000 -0.000000 -0.000001 -20.999954 0.017197 0.000000 0.000000 0.000000 6.500278 -3.255173 -11.808100 -0.000000 0.000000 -0.000000 9.735531 0.000007 -5.180375 44.089226 0.000000 -0.000000 -0.000001 -20.000000 -0.000089 -38.628169 -0.000000 -0.000000 0.000000 -20.999985 0.000103 -0.000000 0.000000 -0.000000 
-2.573863 95.638008 174.606735 8.001999 0.000000 -0.000000 0.000000 0.000008 -0.000005 -0.000000 0.000000 -0.000000 -6.500005 -3.255150 10.015759 0.000001 0.000000 -0.000000 -9.719192 -0.000006 5.172740 26.523785 0.000000 0.000001 -0.000000 -19.999969 0.000078 -58.322043 0.000001 -0.000001 -0.000000 -21.000038 0.000064 -0.000000 0.000000 0.000000 -6.500001 -3.255150 -11.802607 0.000001 0.000000 -0.000000 -9.719196 -0.000024 -5.185891 39.097601 -0.000001 -0.000000 -0.000001 -19.999987 -0.000344 -37.943169 -0.000000 0.000001 -0.000000 -20.999954 0.000356 0.000000 0.000000 -0.000000 6.498628 -3.255158 10.007560 0.000001 0.000000 -0.000000 9.737182 -0.000013 5.180928 36.608766 0.000000 -0.000000 -0.000001 -19.993599 -0.505201 -39.314152 0.000000 -0.000000 -0.000001 -20.999958 0.017205 0.000000 0.000000 -0.000000 6.500279 -3.255188 -11.808095 0.000001 0.000000 -0.000000 9.735531 0.000008 -5.180417 44.882054 0.000000 -0.000000 0.000000 -19.999994 -0.000089 -38.560492 0.000000 -0.000000 0.000000 -20.999981 0.000102 0.000001 0.000000 -0.000000 
-2.573863 96.856796 176.177643 7.895613 0.000000 -0.000000 0.000000 0.000008 0.000008 -0.000000 0.000000 -0.000000 -6.500005 -3.255142 10.015775 0.000001 0.000000 -0.000000 -9.719193 -0.000003 5.172731 23.454721 0.000001 0.000000 -0.000000 -19.999981 0.000077 -47.556988 0.000000 -0.000001 -0.000002 -21.000042 0.000086 -0.000000 -0.000000 -0.000000 -6.500001 -3.255150 -11.802573 0.000001 0.000000 -0.000000 -9.719196 -0.000020 -5.185887 39.692050 -0.000001 0.000000 -0.000001 -19.999977 -0.000351 -38.421231 -0.000000 0.000001 -0.000000 -20.999943 0.000355 0.000000 0.000000 0.000000 6.498628 -3.255165 10.007580 0.000001 0.000000 -0.000000 9.737182 -0.000016 5.180912 34.274521 0.000000 -0.000000 -0.000001 -19.993610 -0.505190 -32.076440 -0.000000 -0.000000 0.000000 -20.999947 0.017221 -0.000000 0.000000 -0.000000 6.500279 -3.255172 -11.808089 0.000001 0.000000 -0.000000 9.735531 0.000007 -5.180394 45.515684 0.000000 -0.000000 0.000000 -20.000008 -0.000093 -38.109348 0.000000 -0.000000 -0.000001 -20.999989 0.000081 -0.000001 0.000000 -0.000000 
-2.573863 98.104248 177.748566 7.631136 0.000000 -0.000000 0.000000 0.000000 0.000000 -0.000000 0.000000 -0.000000 -6.500005 -3.255150 10.015768 -0.000000 0.000000 -0.000000 -9.719193 -0.000007 5.172736 21.001708 0.000001 0.000000 0.000001 -19.999969 0.000065 -38.349449 0.000000 -0.000001 -0.000002 -21.000038 0.000080 0.000001 -0.000000 -0.000000 -6.500001 -3.255150 -11.802612 -0.000000 0.000000 -0.000000 -9.719196 -0.000019 -5.185898 40.300230 -0.000001 -0.000000 -0.000001 -19.999998 -0.000350 -40.283551 -0.000000 0.000001 0.000002 -20.999943 0.000369 0.000000 0.000000 0.000000 6.498628 -3.255165 10.007553 -0.000000 0.000000 -0.000000 9.737182 -0.000016 5.180924 33.012691 0.000000 -0.000000 -0.000001 -19.993633 -0.505187 -27.694686 0.000000 -0.000000 0.000000 -20.999954 0.017243 -0.000000 0.000000 -0.000000 6.500279 -3.255180 -11.808107 -0.000000 0.000000 -0.000000 9.735531 0.000001 -5.180413 46.500088 0.000000 -0.000000 0.000000 -19.999989 -0.000074 -39.148032 0.000000 -0.000000 0.000000 -20.999992 0.000094 0.000001 0.000000 -0.000000 
-2.573863 99.310776 179.316650 7.207115 0.000000 -0.000000 0.000000 -0.000000 0.000006 -0.000000 0.000000 -0.000000 -6.500005 -3.255150 10.015743 0.000000 0.000000 -0.000000 -9.719193 -0.000013 5.172745 22.221752 0.000001 0.000000 0.000001 -19.999992 0.000058 -37.353096 0.000000 -0.000001 -0.000002 -21.000034 0.000080 -0.000000 -0.000000 -0.000000 -6.500001 -3.255150 -11.802623 0.000000 0.000000 -0.000000 -9.719196 -0.000028 -5.185872 41.618276 -0.000001 -0.000000 0.000001 -20.000000 -0.000364 -43.992770 -0.000000 0.000001 0.000000 -20.999943 0.000360 0.000000 -0.000000 0.000000 6.498628 -3.255165 10.007544 0.000000 0.000000 -0.000000 9.737182 -0.000023 5.180936 34.145991 0.000000 -0.000000 0.000000 -19.993614 -0.505212 -29.457715 0.000000 -0.000000 -0.000001 -20.999962 0.017205 0.000001 0.000000 -0.000000 6.500279 -3.255188 -11.808122 0.000000 0.000000 -0.000000 9.735531 -0.000003 -5.180388 48.565865 0.000000 -0.000000 0.000001 -20.000000 -0.000094 -43.821387 0.000000 -0.000000 0.000001 -20.999985 0.000081 0.000001 0.000000 -0.000000 
-2.573863 100.406754 180.879059 6.659192 0.000000 -0.000000 -0.000000 0.000000 0.000007 -0.000000 0.000000 -0.000000 -6.500005 -3.255150 10.015775 -0.000000 0.000000 -0.000000 -9.719192 -0.000014 5.172724 24.861141 0.000000 0.000000 0.000001 -19.999981 0.000059 -39.641930 0.000000 -0.000001 -0.000000 -21.000038 0.000070 0.000001 -0.000000 -0.000000 -6.500001 -3.255150 -11.802591 0.000000 0.000000 -0.000000 -9.719196 -0.000035 -5.185881 43.239756 -0.000001 -0.000000 0.000001 -19.999996 -0.000362 -48.968628 -0.000000 0.000001 -0.000000 -20.999939 0.000334 -0.000000 0.000000 0.000000 6.498628 -3.255165 10.007578 -0.000000 0.000000 -0.000000 9.737182 -0.000006 5.180919 36.675541 0.000000 -0.000000 -0.000001 -19.993601 -0.505175 -34.839415 0.000000 -0.000000 -0.000001 -20.999954 0.017207 -0.000000 0.000000 -0.000000 6.500278 -3.255188 -11.808094 -0.000000 0.000000 -0.000000 9.735531 0.000003 -5.180399 50.907517 0.000000 -0.000000 0.000000 -20.000004 -0.000104 -50.786025 0.000000 -0.000000 0.000000 -20.999981 0.000096 0.000000 0.000000 -0.000000 
-2.573863 101.296097 182.430984 6.013743 0.000000 -0.000000 0.000000 0.000008 0.000000 -0.000000 0.000000 -0.000000 -6.500005 -3.255150 10.015771 -0.000000 0.000000 -0.000000 -9.719192 -0.000006 5.172756 27.556381 0.000000 0.000000 -0.000001 -19.999973 0.000078 -42.094282 0.000000 -0.000001 -0.000000 -21.000042 0.000077 -0.000000 0.000000 0.000000 -6.500001 -3.255150 -11.802583 0.000000 0.000000 0.000000 -9.719196 -0.000032 -5.185894 45.068262 -0.000001 -0.000000 0.000001 -19.999996 -0.000370 -54.947957 -0.000000 0.000001 0.000000 -20.999939 0.000355 -0.000000 -0.000000 -0.000000 6.498628 -3.255157 10.007565 -0.000000 0.000000 -0.000000 9.737182 -0.000016 5.180923 40.268063 0.000000 -0.000000 -0.000001 -19.993612 -0.505183 -42.807234 0.000000 -0.000000 0.000000 -20.999943 0.017224 0.000000 0.000000 -0.000000 6.500278 -3.255180 -11.808087 -0.000000 0.000000 -0.000000 9.735531 0.000005 -5.180388 53.156418 0.000000 -0.000000 -0.000000 -20.000010 -0.000095 -60.004592 -0.000000 0.000000 0.000000 -20.999981 0.000067 0.000000 0.000000 0.000000 
-2.573863 101.988754 183.975601 5.297137 0.000000 -0.000000 0.000000 0.000008 0.000009 -0.000000 0.000000 -0.000000 -6.500005 -3.255150 10.015744 -0.000000 0.000000 -0.000000 -9.719192 -0.000015 5.172736 30.693798 0.000000 0.000000 -0.000000 -19.999994 0.000068 -45.950924 0.000000 -0.000001 -0.000000 -21.000038 0.000104 -0.000001 -0.000000 0.000000 -6.500001 -3.255150 -11.802617 -0.000000 0.000000 -0.000000 -9.719196 -0.000024 -5.185903 46.870008 -0.000001 -0.000000 0.000001 -20.000011 -0.000369 -61.442107 -0.000000 0.000001 0.000000 -20.999931 0.000351 -0.000000 -0.000000 -0.000000 6.498628 -3.255150 10.007542 -0.000000 0.000000 -0.000000 9.737182 -0.000024 5.180938 44.249480 0.000000 -0.000000 -0.000002 -19.993614 -0.505196 -52.169364 0.000000 -0.000000 0.000000 -20.999950 0.017206 0.000000 0.000000 -0.000000 6.500279 -3.255173 -11.808108 -0.000000 0.000000 -0.000000 9.735531 0.000003 -5.180415 54.732464 0.000000 -0.000000 0.000000 -19.999987 -0.000088 -69.703836 0.000000 -0.000000 -0.000001 -20.999977 0.000112 -0.000000 0.000000 -0.000000 
-2.573863 102.435394 185.513138 4.535746 0.000000 -0.000000 -0.000000 0.000015 -0.000005 -0.000000 0.000000 -0.000000 -6.500005 -3.255157 10.015765 -0.000000 0.000000 -0.000000 -9.719192 -0.000005 5.172752 34.430181 0.000000 0.000001 0.000002 -19.999990 0.000082 -51.806541 0.000001 -0.000001 0.000002 -21.000038 0.000088 -0.000000 0.000000 0.000000 -6.500000 -3.255142 -11.802598 -0.000000 -0.000000 -0.000000 -9.719196 -0.000034 -5.185901 48.519680 -0.000001 -0.000000 0.000001 -20.000019 -0.000357 -68.142660 -0.000001 0.000001 -0.000002 -20.999943 0.000359 -0.000001 -0.000000 -0.000000 6.498628 -3.255150 10.007565 -0.000000 0.000000 -0.000000 9.737182 -0.000011 5.180937 47.897480 0.000000 -0.000000 0.000000 -19.993618 -0.505180 -61.485315 0.000000 -0.000000 0.000000 -20.999950 0.017228 0.000001 0.000000 -0.000000 6.500278 -3.255173 -11.808093 -0.000000 0.000000 -0.000000 9.735531 -0.000000 -5.180387 54.822920 -0.000000 0.000000 0.000001 -20.000000 -0.000091 -78.189226 0.000000 -0.000000 -0.000000 -20.999981 0.000088 -0.000001 0.000000 0.000000 
-2.573863 102.717873 187.047562 3.755941 0.000000 -0.000000 0.000000 0.000000 0.000002 -0.000000 0.000000 -0.000000 -6.500005 -3.255150 10.015766 -0.000000 0.000000 -0.000000 -9.719192 -0.000012 5.172746 38.090602 0.000000 0.000001 -0.000002 -20.000004 0.000079 -58.477757 0.000001 -0.000001 -0.000002 -21.000046 0.000083 -0.000000 0.000000 0.000000 -6.500001 -3.255158 -11.802590 -0.000001 0.000000 -0.000000 -9.719196 -0.000014 -5.185898 49.595407 -0.000001 -0.000000 0.000003 -20.000032 -0.000366 -74.245768 -0.000001 0.000001 0.000002 -20.999954 0.000326 0.000002 0.000000 -0.000000 6.498628 -3.255157 10.007553 -0.000000 0.000000 -0.000000 9.737182 -0.000021 5.180934 51.023265 0.000000 -0.000000 0.000000 -19.993637 -0.505195 -70.468564 0.000000 -0.000000 -0.000003 -20.999958 0.017226 0.000001 0.000000 -0.000000 6.500279 -3.255188 -11.808120 -0.000000 0.000000 -0.000000 9.735531 -0.000002 -5.180395 53.757093 -0.000001 0.000001 -0.000002 -20.000021 -0.000082 -85.187499 -0.000000 0.000000 -0.000001 -20.999977 0.000090 0.000001 0.000000 -0.000000 
-2.573863 102.895355 188.583496 2.984092 0.000000 -0.000000 0.000000 0.000008 -0.000013 0.000000 0.000000 -0.000000 -6.500005 -3.255157 10.015757 0.000000 0.000000 -0.000000 -9.719192 -0.000008 5.172737 41.055980 0.000000 0.000001 0.000000 -19.999987 0.000082 -65.047068 0.000001 -0.000001 0.000002 -21.000034 0.000081 0.000002 -0.000000 -0.000000 -6.500000 -3.255150 -11.802589 -0.000000 -0.000000 -0.000000 -9.719196 -0.000014 -5.185895 49.600929 -0.000001 -0.000000 0.000003 -20.000021 -0.000370 -78.715560 -0.000001 0.000001 0.000000 -20.999943 0.000346 0.000000 -0.000000 -0.000000 6.498628 -3.255165 10.007556 0.000000 0.000000 -0.000000 9.737182 -0.000019 5.180935 53.163163 0.000000 -0.000000 -0.000001 -19.993626 -0.505189 -78.352850 0.000000 -0.000000 0.000000 -20.999943 0.017205 -0.000001 0.000000 -0.000000 6.500279 -3.255180 -11.808112 0.000000 0.000000 -0.000000 9.735531 0.000002 -5.180400 51.489555 -0.000000 0.000000 -0.000002 -20.000019 -0.000076 -89.624711 0.000000 0.000000 0.000000 -20.999977 0.000094 0.000001 0.000000 -0.000000 
-2.573863 102.986496 190.119354 2.246572 0.000000 -0.000000 0.000000 0.000008 0.000006 -0.000000 0.000000 -0.000000 -6.500005 -3.255150 10.015765 0.000000 0.000000 -0.000000 -9.719192 -0.000020 5.172739 43.315420 0.000000 0.000001 -0.000002 -20.000008 0.000088 -71.311416 0.000001 -0.000001 0.000000 -21.000042 0.000070 -0.000002 -0.000000 -0.000000 -6.500001 -3.255150 -11.802613 0.000000 0.000000 -0.000000 -9.719196 -0.000027 -5.185886 48.634294 -0.000001 -0.000000 0.000001 -20.000008 -0.000363 -81.939655 -0.000001 0.000001 0.000000 -20.999947 0.000368 -0.000001 0.000000 -0.000000 6.498628 -3.255157 10.007544 0.000000 0.000000 -0.000000 9.737182 -0.000016 5.180943 54.419375 0.000000 -0.000000 0.000000 -19.993616 -0.505185 -85.136867 0.000000 -0.000000 -0.000001 -20.999950 0.017210 0.000001 0.000000 -0.000000 6.500279 -3.255180 -11.808098 0.000000 0.000000 -0.000000 9.735531 0.000004 -5.180411 48.331815 0.000000 -0.000000 -0.000001 -20.000013 -0.000079 -92.208455 0.000000 -0.000000 0.000001 -20.999966 0.000092 -0.000001 0.000000 -0.000000 
-2.573863 103.030998 191.655121 1.583400 0.000000 -0.000000 0.000000 0.000000 -0.000000 -0.000000 0.000000 -0.000000 -6.500005 -3.255157 10.015757 -0.000000 0.000000 -0.000000 -9.719192 -0.000029 5.172723 44.629504 0.000001 0.000001 0.000002 -19.999983 0.000078 -76.681523 0.000001 -0.000001 -0.000000 -21.000038 0.000089 0.000003 -0.000000 0.000000 -6.500000 -3.255157 -11.802599 -0.000000 -0.000000 -0.000000 -9.719196 -0.000030 -5.185918 46.538129 -0.000001 0.000000 -0.000001 -20.000010 -0.000346 -83.831365 -0.000001 0.000001 0.000000 -20.999939 0.000350 -0.000003 -0.000000 -0.000000 6.498628 -3.255165 10.007556 -0.000000 0.000000 -0.000000 9.737182 -0.000009 5.180916 54.723182 0.000000 -0.000000 -0.000001 -19.993608 -0.505174 -90.520681 0.000000 -0.000000 -0.000003 -20.999950 0.017219 -0.000001 0.000000 -0.000000 6.500279 -3.255188 -11.808096 -0.000000 0.000000 -0.000000 9.735531 -0.000001 -5.180410 44.567893 0.000000 -0.000000 -0.000001 -19.999989 -0.000069 -93.134766 0.000000 0.000000 -0.000001 -20.999996 0.000100 -0.000001 0.000000 -0.000000 
-2.573863 103.024872 193.190781 0.980000 0.000000 -0.000000 0.000000 0.000000 -0.000005 -0.000000 0.000000 -0.000000 -6.500005 -3.255150 10.015759 -0.000000 0.000000 -0.000000 -9.719192 -0.000027 5.172734 45.064608 0.000001 0.000001 -0.000002 -19.999983 0.000083 -81.398411 0.000001 -0.000001 0.000002 -21.000031 0.000070 -0.000000 -0.000000 -0.000000 -6.500001 -3.255157 -11.802604 -0.000001 0.000000 -0.000000 -9.719196 -0.000013 -5.185924 43.582467 -0.000001 -0.000000 0.000001 -19.999998 -0.000351 -84.777886 -0.000001 0.000001 0.000002 -20.999950 0.000345 0.000000 0.000000 -0.000000 6.498628 -3.255165 10.007548 -0.000000 0.000000 -0.000000 9.737182 -0.000017 5.180906 54.123648 0.000000 -0.000000 -0.000001 -19.993601 -0.505182 -94.633992 0.000000 -0.000000 0.000000 -20.999949 0.017206 -0.000005 0.000000 -0.000000 6.500279 -3.255196 -11.808113 -0.000000 0.000000 -0.000000 9.735531 0.000014 -5.180405 40.234821 0.000001 -0.000001 0.000001 -20.000011 -0.000101 -92.864509 -0.000000 -0.000000 -0.000000 -20.999969 0.000104 -0.000001 0.000000 0.000000 
-2.573863 102.984619 194.726349 0.441735 0.000000 -0.000000 0.000000 0.000000 0.000001 -0.000000 0.000000 -0.000000 -6.500005 -3.255157 10.015774 -0.000000 0.000000 -0.000000 -9.719192 -0.000015 5.172740 44.599728 0.000001 0.000001 0.000000 -19.999977 0.000077 -85.490671 0.000001 -0.000001 0.000002 -21.000046 0.000085 0.000002 -0.000000 -0.000000 -6.500001 -3.255158 -11.802601 -0.000001 0.000000 -0.000000 -9.719195 -0.000028 -5.185901 39.884408 -0.000001 -0.000000 0.000001 -20.000010 -0.000354 -85.172903 -0.000001 0.000001 0.000000 -20.999931 0.000334 -0.000001 -0.000000 -0.000000 6.498628 -3.255157 10.007564 -0.000000 0.000000 -0.000000 9.737182 -0.000013 5.180939 52.609775 0.000000 -0.000000 0.000000 -19.993626 -0.505208 -97.409952 0.000000 -0.000000 0.000000 -20.999947 0.017241 -0.000003 0.000000 0.000000 6.500279 -3.255188 -11.808109 -0.000000 0.000000 -0.000000 9.735531 0.000009 -5.180398 35.251286 0.000000 -0.000000 -0.000001 -20.000017 -0.000065 -91.866557 -0.000000 0.000000 -0.000001 -20.999962 0.000092 0.000001 0.000000 0.000000 
-2.573863 102.888535 196.261810 -0.051194 0.000000 -0.000000 0.000000 0.000000 -0.000001 0.000000 0.000000 -0.000000 -6.500005 -3.255150 10.015775 0.000000 0.000000 -0.000000 -9.719193 -0.000020 5.172736 43.257524 0.000000 0.000001 0.000000 -19.999962 0.000061 -89.006435 0.000001 -0.000001 0.000000 -21.000050 0.000062 0.000003 -0.000000 -0.000000 -6.500001 -3.255150 -11.802602 -0.000001 0.000000 -0.000000 -9.719195 -0.000024 -5.185916 35.745300 -0.000000 -0.000001 0.000001 -19.999989 -0.000354 -84.910467 -0.000001 0.000001 -0.000002 -20.999943 0.000365 0.000002 -0.000000 -0.000000 6.498628 -3.255157 10.007565 0.000000 0.000000 -0.000000 9.737182 -0.000015 5.180930 50.292845 0.000000 -0.000000 0.000000 -19.993587 -0.505185 -99.138195 0.000000 -0.000000 -0.000001 -20.999939 0.017202 -0.000003 0.000000 -0.000000 6.500279 -3.255188 -11.808110 0.000000 0.000000 -0.000000 9.735531 0.000003 -5.180414 30.256331 0.000000 -0.000000 0.000000 -20.000006 -0.000095 -90.313146 0.000000 -0.000000 0.000000 -20.999985 0.000086 0.000001 0.000000 -0.000000 
-2.573863 102.718307 197.797211 -0.522800 0.000000 -0.000000 0.000000 0.000008 -0.000006 -0.000000 0.000000 -0.000000 -6.500005 -3.255150 10.015759 -0.000000 0.000000 -0.000000 -9.719193 -0.000013 5.172731 41.002387 0.000000 0.000001 0.000000 -19.999975 0.000081 -92.068826 0.000002 -0.000001 0.000000 -21.000019 0.000070 -0.000002 -0.000000 -0.000000 -6.500000 -3.255142 -11.802601 -0.000000 -0.000000 -0.000000 -9.719195 -0.000020 -5.185905 31.405124 -0.000001 -0.000000 0.000001 -19.999998 -0.000348 -83.932179 -0.000001 0.000001 -0.000000 -20.999950 0.000346 0.000000 0.000000 0.000000 6.498628 -3.255150 10.007565 -0.000000 0.000000 -0.000000 9.737182 -0.000010 5.180914 47.202423 -0.000000 0.000000 0.000001 -19.993607 -0.505199 -100.042355 -0.000000 0.000000 -0.000001 -20.999931 0.017173 0.000001 -0.000000 -0.000000 6.500279 -3.255180 -11.808110 -0.000000 0.000000 -0.000000 9.735531 0.000014 -5.180402 25.718498 -0.000000 0.000000 0.000000 -20.000010 -0.000100 -88.357936 0.000000 -0.000000 -0.000000 -20.999958 0.000102 0.000001 0.000000 0.000000 
-2.573863 102.480247 199.332474 -0.955078 0.000000 -0.000000 0.000000 0.000000 0.000015 -0.000000 0.000000 -0.000000 -6.500005 -3.255142 10.015777 -0.000000 0.000000 -0.000000 -9.719193 -0.000015 5.172736 37.988160 0.000001 0.000001 0.000000 -19.999979 0.000085 -94.481604 0.000002 -0.000001 0.000002 -21.000034 0.000062 -0.000000 -0.000000 0.000000 -6.500001 -3.255150 -11.802602 -0.000000 0.000000 -0.000000 -9.719196 -0.000020 -5.185894 27.164882 -0.000001 -0.000000 0.000003 -20.000010 -0.000346 -82.489035 -0.000001 0.000001 0.000000 -20.999943 0.000346 0.000002 0.000000 0.000000 6.498628 -3.255150 10.007565 -0.000000 0.000000 -0.000000 9.737182 -0.000023 5.180930 43.572700 -0.000001 0.000001 -0.000002 -19.993626 -0.505202 -100.253694 0.000000 -0.000000 0.000000 -20.999935 0.017215 -0.000001 0.000000 -0.000000 6.500279 -3.255180 -11.808097 -0.000000 0.000000 -0.000000 9.735531 -0.000001 -5.180385 22.067955 0.000000 -0.000000 0.000000 -19.999996 -0.000097 -86.525615 0.000000 -0.000000 0.000000 -20.999985 0.000102 0.000001 0.000000 -0.000000 
-2.573863 102.170975 200.867615 -1.333340 0.000000 -0.000000 0.000000 -0.000000 -0.000001 -0.000000 0.000000 -0.000000 -6.500005 -3.255150 10.015758 -0.000000 0.000000 -0.000000 -9.719193 -0.000008 5.172715 34.241524 0.000001 0.000001 0.000002 -19.999981 0.000077 -96.050437 0.000002 -0.000001 0.000002 -21.000011 0.000074 -0.000000 0.000000 0.000000 -6.500000 -3.255150 -11.802606 -0.000000 -0.000000 -0.000000 -9.719195 -0.000023 -5.185890 23.469973 -0.000001 -0.000000 -0.000001 -19.999989 -0.000351 -81.170296 -0.000001 0.000001 -0.000002 -20.999943 0.000334 0.000002 -0.000000 -0.000000 6.498628 -3.255157 10.007559 -0.000000 0.000000 -0.000000 9.737182 -0.000016 5.180937 39.607680 -0.000000 0.000000 -0.000001 -19.993614 -0.505222 -99.952708 0.000000 -0.000000 -0.000001 -20.999947 0.017215 0.000001 0.000000 0.000000 6.500279 -3.255180 -11.808103 -0.000000 0.000000 -0.000000 9.735531 0.000012 -5.180404 20.289029 0.000000 -0.000000 0.000000 -20.000006 -0.000079 -86.195915 0.000000 -0.000000 -0.000001 -20.999981 0.000100 0.000001 0.000000 -0.000000 
-2.573863 101.801117 202.402603 -1.671649 0.000000 -0.000000 0.000000 0.000000 -0.000005 -0.000000 0.000000 -0.000000 -6.500005 -3.255142 10.015758 -0.000000 0.000000 -0.000000 -9.719192 -0.000009 5.172735 30.108273 0.000001 0.000001 -0.000001 -19.999990 0.000078 -96.892906 0.000002 -0.000001 -0.000000 -21.000038 0.000081 -0.000002 0.000000 0.000000 -6.500001 -3.255150 -11.802613 -0.000001 0.000000 -0.000000 -9.719193 -0.000030 -5.185921 20.127133 -0.000000 -0.000001 0.000001 -20.000002 -0.000355 -78.902461 -0.000001 0.000001 0.000000 -20.999928 0.000334 0.000000 0.000000 -0.000000 6.498628 -3.255150 10.007542 -0.000000 0.000000 -0.000000 9.737182 -0.000013 5.180933 35.427450 0.000000 -0.000000 -0.000001 -19.993618 -0.505200 -99.215683 0.000000 -0.000000 -0.000001 -20.999939 0.017214 0.000001 0.000000 -0.000000 6.500279 -3.255180 -11.808127 -0.000000 0.000000 -0.000000 9.735531 0.000019 -5.180396 19.187854 0.000000 -0.000000 0.000000 -20.000010 -0.000081 -84.957328 0.000000 -0.000000 -0.000001 -20.999973 0.000108 -0.000001 0.000000 -0.000000 
-2.573863 101.375885 203.937439 -1.977215 0.000000 -0.000000 0.000000 0.000000 -0.000002 -0.000000 0.000000 -0.000000 -6.500005 -3.255150 10.015752 -0.000000 0.000000 -0.000000 -9.719192 -0.000006 5.172729 25.821648 0.000001 0.000001 -0.000001 -19.999977 0.000099 -96.963742 0.000002 -0.000001 -0.000000 -21.000034 0.000081 -0.000000 -0.000000 0.000000 -6.500001 -3.255142 -11.802594 -0.000001 0.000000 -0.000000 -9.719195 -0.000032 -5.185904 17.131475 -0.000000 -0.000000 0.000001 -19.999983 -0.000359 -74.533749 -0.000001 0.000001 0.000002 -20.999947 0.000338 0.000002 0.000000 -0.000000 6.498628 -3.255157 10.007547 -0.000000 0.000000 -0.000000 9.737182 -0.000000 5.180923 31.207148 0.000000 -0.000000 -0.000001 -19.993603 -0.505185 -98.237450 0.000000 0.000000 -0.000001 -20.999966 0.017230 0.000001 0.000000 -0.000000 6.500279 -3.255173 -11.808110 -0.000000 0.000000 -0.000000 9.735531 -0.000001 -5.180396 18.006429 -0.000000 0.000000 -0.000000 -19.999992 -0.000082 -80.582763 0.000000 0.000000 -0.000000 -20.999996 0.000108 -0.000001 0.000000 0.000000 
-2.573863 100.908249 205.472092 -2.255906 0.000000 -0.000000 0.000000 0.000008 0.000005 -0.000000 0.000000 -0.000000 -6.500005 -3.255150 10.015756 -0.000000 0.000000 -0.000000 -9.719192 -0.000016 5.172758 21.746016 0.000001 0.000001 0.000000 -19.999983 0.000071 -96.557339 0.000002 -0.000001 -0.000000 -21.000069 0.000073 0.000002 0.000000 0.000000 -6.500001 -3.255158 -11.802596 -0.000001 0.000000 -0.000000 -9.719196 -0.000027 -5.185889 14.363200 -0.000001 -0.000000 0.000001 -19.999996 -0.000350 -68.888421 -0.000001 0.000001 -0.000000 -20.999939 0.000342 0.000002 0.000000 0.000000 6.498628 -3.255157 10.007564 -0.000000 0.000000 -0.000000 9.737182 -0.000021 5.180946 26.985423 0.000001 -0.000001 -0.000001 -19.993610 -0.505190 -96.843388 0.000000 -0.000000 -0.000001 -20.999962 0.017199 0.000001 0.000000 -0.000000 6.500279 -3.255180 -11.808099 -0.000000 0.000000 -0.000000 9.735531 -0.000001 -5.180385 16.421515 0.000000 -0.000000 0.000000 -19.999983 -0.000067 -73.898733 0.000000 -0.000000 0.000000 -20.999985 0.000104 -0.000001 0.000000 -0.000000 
-2.573863 100.411758 207.006531 -2.521284 0.000000 -0.000000 0.000000 0.000008 0.000004 -0.000000 0.000000 -0.000000 -6.500005 -3.255150 10.015763 -0.000000 0.000000 -0.000000 -9.719193 0.000003 5.172746 18.357660 0.000001 0.000001 0.000002 -19.999975 0.000078 -95.889388 0.000002 -0.000001 -0.000000 -21.000061 0.000077 -0.000001 0.000000 0.000000 -6.500000 -3.255142 -11.802596 -0.000000 -0.000000 -0.000000 -9.719198 -0.000023 -5.185891 11.608597 -0.000001 0.000000 0.000001 -20.000004 -0.000358 -61.940786 -0.000000 0.000001 -0.000002 -20.999924 0.000350 -0.000003 -0.000000 0.000000 6.498628 -3.255150 10.007554 -0.000000 0.000000 -0.000000 9.737182 -0.000001 5.180932 22.774805 0.000000 -0.000000 -0.000000 -19.993626 -0.505204 -94.907452 -0.000000 0.000000 -0.000000 -20.999977 0.017218 -0.000003 0.000000 0.000000 6.500278 -3.255180 -11.808086 -0.000000 0.000000 -0.000000 9.735531 0.000001 -5.180402 13.470812 0.000000 -0.000000 0.000000 -20.000006 -0.000097 -64.285761 -0.000000 -0.000000 -0.000001 -20.999966 0.000092 0.000001 0.000000 -0.000000 
-2.573863 99.889839 208.540771 -2.757484 0.000000 -0.000000 0.000000 -0.000008 0.000004 -0.000000 0.000000 -0.000000 -6.500005 -3.255157 10.015752 -0.000000 0.000000 -0.000000 -9.719193 -0.000009 5.172744 15.554059 0.000001 0.000001 0.000000 -19.999981 0.000071 -95.150669 0.000002 -0.000001 -0.000000 -21.000031 0.000068 -0.000000 0.000000 0.000000 -6.500001 -3.255157 -11.802598 0.000000 0.000000 -0.000000 -9.719196 -0.000023 -5.185910 9.144429 -0.000001 -0.000000 0.000001 -20.000002 -0.000378 -55.088966 -0.000000 0.000001 -0.000000 -20.999939 0.000334 0.000002 0.000000 0.000000 6.498628 -3.255150 10.007554 -0.000000 0.000000 -0.000000 9.737182 -0.000022 5.180928 18.828825 0.000000 -0.000000 -0.000002 -19.993603 -0.505197 -92.479013 0.000000 -0.000000 -0.000002 -20.999950 0.017207 -0.000001 0.000000 -0.000000 6.500279 -3.255180 -11.808121 -0.000000 0.000000 -0.000000 9.735531 0.000008 -5.180404 10.313494 0.000001 -0.000000 0.000001 -20.000006 -0.000102 -53.854764 0.000000 0.000000 0.000001 -20.999969 0.000108 -0.000001 0.000000 -0.000000 
-2.573863 99.348480 210.074768 -2.956003 0.000000 -0.000000 0.000000 0.000008 0.000006 -0.000000 0.000000 -0.000000 -6.500005 -3.255157 10.015768 -0.000000 0.000000 -0.000000 -9.719193 -0.000013 5.172726 13.495597 0.000000 0.000001 0.000000 -19.999983 0.000054 -94.730721 0.000002 -0.000001 -0.000000 -21.000057 0.000078 0.000001 0.000000 0.000000 -6.500001 -3.255157 -11.802600 0.000000 0.000000 0.000000 -9.719196 -0.000024 -5.185900 7.261284 -0.000000 -0.000000 0.000001 -19.999992 -0.000376 -50.036815 -0.000000 0.000001 0.000000 -20.999935 0.000376 0.000000 -0.000000 -0.000000 6.498628 -3.255157 10.007567 -0.000000 0.000000 -0.000000 9.737182 -0.000030 5.180910 15.373441 -0.000000 0.000000 -0.000002 -19.993601 -0.505184 -89.557809 0.000000 0.000000 -0.000001 -20.999962 0.017214 0.000001 -0.000000 -0.000000 6.500278 -3.255188 -11.808095 -0.000000 0.000000 -0.000000 9.735531 -0.000000 -5.180408 7.606863 0.000000 -0.000000 -0.000000 -20.000004 -0.000079 -44.105929 0.000000 -0.000000 0.000001 -20.999977 0.000100 0.000001 0.000000 0.000000 
-2.573863 98.793625 211.608521 -3.108334 0.000000 -0.000000 0.000000 0.000008 -0.000003 0.000000 0.000000 -0.000000 -6.500005 -3.255135 10.015780 -0.000000 0.000000 -0.000000 -9.719193 -0.000007 5.172727 11.869749 0.000001 0.000001 0.000000 -19.999983 0.000094 -94.248920 0.000002 -0.000001 -0.000000 -21.000042 0.000075 0.000000 -0.000000 0.000000 -6.500001 -3.255150 -11.802583 -0.000000 0.000000 -0.000000 -9.719195 -0.000019 -5.185903 5.703949 -0.000000 -0.000000 -0.000001 -20.000004 -0.000340 -45.841358 -0.000000 0.000001 0.000000 -20.999943 0.000349 0.000000 -0.000000 0.000000 6.498628 -3.255150 10.007562 -0.000000 0.000000 -0.000000 9.737182 -0.000009 5.180932 12.503974 -0.000001 0.000001 -0.000000 -19.993607 -0.505196 -86.166805 0.000000 0.000000 -0.000001 -20.999950 0.017211 -0.000000 0.000000 -0.000000 6.500279 -3.255165 -11.808078 -0.000000 0.000000 -0.000000 9.735531 0.000007 -5.180397 5.894254 0.000000 -0.000000 0.000001 -20.000000 -0.000078 -36.251892 0.000000 -0.000000 0.000000 -20.999969 0.000088 0.000001 0.000000 -0.000000 
-2.573863 98.231247 213.141998 -3.222884 0.000000 -0.000000 0.000000 0.000000 0.000006 -0.000000 0.000000 -0.000000 -6.500005 -3.255150 10.015772 -0.000000 0.000000 -0.000000 -9.719193 -0.000001 5.172731 10.453352 0.000001 0.000001 0.000000 -19.999985 0.000051 -93.725714 0.000002 -0.000001 0.000000 -21.000027 0.000070 0.000000 0.000000 0.000000 -6.500000 -3.255150 -11.802594 -0.000000 -0.000000 -0.000000 -9.719196 -0.000015 -5.185916 4.283705 -0.000000 -0.000000 0.000001 -20.000004 -0.000361 -42.036642 -0.000000 0.000001 -0.000000 -20.999935 0.000345 0.000000 0.000000 -0.000000 6.498628 -3.255157 10.007567 -0.000000 0.000000 -0.000000 9.737182 -0.000007 5.180931 10.571027 -0.000000 0.000000 -0.000001 -19.993610 -0.505205 -82.637332 0.000000 0.000000 -0.000002 -20.999973 0.017199 0.000001 0.000000 -0.000000 6.500279 -3.255180 -11.808092 -0.000000 0.000000 -0.000000 9.735531 -0.000002 -5.180424 5.917441 -0.000000 0.000000 -0.000000 -19.999996 -0.000081 -31.922962 -0.000000 0.000000 0.000000 -20.999985 0.000083 0.000002 -0.000000 -0.000000 
-2.573863 97.667313 214.675186 -3.240405 0.000000 -0.000000 0.000000 0.000008 -0.000003 -0.000000 0.000000 -0.000000 -6.500005 -3.255150 10.015774 -0.000000 0.000000 -0.000000 -9.719192 -0.000005 5.172727 9.138715 0.000001 0.000001 -0.000001 -19.999975 0.000062 -92.347620 0.000002 -0.000001 -0.000000 -21.000072 0.000068 -0.000000 -0.000000 0.000000 -6.500001 -3.255150 -11.802581 -0.000001 0.000000 -0.000000 -9.719196 -0.000017 -5.185912 3.091670 -0.000001 -0.000000 -0.000001 -20.000010 -0.000368 -38.895281 -0.000000 0.000001 0.000000 -20.999943 0.000353 -0.000001 0.000000 -0.000000 6.498628 -3.255165 10.007568 -0.000000 0.000000 -0.000000 9.737182 -0.000018 5.180930 9.034726 0.000000 -0.000000 0.000000 -19.993614 -0.505202 -78.044043 0.000000 -0.000000 -0.000001 -20.999935 0.017207 -0.000001 0.000000 -0.000000 6.500279 -3.255173 -11.808108 -0.000000 0.000000 -0.000000 9.735531 0.000012 -5.180408 7.738457 0.000000 -0.000000 0.000000 -20.000000 -0.000098 -31.366097 0.000000 -0.000000 0.000000 -20.999989 0.000096 0.000001 0.000000 -0.000000 
-2.573863 97.107788 216.208084 -3.104030 0.000000 -0.000000 0.000000 0.000008 -0.000006 -0.000000 0.000000 -0.000000 -6.500005 -3.255150 10.015771 -0.000000 0.000000 -0.000000 -9.719192 -0.000002 5.172721 7.780047 0.000001 0.000001 0.000000 -19.999987 0.000074 -89.021516 0.000001 -0.000001 0.000002 -21.000023 0.000064 -0.000000 -0.000000 0.000000 -6.500001 -3.255142 -11.802598 -0.000001 0.000000 -0.000000 -9.719196 -0.000028 -5.185907 2.070942 -0.000001 0.000000 -0.000001 -19.999998 -0.000357 -36.367523 -0.000000 0.000001 0.000002 -20.999916 0.000354 -0.000003 -0.000000 0.000000 6.498628 -3.255150 10.007552 -0.000000 0.000000 -0.000000 9.737182 -0.000012 5.180939 7.544062 0.000000 -0.000000 -0.000001 -19.993618 -0.505189 -71.371911 0.000000 -0.000000 -0.000001 -20.999973 0.017226 0.000001 0.000000 -0.000000 6.500279 -3.255173 -11.808108 -0.000000 0.000000 -0.000000 9.735531 0.000010 -5.180400 12.399770 0.000000 -0.000000 0.000001 -19.999996 -0.000070 -36.910697 0.000000 -0.000000 0.000000 -20.999977 0.000096 0.000001 0.000000 -0.000000 
-2.573863 96.558624 217.740646 -2.815010 0.000000 -0.000000 0.000000 0.000008 0.000006 -0.000000 0.000000 -0.000000 -6.500005 -3.255150 10.015767 -0.000000 0.000000 -0.000000 -9.719192 -0.000011 5.172729 6.268472 0.000001 0.000001 0.000002 -19.999983 0.000060 -84.606735 0.000001 -0.000001 -0.000000 -21.000042 0.000070 -0.000000 -0.000000 0.000000 -6.500001 -3.255142 -11.802604 -0.000001 0.000000 -0.000000 -9.719194 -0.000029 -5.185900 1.476853 -0.000001 -0.000000 -0.000001 -20.000010 -0.000355 -34.954542 -0.000000 0.000000 0.000002 -20.999943 0.000345 0.000000 0.000000 -0.000000 6.498628 -3.255157 10.007568 -0.000000 0.000000 -0.000000 9.737182 -0.000018 5.180917 5.883049 0.000000 -0.000000 -0.000001 -19.993601 -0.505222 -63.221215 0.000000 -0.000000 -0.000001 -20.999958 0.017214 0.000001 0.000000 -0.000000 6.500279 -3.255173 -11.808097 -0.000000 0.000000 -0.000000 9.735531 0.000008 -5.180392 17.701852 0.000000 -0.000000 0.000001 -20.000006 -0.000093 -43.939853 0.000000 -0.000000 0.000000 -20.999989 0.000081 0.000001 0.000000 -0.000000 
-2.573863 96.025803 219.273636 -2.335890 0.000000 -0.000000 -0.000000 0.000000 0.000002 -0.000000 0.000000 -0.000000 -6.500005 -3.255150 10.015777 -0.000000 0.000000 -0.000000 -9.719192 -0.000003 5.172730 4.412709 0.000001 0.000001 -0.000002 -19.999990 0.000073 -79.493293 0.000001 -0.000001 -0.000002 -21.000046 0.000070 -0.000000 -0.000000 -0.000000 -6.500001 -3.255150 -11.802588 -0.000001 0.000000 -0.000000 -9.719194 -0.000030 -5.185912 1.289875 -0.000001 -0.000000 0.000001 -19.999996 -0.000362 -35.061721 -0.000000 0.000000 0.000002 -20.999943 0.000345 0.000002 -0.000000 -0.000000 6.498628 -3.255157 10.007553 -0.000000 0.000000 -0.000000 9.737182 -0.000013 5.180934 3.073767 0.000000 -0.000000 -0.000001 -19.993605 -0.505212 -52.463810 0.000000 -0.000000 -0.000001 -20.999947 0.017191 0.000004 0.000000 -0.000000 6.500278 -3.255180 -11.808106 -0.000000 0.000000 -0.000000 9.735531 0.000008 -5.180392 21.504033 0.000000 -0.000000 0.000000 -20.000004 -0.000100 -48.007740 0.000000 -0.000000 -0.000001 -20.999985 0.000107 0.000001 0.000000 -0.000000 
-2.573863 95.515282 220.804733 -1.725932 0.000000 -0.000000 0.000000 0.000000 0.000006 -0.000000 0.000000 -0.000000 -6.500005 -3.255165 10.015756 -0.000000 0.000000 -0.000000 -9.719192 -0.000008 5.172729 2.314177 0.000001 0.000001 0.000000 -19.999987 0.000057 -73.996248 0.000001 -0.000001 0.000002 -21.000046 0.000074 -0.000000 0.000000 0.000000 -6.500001 -3.255157 -11.802606 -0.000001 0.000000 -0.000000 -9.719194 -0.000027 -5.185895 2.277686 -0.000001 -0.000000 -0.000001 -19.999996 -0.000335 -36.926762 -0.000000 0.000001 -0.000002 -20.999943 0.000346 -0.000001 0.000000 0.000000 6.498628 -3.255165 10.007554 -0.000000 0.000000 -0.000000 9.737182 -0.000019 5.180934 1.050991 0.000000 -0.000000 -0.000001 -19.993610 -0.505195 -43.270129 0.000000 -0.000000 -0.000002 -20.999943 0.017188 0.000002 0.000000 -0.000000 6.500279 -3.255188 -11.808120 -0.000000 0.000000 -0.000000 9.735531 -0.000003 -5.180415 24.672178 0.000000 -0.000000 -0.000001 -20.000004 -0.000097 -50.930695 0.000000 -0.000000 0.000000 -20.999973 0.000085 0.000001 0.000000 -0.000000 
-2.573863 95.033035 222.331299 -1.020219 0.000000 -0.000000 0.000000 0.000008 -0.000006 -0.000000 0.000000 -0.000000 -6.500005 -3.255157 10.015776 -0.000000 0.000000 -0.000000 -9.719192 0.000005 5.172718 0.040308 0.000000 0.000001 0.000000 -19.999985 0.000061 -68.723396 0.000001 -0.000001 -0.000000 -21.000053 0.000073 0.000002 0.000000 0.000000 -6.500000 -3.255150 -11.802588 -0.000000 -0.000000 -0.000000 -9.719196 -0.000021 -5.185901 5.850053 -0.000001 -0.000000 -0.000001 -20.000021 -0.000382 -41.732104 -0.000000 0.000001 -0.000000 -20.999950 0.000361 -0.000001 0.000000 0.000000 6.498628 -3.255157 10.007564 -0.000000 0.000000 -0.000000 9.737182 -0.000015 5.180923 1.761345 0.000000 -0.000000 -0.000002 -19.993607 -0.505199 -40.069660 0.000000 -0.000000 -0.000001 -20.999958 0.017206 0.000002 0.000000 -0.000000 6.500279 -3.255173 -11.808084 -0.000000 0.000000 -0.000000 9.735531 0.000001 -5.180392 27.338573 0.000000 -0.000000 0.000000 -19.999992 -0.000111 -53.033847 0.000000 -0.000000 0.000000 -20.999989 0.000098 -0.000001 0.000000 -0.000000 
-2.573863 94.585007 223.854904 -0.253832 0.000000 -0.000000 0.000000 0.000008 -0.000007 -0.000000 0.000000 -0.000000 -6.500005 -3.255142 10.015768 -0.000000 0.000000 -0.000000 -9.719192 0.000005 5.172742 -2.498218 0.000000 0.000001 -0.000002 -19.999979 0.000067 -63.186736 0.000001 -0.000001 0.000000 -21.000034 0.000066 -0.000000 0.000000 0.000000 -6.500001 -3.255142 -11.802592 -0.000000 0.000000 -0.000000 -9.719196 -0.000014 -5.185904 10.061181 -0.000001 -0.000000 0.000001 -20.000006 -0.000358 -47.049072 -0.000000 0.000001 0.000000 -20.999950 0.000365 -0.000001 -0.000000 -0.000000 6.498628 -3.255150 10.007559 -0.000000 0.000000 -0.000000 9.737182 -0.000006 5.180947 4.191365 0.000000 -0.000000 -0.000001 -19.993601 -0.505210 -40.957106 0.000000 -0.000000 0.000000 -20.999935 0.017215 -0.000003 0.000000 -0.000000 6.500279 -3.255173 -11.808102 -0.000000 0.000000 -0.000000 9.735531 0.000010 -5.180394 29.563333 0.000000 -0.000000 0.000000 -19.999992 -0.000088 -54.345237 0.000000 -0.000000 0.000000 -20.999981 0.000096 -0.000001 0.000000 -0.000000 
-2.573863 94.177185 225.374786 0.538146 0.000000 -0.000000 0.000000 0.000000 -0.000000 -0.000000 0.000000 -0.000000 -6.500005 -3.255150 10.015754 -0.000000 0.000000 -0.000000 -9.719192 -0.000024 5.172732 -5.926375 0.000000 0.000001 -0.000002 -19.999994 0.000067 -56.099318 0.000001 -0.000001 0.000000 -21.000042 0.000066 -0.000000 -0.000000 -0.000000 -6.500000 -3.255150 -11.802608 -0.000000 -0.000000 -0.000000 -9.719196 -0.000040 -5.185891 13.194349 -0.000001 -0.000000 0.000003 -20.000000 -0.000339 -50.508453 -0.000000 0.000001 0.000002 -20.999939 0.000338 0.000000 0.000000 -0.000000 6.498628 -3.255157 10.007544 -0.000000 0.000000 -0.000000 9.737182 -0.000020 5.180937 8.397727 0.000000 -0.000000 -0.000002 -19.993610 -0.505184 -46.679159 0.000000 -0.000000 -0.000001 -20.999958 0.017191 0.000001 0.000000 -0.000000 6.500279 -3.255180 -11.808116 -0.000000 0.000000 -0.000000 9.735531 -0.000002 -5.180402 31.441208 0.000000 -0.000000 0.000001 -19.999992 -0.000081 -55.000952 0.000000 -0.000000 0.000001 -20.999989 0.000102 -0.000001 0.000000 -0.000000 
-2.573863 93.815521 226.895386 1.320631 0.000000 -0.000000 0.000000 0.000008 0.000005 -0.000000 0.000000 -0.000000 -6.500005 -3.255150 10.015769 -0.000000 0.000000 -0.000000 -9.719192 -0.000005 5.172735 -8.569783 0.000000 0.000001 0.000002 -19.999985 0.000063 -50.465727 0.000001 -0.000001 0.000002 -21.000031 0.000104 -0.000002 0.000000 0.000000 -6.500001 -3.255150 -11.802614 -0.000001 0.000000 -0.000000 -9.719196 -0.000022 -5.185893 15.972114 -0.000001 -0.000000 0.000003 -19.999996 -0.000368 -53.114259 -0.000000 0.000001 0.000002 -20.999931 0.000342 -0.000003 0.000000 -0.000000 6.498628 -3.255150 10.007555 -0.000000 0.000000 -0.000000 9.737182 -0.000018 5.180937 13.116642 0.000000 -0.000000 -0.000002 -19.993603 -0.505171 -53.709264 0.000000 -0.000000 -0.000002 -20.999958 0.017195 0.000001 0.000000 -0.000000 6.500279 -3.255180 -11.808094 -0.000000 0.000000 -0.000000 9.735531 0.000008 -5.180401 33.000595 0.000000 -0.000000 0.000000 -20.000031 -0.000103 -55.001994 0.000000 -0.000000 -0.000001 -20.999989 0.000077 -0.000001 0.000000 -0.000000 
-2.573863 93.526794 228.422226 2.098820 0.000000 -0.000000 0.000000 -0.000008 0.000005 -0.000000 0.000000 -0.000000 -6.500005 -3.255150 10.015766 -0.000000 0.000000 -0.000000 -9.719192 -0.000011 5.172727 -8.570538 0.000000 0.000001 0.000002 -19.999977 0.000086 -50.169386 0.000001 -0.000001 -0.000000 -21.000034 0.000062 -0.000000 0.000000 0.000000 -6.500000 -3.255150 -11.802606 -0.000000 -0.000000 -0.000000 -9.719196 -0.000022 -5.185889 18.513202 -0.000001 -0.000000 0.000001 -20.000004 -0.000356 -54.916852 -0.000000 0.000001 0.000000 -20.999947 0.000380 -0.000001 -0.000000 -0.000000 6.498628 -3.255165 10.007546 -0.000000 0.000000 -0.000000 9.737182 -0.000023 5.180916 16.805114 0.000000 -0.000000 -0.000001 -19.993635 -0.505196 -58.251624 0.000000 -0.000000 -0.000002 -20.999939 0.017199 -0.000001 0.000000 -0.000000 6.500279 -3.255188 -11.808121 -0.000000 0.000000 -0.000000 9.735531 0.000003 -5.180408 34.221228 0.000000 -0.000000 -0.000001 -20.000013 -0.000080 -53.965178 0.000000 -0.000000 0.000000 -20.999981 0.000092 0.000001 0.000000 -0.000000 
-2.573863 93.254532 229.951294 2.716796 0.000000 -0.000000 0.000000 0.000008 0.000000 -0.000000 0.000000 -0.000000 -6.500005 -3.255150 10.015748 -0.000000 0.000000 -0.000000 -9.719192 -0.000010 5.172737 -7.104202 0.000000 0.000001 0.000002 -19.999990 0.000089 -51.286910 0.000001 -0.000001 0.000002 -21.000008 0.000085 -0.000002 -0.000000 0.000000 -6.500001 -3.255157 -11.802604 -0.000000 0.000000 -0.000000 -9.719196 -0.000019 -5.185915 20.912480 -0.000001 -0.000000 0.000003 -20.000010 -0.000358 -56.408019 -0.000000 0.000001 0.000000 -20.999935 0.000338 -0.000003 -0.000000 -0.000000 6.498628 -3.255157 10.007550 -0.000000 0.000000 -0.000000 9.737182 -0.000019 5.180923 20.357398 0.000000 -0.000000 -0.000001 -19.993587 -0.505194 -61.860750 0.000000 -0.000000 -0.000001 -20.999939 0.017187 -0.000003 0.000000 -0.000000 6.500279 -3.255188 -11.808108 -0.000000 0.000000 -0.000000 9.735531 0.000001 -5.180407 35.343777 0.000000 -0.000000 0.000000 -20.000031 -0.000088 -53.179139 0.000000 -0.000000 0.000000 -20.999985 0.000098 0.000002 0.000000 -0.000000 
-2.573863 92.940392 231.481506 2.903251 0.000000 -0.000000 0.000000 0.000000 0.000004 -0.000000 0.000000 -0.000000 -6.500005 -3.255150 10.015767 -0.000000 0.000000 -0.000000 -9.719192 -0.000005 5.172729 -4.742356 0.000000 0.000001 0.000002 -19.999985 0.000086 -49.921436 0.000001 -0.000001 0.000002 -21.000011 0.000081 -0.000000 0.000000 -0.000000 -6.500000 -3.255150 -11.802594 -0.000000 -0.000000 -0.000000 -9.719196 -0.000037 -5.185906 23.281034 -0.000001 -0.000000 0.000001 -19.999990 -0.000354 -58.265250 -0.000000 0.000001 0.000000 -20.999954 0.000347 0.000000 -0.000000 -0.000000 6.498628 -3.255165 10.007568 -0.000000 0.000000 -0.000000 9.737182 -0.000015 5.180919 24.323847 0.000000 -0.000000 -0.000001 -19.993614 -0.505179 -64.759633 0.000000 -0.000000 -0.000001 -20.999939 0.017199 -0.000001 0.000000 -0.000000 6.500279 -3.255180 -11.808116 -0.000000 0.000000 -0.000000 9.735531 -0.000002 -5.180403 36.598916 0.000000 -0.000000 0.000000 -20.000000 -0.000086 -54.335753 0.000000 -0.000000 0.000000 -20.999985 0.000083 0.000001 -0.000000 -0.000000 
-2.573863 92.616631 233.009613 3.009563 0.000000 -0.000000 0.000000 0.000015 -0.000005 -0.000000 0.000000 -0.000000 -6.500005 -3.255150 10.015761 -0.000000 0.000000 -0.000000 -9.719192 -0.000013 5.172750 -1.439056 0.000000 0.000001 0.000002 -19.999979 0.000069 -49.876944 0.000001 -0.000001 0.000000 -21.000015 0.000051 -0.000002 0.000000 -0.000000 -6.500001 -3.255150 -11.802590 -0.000001 0.000000 -0.000000 -9.719196 -0.000030 -5.185896 25.688995 -0.000001 -0.000000 0.000003 -20.000013 -0.000339 -59.981929 -0.000000 0.000001 0.000002 -20.999939 0.000371 -0.000003 0.000000 -0.000000 6.498628 -3.255150 10.007561 -0.000000 0.000000 -0.000000 9.737182 -0.000017 5.180950 28.193266 0.000000 -0.000000 -0.000001 -19.993595 -0.505206 -67.147125 0.000000 -0.000000 0.000000 -20.999950 0.017199 0.000001 0.000000 -0.000000 6.500279 -3.255180 -11.808112 -0.000000 0.000000 -0.000000 9.735531 0.000003 -5.180382 37.996428 0.000000 -0.000000 0.000000 -20.000004 -0.000100 -55.841950 0.000000 -0.000000 0.000001 -20.999981 0.000104 -0.000000 0.000000 -0.000000 
-2.573863 92.256737 234.530884 3.340852 0.000000 -0.000000 0.000000 0.000015 0.000004 -0.000000 0.000000 -0.000000 -6.500005 -3.255150 10.015782 -0.000000 0.000000 -0.000000 -9.719192 -0.000008 5.172723 3.000921 0.000000 0.000001 -0.000000 -19.999983 0.000067 -55.106294 0.000001 -0.000001 -0.000000 -21.000000 0.000078 -0.000003 0.000000 0.000000 -6.500001 -3.255142 -11.802592 -0.000001 0.000000 -0.000000 -9.719196 -0.000018 -5.185889 28.487720 -0.000001 -0.000000 0.000001 -19.999989 -0.000350 -61.497036 -0.000000 0.000001 0.000002 -20.999943 0.000344 0.000000 0.000000 0.000000 6.498628 -3.255150 10.007575 -0.000000 0.000000 -0.000000 9.737182 -0.000008 5.180923 31.659798 0.000000 -0.000000 -0.000001 -19.993618 -0.505205 -69.510767 0.000000 -0.000000 -0.000002 -20.999954 0.017209 0.000001 0.000000 -0.000000 6.500279 -3.255173 -11.808103 -0.000000 0.000000 -0.000000 9.735531 0.000007 -5.180408 39.861995 -0.000000 0.000000 0.000001 -20.000004 -0.000082 -56.825620 -0.000000 -0.000000 0.000001 -20.999985 0.000092 0.000001 -0.000000 -0.000000 
-2.573863 91.978722 236.048981 3.764592 0.000000 -0.000000 0.000000 0.000000 0.000008 -0.000000 0.000000 -0.000000 -6.500005 -3.255165 10.015771 -0.000000 0.000000 -0.000000 -9.719192 -0.000014 5.172729 7.558150 0.000000 0.000001 -0.000000 -19.999968 0.000088 -61.265964 0.000001 -0.000001 0.000000 -21.000027 0.000058 0.000002 -0.000000 -0.000000 -6.500001 -3.255158 -11.802588 -0.000001 0.000000 -0.000000 -9.719194 -0.000028 -5.185908 30.944537 -0.000001 -0.000000 0.000001 -19.999992 -0.000341 -62.151163 -0.000000 0.000001 0.000000 -20.999939 0.000380 0.000000 -0.000000 0.000000 6.498628 -3.255165 10.007558 -0.000000 0.000000 -0.000000 9.737182 -0.000011 5.180926 34.657886 0.000000 -0.000000 -0.000003 -19.993595 -0.505179 -71.207447 0.000000 -0.000000 -0.000001 -20.999950 0.017254 0.000001 0.000000 -0.000000 6.500279 -3.255188 -11.808089 -0.000000 0.000000 -0.000000 9.735531 0.000003 -5.180403 41.478783 -0.000001 0.000000 -0.000000 -20.000015 -0.000093 -56.815566 -0.000000 0.000000 0.000000 -20.999989 0.000103 -0.000000 -0.000000 0.000000 
-2.573863 91.939926 237.565521 4.257672 0.000000 -0.000000 0.000000 0.000000 0.000001 -0.000000 0.000000 -0.000000 -6.500005 -3.255157 10.015767 -0.000000 0.000000 -0.000000 -9.719192 -0.000010 5.172745 11.057584 0.000000 0.000001 0.000002 -19.999975 0.000091 -64.735502 0.000001 -0.000001 -0.000000 -21.000019 0.000043 -0.000000 -0.000000 0.000000 -6.500000 -3.255150 -11.802583 -0.000000 -0.000000 -0.000000 -9.719196 -0.000026 -5.185901 32.264219 -0.000001 -0.000000 0.000001 -20.000004 -0.000357 -60.990099 -0.000000 0.000001 0.000000 -20.999950 0.000342 0.000002 -0.000000 -0.000000 6.498628 -3.255165 10.007560 -0.000000 0.000000 -0.000000 9.737182 -0.000010 5.180921 36.914608 -0.000000 0.000000 -0.000001 -19.993607 -0.505191 -71.541648 0.000000 -0.000000 -0.000003 -20.999939 0.017215 0.000001 0.000000 0.000000 6.500279 -3.255188 -11.808087 -0.000000 0.000000 -0.000000 9.735531 0.000002 -5.180408 42.073624 -0.000000 0.000000 -0.000000 -20.000017 -0.000097 -54.702500 -0.000000 0.000000 0.000001 -20.999981 0.000087 -0.000000 -0.000000 -0.000000 
-2.573863 91.995865 239.082031 4.796978 0.000000 -0.000000 0.000000 0.000000 -0.000003 -0.000000 0.000000 -0.000000 -6.500005 -3.255150 10.015752 -0.000000 0.000000 -0.000000 -9.719192 -0.000014 5.172748 14.161316 0.000000 0.000001 0.000000 -19.999990 0.000085 -67.298332 0.000001 -0.000001 0.000000 -21.000027 0.000062 -0.000000 0.000000 -0.000000 -6.500001 -3.255157 -11.802614 -0.000000 0.000000 -0.000000 -9.719196 -0.000020 -5.185910 32.985678 -0.000001 -0.000000 -0.000001 -19.999994 -0.000352 -58.837148 -0.000000 0.000001 -0.000002 -20.999954 0.000353 -0.000001 0.000000 0.000000 6.498628 -3.255165 10.007546 -0.000000 0.000000 -0.000000 9.737182 -0.000012 5.180925 38.746256 0.000000 -0.000000 -0.000001 -19.993597 -0.505198 -71.158038 0.000000 -0.000000 -0.000001 -20.999943 0.017222 0.000001 0.000000 -0.000000 6.500279 -3.255180 -11.808113 -0.000000 0.000000 -0.000000 9.735531 0.000006 -5.180387 42.141191 0.000000 -0.000000 -0.000001 -20.000050 -0.000090 -51.528498 0.000000 -0.000000 0.000001 -20.999989 0.000090 0.000000 0.000000 -0.000000 
-2.573863 92.036575 240.600143 5.359398 0.000000 -0.000000 0.000000 0.000008 -0.000006 -0.000000 0.000000 -0.000000 -6.500005 -3.255157 10.015756 0.000000 0.000000 -0.000000 -9.719192 -0.000010 5.172731 17.178908 0.000000 0.000001 0.000000 -19.999968 0.000088 -69.634236 0.000001 -0.000001 0.000002 -21.000038 0.000100 -0.000002 -0.000000 0.000000 -6.500001 -3.255157 -11.802610 0.000000 0.000000 0.000000 -9.719196 -0.000017 -5.185905 33.445701 -0.000001 -0.000000 0.000001 -19.999994 -0.000336 -56.329806 -0.000000 0.000001 -0.000002 -20.999947 0.000349 0.000000 -0.000000 -0.000000 6.498628 -3.255157 10.007551 0.000000 0.000000 -0.000000 9.737182 -0.000016 5.180935 40.429536 0.000000 -0.000000 -0.000001 -19.993584 -0.505208 -70.571441 -0.000000 -0.000000 -0.000002 -20.999947 0.017225 0.000001 -0.000000 -0.000000 6.500278 -3.255180 -11.808119 0.000000 0.000000 -0.000000 9.735531 0.000000 -5.180383 41.806283 0.000000 -0.000000 -0.000000 -20.000008 -0.000094 -47.728607 -0.000000 0.000000 0.000000 -20.999973 0.000113 0.000000 -0.000000 -0.000000 
-2.573863 92.115845 242.121399 5.921818 0.000000 -0.000000 0.000000 0.000000 -0.000002 -0.000000 0.000000 -0.000000 -6.500005 -3.255150 10.015759 -0.000000 0.000000 -0.000000 -9.719192 -0.000012 5.172735 19.992913 0.000000 0.000001 0.000000 -19.999985 0.000046 -71.433697 0.000001 -0.000001 0.000002 -21.000042 0.000088 -0.000000 -0.000000 0.000000 -6.500001 -3.255150 -11.802588 -0.000000 0.000000 -0.000000 -9.719196 -0.000023 -5.185907 33.455592 -0.000001 -0.000000 0.000001 -19.999994 -0.000348 -53.071249 -0.000000 0.000001 0.000002 -20.999943 0.000333 0.000000 0.000000 -0.000000 6.498628 -3.255157 10.007539 -0.000000 0.000000 -0.000000 9.737182 -0.000015 5.180943 41.810231 0.000001 -0.000000 -0.000002 -19.993605 -0.505188 -69.475824 0.000000 -0.000000 -0.000002 -20.999962 0.017214 -0.000001 0.000000 -0.000000 6.500279 -3.255180 -11.808106 -0.000000 0.000000 -0.000000 9.735531 0.000004 -5.180408 41.405201 0.000000 -0.000000 0.000000 -20.000015 -0.000080 -44.014692 0.000000 -0.000000 0.000000 -20.999985 0.000090 -0.000000 0.000000 -0.000000 
-2.573863 92.215973 243.646988 6.461126 0.000000 -0.000000 0.000000 -0.000008 0.000007 -0.000000 0.000000 -0.000000 -6.500005 -3.255157 10.015755 -0.000000 0.000000 -0.000000 -9.719192 -0.000007 5.172719 22.680584 0.000000 0.000001 -0.000002 -19.999979 0.000065 -72.793014 0.000001 -0.000001 -0.000002 -21.000050 0.000077 0.000002 -0.000000 -0.000000 -6.500000 -3.255158 -11.802610 -0.000001 -0.000000 -0.000000 -9.719196 -0.000021 -5.185879 32.431661 -0.000001 -0.000000 0.000003 -20.000002 -0.000359 -48.262451 -0.000000 0.000001 -0.000002 -20.999939 0.000342 -0.000000 -0.000000 0.000000 6.498628 -3.255165 10.007549 -0.000000 0.000000 -0.000000 9.737182 -0.000010 5.180924 42.957799 0.000000 -0.000000 -0.000001 -19.993605 -0.505185 -67.955977 -0.000000 0.000000 0.000000 -20.999950 0.017226 -0.000001 0.000000 -0.000000 6.500279 -3.255180 -11.808125 -0.000000 0.000000 -0.000000 9.735531 -0.000003 -5.180391 41.316757 0.000000 -0.000000 -0.000001 -20.000027 -0.000083 -41.281469 0.000000 -0.000000 0.000000 -20.999973 0.000082 0.000000 0.000000 -0.000000 
-2.573863 92.441513 245.179718 6.954204 0.000000 -0.000000 0.000000 0.000000 -0.000001 -0.000000 0.000000 -0.000000 -6.500005 -3.255150 10.015752 -0.000000 0.000000 -0.000000 -9.719192 -0.000005 5.172759 24.967466 0.000001 0.000001 0.000000 -20.000006 0.000073 -73.174760 0.000001 -0.000001 -0.000000 -21.000069 0.000070 0.000002 -0.000000 -0.000000 -6.500001 -3.255150 -11.802612 -0.000001 0.000000 -0.000000 -9.719196 -0.000025 -5.185893 31.895559 -0.000001 -0.000000 0.000001 -20.000017 -0.000323 -43.747474 -0.000000 0.000001 0.000000 -20.999939 0.000365 0.000000 -0.000000 -0.000000 6.498628 -3.255157 10.007545 -0.000000 0.000000 -0.000000 9.737182 -0.000016 5.180964 43.478242 0.000000 -0.000000 0.000000 -19.993586 -0.505164 -65.354242 0.000000 -0.000000 -0.000001 -20.999958 0.017210 0.000001 0.000000 -0.000000 6.500279 -3.255180 -11.808106 -0.000000 0.000000 -0.000000 9.735531 0.000004 -5.180407 41.538164 0.000000 -0.000000 -0.000001 -20.000042 -0.000082 -39.415659 0.000000 -0.000000 0.000000 -20.999985 0.000101 0.000001 0.000000 -0.000000 
-2.573863 92.893951 246.723465 7.377946 0.000000 -0.000000 0.000000 0.000000 0.000008 -0.000000 0.000000 -0.000000 -6.500005 -3.255150 10.015780 -0.000000 0.000000 -0.000000 -9.719192 -0.000013 5.172751 26.657836 0.000001 0.000001 0.000002 -19.999990 0.000055 -72.138976 0.000001 -0.000001 0.000002 -21.000071 0.000100 0.000005 0.000000 0.000000 -6.500000 -3.255157 -11.802594 -0.000000 -0.000000 -0.000000 -9.719196 -0.000034 -5.185895 33.807476 -0.000001 -0.000000 -0.000001 -20.000010 -0.000346 -41.606418 -0.000000 0.000001 -0.000000 -20.999947 0.000338 0.000000 0.000000 0.000000 6.498628 -3.255165 10.007560 -0.000000 0.000000 -0.000000 9.737182 -0.000013 5.180939 42.913249 0.000000 0.000000 -0.000002 -19.993595 -0.505188 -60.909421 0.000000 -0.000000 -0.000001 -20.999950 0.017202 0.000001 -0.000000 -0.000000 6.500279 -3.255188 -11.808114 -0.000000 0.000000 -0.000000 9.735531 0.000001 -5.180390 42.317735 0.000000 -0.000000 0.000000 -20.000019 -0.000086 -38.858483 0.000000 -0.000000 -0.000001 -20.999981 0.000090 0.000001 0.000000 -0.000000 
-2.573863 93.564827 248.276245 7.709235 0.000000 -0.000000 -0.000000 0.000000 -0.000005 -0.000000 0.000000 -0.000000 -6.500005 -3.255165 10.015750 -0.000000 0.000000 -0.000000 -9.719192 -0.000011 5.172727 27.592769 0.000000 0.000001 0.000000 -20.000000 0.000081 -69.489600 0.000001 -0.000001 -0.000000 -21.000027 0.000075 0.000002 0.000000 0.000000 -6.500001 -3.255165 -11.802594 -0.000000 0.000000 -0.000000 -9.719196 -0.000008 -5.185908 36.268089 -0.000001 -0.000000 -0.000001 -20.000031 -0.000344 -40.332195 -0.000000 0.000001 -0.000000 -20.999950 0.000362 -0.000000 0.000000 0.000000 6.498628 -3.255165 10.007547 -0.000000 0.000000 -0.000000 9.737182 -0.000018 5.180943 41.525214 0.000000 -0.000000 -0.000003 -19.993572 -0.505190 -55.016945 0.000000 -0.000000 -0.000002 -20.999947 0.017209 0.000000 0.000000 -0.000000 6.500278 -3.255196 -11.808106 -0.000000 0.000000 -0.000000 9.735531 0.000006 -5.180401 43.280836 0.000000 -0.000000 0.000000 -20.000000 -0.000104 -38.841100 0.000000 -0.000000 0.000000 -20.999985 0.000086 0.000001 0.000000 -0.000000 
-2.573863 94.517487 249.838654 7.925986 0.000000 -0.000000 0.000000 0.000000 -0.000002 -0.000000 0.000000 -0.000000 -6.500005 -3.255150 10.015760 -0.000000 0.000000 -0.000000 -9.719192 -0.000007 5.172761 27.567494 0.000000 0.000001 0.000000 -19.999987 0.000056 -64.923789 0.000001 -0.000001 -0.000002 -21.000023 0.000065 0.000002 -0.000000 0.000000 -6.500000 -3.255150 -11.802597 -0.000000 -0.000000 -0.000000 -9.719196 -0.000027 -5.185899 37.880967 -0.000001 0.000000 -0.000001 -20.000008 -0.000344 -38.777955 -0.000000 0.000001 0.000002 -20.999943 0.000386 0.000000 -0.000000 -0.000000 6.498628 -3.255157 10.007580 -0.000000 0.000000 -0.000000 9.737182 -0.000014 5.180921 39.169673 -0.000000 0.000000 -0.000001 -19.993580 -0.505185 -47.245692 -0.000000 -0.000000 -0.000001 -20.999950 0.017197 0.000000 -0.000000 0.000000 6.500278 -3.255173 -11.808100 -0.000000 0.000000 -0.000000 9.735531 0.000007 -5.180375 44.089226 0.000000 -0.000000 -0.000001 -20.000008 -0.000096 -38.628169 -0.000000 -0.000000 0.000000 -20.999985 0.000087 -0.000000 0.000000 -0.000000 
-2.573863 95.638008 251.406738 8.001999 0.000000 -0.000000 0.000000 0.000015 -0.000005 -0.000000 0.000000 -0.000000 -6.500005 -3.255142 10.015744 0.000001 0.000000 -0.000000 -9.719192 -0.000006 5.172755 26.523785 0.000000 0.000001 -0.000000 -19.999985 0.000078 -58.322043 0.000001 -0.000001 0.000000 -21.000031 0.000048 -0.000000 -0.000000 -0.000000 -6.500001 -3.255150 -11.802607 -0.000000 0.000000 -0.000000 -9.719196 -0.000024 -5.185891 39.097601 -0.000001 -0.000000 -0.000001 -19.999987 -0.000344 -37.943169 -0.000000 0.000001 -0.000000 -20.999950 0.000356 0.000000 0.000000 0.000000 6.498628 -3.255150 10.007560 0.000001 0.000000 -0.000000 9.737182 -0.000013 5.180928 36.608766 -0.000001 0.000000 -0.000002 -19.993584 -0.505190 -39.314152 0.000000 0.000000 -0.000001 -20.999954 0.017220 0.000000 0.000000 0.000000 6.500279 -3.255180 -11.808095 0.000001 0.000000 -0.000000 9.735531 0.000008 -5.180417 44.882054 0.000000 -0.000000 0.000000 -20.000002 -0.000081 -38.560492 0.000000 -0.000000 0.000000 -20.999981 0.000102 0.000001 0.000000 -0.000000 
-2.573863 96.856796 252.977661 7.895613 0.000000 -0.000000 0.000000 0.000008 0.000008 -0.000000 0.000000 -0.000000 -6.500005 -3.255135 10.015759 0.000001 0.000000 -0.000000 -9.719192 -0.000010 5.172747 23.454721 0.000000 0.000000 -0.000000 -19.999989 0.000054 -47.556988 0.000000 -0.000001 -0.000000 -21.000034 0.000070 -0.000000 0.000000 0.000000 -6.500001 -3.255142 -11.802588 -0.000000 0.000000 -0.000000 -9.719196 -0.000020 -5.185899 39.692050 -0.000000 -0.000000 -0.000001 -19.999983 -0.000365 -38.421228 -0.000000 0.000001 0.000002 -20.999947 0.000362 0.000000 0.000000 0.000000 6.498628 -3.255150 10.007580 0.000001 0.000000 -0.000000 9.737182 -0.000016 5.180943 34.274521 -0.000000 0.000000 0.000000 -19.993595 -0.505198 -32.076440 -0.000000 -0.000000 0.000000 -20.999947 0.017221 -0.000000 -0.000000 -0.000000 6.500279 -3.255165 -11.808105 0.000001 0.000000 -0.000000 9.735531 -0.000009 -5.180394 45.515684 -0.000000 0.000000 -0.000000 -20.000008 -0.000093 -38.109348 0.000000 0.000000 -0.000002 -20.999985 0.000066 -0.000001 0.000000 0.000000 
-2.573863 98.104248 254.548569 7.631136 0.000000 -0.000000 0.000000 0.000000 0.000000 -0.000000 0.000000 -0.000000 -6.500005 -3.255157 10.015738 -0.000000 0.000000 -0.000000 -9.719193 -0.000007 5.172721 21.001708 0.000001 0.000000 0.000001 -19.999977 0.000088 -38.349449 0.000000 -0.000001 -0.000002 -21.000042 0.000095 0.000001 -0.000000 -0.000000 -6.500001 -3.255150 -11.802597 -0.000001 0.000000 -0.000000 -9.719193 -0.000019 -5.185898 40.300230 -0.000000 -0.000000 -0.000003 -19.999998 -0.000358 -40.283551 -0.000000 0.000001 -0.000000 -20.999947 0.000369 0.000000 0.000000 0.000000 6.498628 -3.255165 10.007568 -0.000000 0.000000 -0.000000 9.737182 -0.000016 5.180909 33.012691 0.000000 -0.000000 -0.000001 -19.993595 -0.505187 -27.694686 0.000000 -0.000000 0.000000 -20.999950 0.017228 -0.000000 0.000000 -0.000000 6.500279 -3.255180 -11.808092 -0.000000 0.000000 -0.000000 9.735531 0.000001 -5.180413 46.500088 -0.000001 0.000000 0.000000 -20.000011 -0.000078 -39.148032 -0.000000 -0.000000 0.000000 -20.999981 0.000109 0.000001 0.000000 -0.000000 
-2.573863 99.310776 256.116669 7.207115 0.000000 -0.000000 0.000000 -0.000008 -0.000010 -0.000000 0.000000 -0.000000 -6.500005 -3.255150 10.015743 0.000000 0.000000 -0.000000 -9.719193 -0.000013 5.172760 22.221752 0.000000 0.000000 0.000001 -19.999969 0.000050 -37.353096 0.000000 -0.000001 -0.000002 -21.000034 0.000065 -0.000000 0.000000 0.000000 -6.500000 -3.255142 -11.802623 0.000000 -0.000000 -0.000000 -9.719196 -0.000021 -5.185887 41.618276 -0.000000 -0.000000 0.000001 -20.000015 -0.000357 -43.992770 -0.000000 0.000001 0.000000 -20.999939 0.000345 0.000000 -0.000000 0.000000 6.498628 -3.255157 10.007559 0.000000 0.000000 -0.000000 9.737182 -0.000015 5.180936 34.145991 0.000000 -0.000000 0.000000 -19.993591 -0.505189 -29.457715 0.000000 -0.000000 -0.000001 -20.999966 0.017205 0.000001 0.000000 0.000000 6.500279 -3.255180 -11.808122 0.000000 0.000000 -0.000000 9.735531 -0.000003 -5.180404 48.565865 -0.000000 0.000000 -0.000000 -20.000008 -0.000072 -43.821387 0.000000 -0.000000 0.000000 -20.999973 0.000111 0.000001 0.000000 -0.000000 
-2.573863 100.406754 257.679077 6.659192 0.000000 -0.000000 -0.000000 0.000000 0.000007 -0.000000 0.000000 -0.000000 -6.500005 -3.255150 10.015759 -0.000000 0.000000 -0.000000 -9.719192 -0.000014 5.172754 24.861141 0.000000 0.000001 0.000001 -19.999989 0.000074 -39.641930 0.000000 -0.000001 0.000000 -21.000042 0.000070 0.000001 -0.000000 -0.000000 -6.500001 -3.255150 -11.802591 0.000000 0.000000 -0.000000 -9.719196 -0.000027 -5.185896 43.239756 -0.000001 -0.000000 0.000001 -20.000004 -0.000370 -48.968628 -0.000000 0.000001 -0.000000 -20.999943 0.000349 -0.000000 0.000000 0.000000 6.498628 -3.255157 10.007563 -0.000000 0.000000 -0.000000 9.737182 -0.000013 5.180934 36.675541 0.000000 -0.000000 -0.000001 -19.993608 -0.505178 -34.839415 0.000000 -0.000000 -0.000001 -20.999966 0.017192 -0.000000 0.000000 -0.000000 6.500278 -3.255180 -11.808109 -0.000000 0.000000 -0.000000 9.735531 0.000003 -5.180399 50.907517 0.000000 -0.000000 0.000000 -20.000004 -0.000104 -50.786025 0.000000 -0.000000 0.000000 -20.999981 0.000096 0.000000 0.000000 -0.000000 
-2.573863 101.296097 259.231018 6.013743 0.000000 -0.000000 0.000000 0.000008 0.000000 -0.000000 0.000000 -0.000000 -6.500005 -3.255157 10.015740 -0.000000 0.000000 -0.000000 -9.719192 -0.000006 5.172710 27.556381 0.000000 0.000001 -0.000001 -20.000019 0.000063 -42.094282 0.000000 -0.000001 -0.000000 -21.000046 0.000092 -0.000000 0.000000 0.000000 -6.500000 -3.255150 -11.802598 -0.000000 -0.000000 -0.000000 -9.719196 -0.000032 -5.185894 45.068262 -0.000001 0.000000 0.000001 -20.000004 -0.000370 -54.947957 -0.000000 0.000001 0.000000 -20.999935 0.000370 -0.000000 -0.000000 0.000000 6.498628 -3.255165 10.007565 -0.000000 0.000000 -0.000000 9.737182 -0.000016 5.180907 40.268063 -0.000000 0.000000 -0.000001 -19.993643 -0.505179 -42.807234 0.000000 0.000000 0.000000 -20.999947 0.017194 0.000000 0.000000 -0.000000 6.500278 -3.255180 -11.808103 -0.000000 0.000000 -0.000000 9.735531 -0.000003 -5.180388 53.156418 0.000000 -0.000000 -0.000001 -20.000002 -0.000088 -60.004592 0.000000 -0.000000 0.000000 -20.999977 0.000082 0.000000 -0.000000 -0.000000 
-2.573863 101.988754 260.775574 5.297137 0.000000 -0.000000 0.000000 0.000008 -0.000007 -0.000000 0.000000 -0.000000 -6.500005 -3.255150 10.015790 -0.000000 0.000000 -0.000000 -9.719192 -0.000015 5.172736 30.693798 0.000000 0.000000 -0.000000 -20.000017 0.000075 -45.950924 0.000000 -0.000001 -0.000000 -21.000038 0.000073 -0.000001 -0.000000 0.000000 -6.500001 -3.255150 -11.802602 -0.000001 0.000000 -0.000000 -9.719194 -0.000030 -5.185904 46.870008 -0.000001 -0.000000 0.000003 -19.999996 -0.000369 -61.442107 -0.000000 0.000001 0.000000 -20.999931 0.000335 -0.000000 -0.000000 -0.000000 6.498628 -3.255150 10.007572 -0.000000 0.000000 -0.000000 9.737182 -0.000024 5.180938 44.249480 -0.000001 0.000000 -0.000003 -19.993614 -0.505180 -52.169364 0.000000 0.000000 -0.000001 -20.999947 0.017175 0.000000 0.000000 -0.000000 6.500279 -3.255173 -11.808108 -0.000000 0.000000 -0.000000 9.735531 0.000003 -5.180400 54.732464 0.000000 -0.000000 0.000000 -19.999987 -0.000095 -69.703836 0.000000 -0.000000 -0.000001 -20.999977 0.000112 -0.000000 0.000000 -0.000000 
-2.573863 102.435394 262.313110 4.535746 0.000000 -0.000000 -0.000000 0.000008 -0.000005 -0.000000 0.000000 -0.000000 -6.500005 -3.255157 10.015780 -0.000000 0.000000 -0.000000 -9.719192 -0.000005 5.172722 34.430181 0.000000 0.000001 -0.000000 -20.000021 0.000067 -51.806541 0.000001 -0.000001 0.000002 -21.000031 0.000072 -0.000000 0.000000 0.000000 -6.500000 -3.255150 -11.802598 -0.000000 -0.000000 -0.000000 -9.719196 -0.000026 -5.185901 48.519680 -0.000001 0.000000 0.000001 -20.000004 -0.000365 -68.142660 -0.000001 0.000001 -0.000002 -20.999939 0.000343 -0.000001 -0.000000 -0.000000 6.498628 -3.255157 10.007581 -0.000000 0.000000 -0.000000 9.737182 -0.000011 5.180922 47.897480 -0.000000 0.000000 0.000000 -19.993633 -0.505203 -61.485315 -0.000000 -0.000000 -0.000001 -20.999950 0.017197 0.000001 0.000000 -0.000000 6.500278 -3.255180 -11.808093 -0.000000 0.000000 -0.000000 9.735531 -0.000008 -5.180387 54.822920 0.000000 -0.000000 0.000000 -19.999985 -0.000091 -78.189226 0.000000 -0.000000 0.000000 -20.999973 0.000073 -0.000001 0.000000 -0.000000 
-2.573863 102.717873 263.847565 3.755941 0.000000 -0.000000 0.000000 0.000000 -0.000013 -0.000000 0.000000 -0.000000 -6.500005 -3.255150 10.015751 -0.000000 0.000000 -0.000000 -9.719192 -0.000012 5.172730 38.090602 0.000000 0.000001 -0.000002 -19.999996 0.000056 -58.477757 0.000001 -0.000001 -0.000002 -21.000038 0.000068 -0.000000 0.000000 0.000000 -6.500001 -3.255157 -11.802636 -0.000000 0.000000 -0.000000 -9.719196 -0.000015 -5.185890 49.595407 -0.000001 -0.000000 0.000001 -20.000023 -0.000372 -74.245768 -0.000001 0.000001 0.000000 -20.999954 0.000370 0.000000 0.000000 -0.000000 6.498628 -3.255165 10.007507 -0.000000 0.000000 -0.000000 9.737182 -0.000021 5.180919 51.023265 0.000000 -0.000000 0.000000 -19.993622 -0.505172 -70.468564 0.000000 -0.000000 -0.000003 -20.999954 0.017210 0.000001 0.000000 -0.000000 6.500279 -3.255188 -11.808150 -0.000000 0.000000 -0.000000 9.735531 -0.000002 -5.180365 53.757093 0.000000 -0.000000 -0.000002 -19.999983 -0.000090 -85.187499 0.000000 -0.000000 -0.000001 -20.999985 0.000105 0.000001 0.000000 -0.000000 
-2.573863 102.895355 265.383484 2.984092 0.000000 -0.000000 0.000000 0.000008 -0.000013 0.000000 0.000000 -0.000000 -6.500005 -3.255157 10.015757 0.000000 0.000000 -0.000000 -9.719192 -0.000008 5.172737 41.055980 0.000001 0.000001 0.000002 -20.000002 0.000082 -65.047068 0.000001 -0.000001 0.000002 -21.000042 0.000050 0.000002 0.000000 0.000000 -6.500000 -3.255150 -11.802605 -0.000000 -0.000000 -0.000000 -9.719195 -0.000014 -5.185910 49.600929 -0.000001 -0.000000 0.000003 -19.999990 -0.000377 -78.715560 -0.000001 0.000001 0.000000 -20.999943 0.000346 0.000000 -0.000000 0.000000 6.498628 -3.255165 10.007556 0.000000 0.000000 -0.000000 9.737182 -0.000011 5.180935 53.163163 0.000000 -0.000000 -0.000001 -19.993626 -0.505204 -78.352850 0.000000 -0.000000 0.000000 -20.999935 0.017159 -0.000001 0.000000 -0.000000 6.500279 -3.255188 -11.808127 0.000000 0.000000 -0.000000 9.735531 0.000002 -5.180385 51.489555 -0.000000 0.000000 -0.000001 -20.000011 -0.000076 -89.624711 0.000000 0.000000 -0.000000 -20.999977 0.000109 0.000001 0.000000 0.000000 
-2.573863 102.986496 266.919342 2.246572 0.000000 -0.000000 0.000000 0.000000 -0.000009 -0.000000 0.000000 -0.000000 -6.500005 -3.255157 10.015750 0.000000 0.000000 -0.000000 -9.719192 -0.000013 5.172724 43.315420 0.000001 0.000001 -0.000002 -20.000023 0.000073 -71.311416 0.000001 -0.000001 -0.000002 -21.000050 0.000085 -0.000002 -0.000000 -0.000000 -6.500001 -3.255157 -11.802629 -0.000001 0.000000 -0.000000 -9.719195 -0.000027 -5.185870 48.634297 -0.000000 -0.000001 0.000001 -20.000015 -0.000378 -81.939655 -0.000001 0.000001 0.000000 -20.999954 0.000338 -0.000001 -0.000000 -0.000000 6.498628 -3.255165 10.007559 0.000000 0.000000 -0.000000 9.737182 -0.000016 5.180928 54.419375 0.000000 -0.000000 0.000000 -19.993631 -0.505193 -85.136867 0.000000 -0.000000 -0.000001 -20.999943 0.017195 0.000001 0.000000 -0.000000 6.500279 -3.255188 -11.808113 0.000000 0.000000 -0.000000 9.735531 0.000004 -5.180381 48.331815 0.000000 -0.000000 -0.000001 -20.000006 -0.000071 -92.208455 0.000000 -0.000000 0.000001 -20.999950 0.000092 -0.000001 0.000000 -0.000000 
-2.573863 103.030998 268.455078 1.583400 0.000000 -0.000000 0.000000 0.000000 -0.000016 -0.000000 0.000000 -0.000000 -6.500005 -3.255157 10.015726 -0.000000 0.000000 -0.000000 -9.719192 -0.000029 5.172708 44.629504 0.000001 0.000001 0.000000 -19.999990 0.000070 -76.681523 0.000001 -0.000001 0.000002 -21.000038 0.000089 0.000003 0.000000 0.000000 -6.500000 -3.255157 -11.802629 -0.000000 -0.000000 -0.000000 -9.719195 -0.000038 -5.185910 46.538129 -0.000001 -0.000000 0.000001 -20.000025 -0.000338 -83.831365 -0.000001 0.000001 -0.000000 -20.999939 0.000350 -0.000003 0.000000 0.000000 6.498628 -3.255165 10.007510 -0.000000 0.000000 -0.000000 9.737182 -0.000009 5.180870 54.723182 0.000000 -0.000000 -0.000001 -19.993639 -0.505182 -90.520681 0.000000 -0.000000 -0.000003 -20.999928 0.017204 -0.000001 0.000000 -0.000000 6.500279 -3.255188 -11.808126 -0.000000 0.000000 -0.000000 9.735531 -0.000001 -5.180380 44.567893 0.000000 -0.000000 -0.000001 -20.000004 -0.000076 -93.134766 -0.000000 -0.000000 0.000000 -20.999966 0.000092 -0.000001 -0.000000 0.000000 
-2.573863 103.024872 269.990784 0.980000 0.000000 -0.000000 0.000000 0.000000 -0.000005 -0.000000 0.000000 -0.000000 -6.500005 -3.255150 10.015775 -0.000000 0.000000 -0.000000 -9.719192 -0.000027 5.172704 45.064608 0.000001 0.000001 0.000000 -19.999983 0.000075 -81.398411 0.000001 -0.000001 0.000000 -21.000038 0.000070 -0.000000 -0.000000 -0.000000 -6.500001 -3.255157 -11.802588 -0.000000 0.000000 -0.000000 -9.719196 -0.000021 -5.185908 43.582467 -0.000001 -0.000000 0.000001 -19.999998 -0.000335 -84.777886 -0.000001 0.000001 0.000002 -20.999950 0.000330 0.000000 0.000000 -0.000000 6.498628 -3.255157 10.007564 -0.000000 0.000000 -0.000000 9.737182 -0.000025 5.180891 54.123648 0.000000 -0.000000 -0.000001 -19.993631 -0.505182 -94.633992 0.000000 -0.000000 0.000000 -20.999918 0.017222 -0.000005 0.000000 -0.000000 6.500279 -3.255188 -11.808083 -0.000000 0.000000 -0.000000 9.735531 0.000007 -5.180389 40.234821 0.000001 -0.000001 0.000002 -20.000019 -0.000101 -92.864509 -0.000000 -0.000000 0.000001 -21.000000 0.000104 -0.000001 0.000000 0.000000 
-2.573863 102.984619 271.526306 0.441735 0.000000 -0.000000 0.000000 0.000000 -0.000044 -0.000000 0.000000 -0.000000 -6.500005 -3.255157 10.015789 -0.000000 0.000000 -0.000000 -9.719192 -0.000015 5.172725 44.599728 0.000001 0.000001 0.000000 -19.999962 0.000085 -85.490671 0.000001 -0.000001 0.000002 -21.000046 0.000070 0.000002 0.000000 0.000000 -6.500000 -3.255157 -11.802586 -0.000000 -0.000000 -0.000000 -9.719195 -0.000028 -5.185885 39.884408 -0.000001 -0.000000 0.000001 -19.999987 -0.000347 -85.172903 -0.000001 0.000001 0.000000 -20.999924 0.000342 -0.000001 -0.000000 -0.000000 6.498628 -3.255157 10.007579 -0.000000 0.000000 -0.000000 9.737182 -0.000013 5.180923 52.609775 0.000000 -0.000000 0.000000 -19.993610 -0.505216 -97.409952 0.000000 -0.000000 0.000000 -20.999962 0.017241 -0.000003 0.000000 0.000000 6.500279 -3.255188 -11.808079 -0.000000 0.000000 -0.000000 9.735531 0.000009 -5.180367 35.251286 0.000000 -0.000000 -0.000001 -20.000010 -0.000057 -91.866557 -0.000000 0.000000 -0.000000 -20.999962 0.000108 0.000001 0.000000 0.000000 
-2.573863 102.888535 273.061798 -0.051194 0.000000 -0.000000 0.000000 0.000000 -0.000032 0.000000 0.000000 -0.000000 -6.500005 -3.255157 10.015744 0.000000 0.000000 -0.000000 -9.719192 -0.000020 5.172751 43.257524 0.000001 0.000001 0.000000 -19.999969 0.000069 -89.006435 0.000001 -0.000001 0.000000 -21.000034 0.000032 0.000003 -0.000000 -0.000000 -6.500001 -3.255157 -11.802602 -0.000001 0.000000 -0.000000 -9.719195 -0.000024 -5.185916 35.745300 -0.000000 -0.000001 0.000001 -20.000004 -0.000369 -84.910467 -0.000001 0.000001 0.000002 -20.999912 0.000342 0.000002 -0.000000 -0.000000 6.498628 -3.255165 10.007565 0.000000 0.000000 -0.000000 9.737182 -0.000015 5.180945 50.292845 0.000000 -0.000000 0.000000 -19.993557 -0.505185 -99.138195 0.000000 -0.000000 -0.000001 -20.999969 0.017218 -0.000003 0.000000 -0.000000 6.500279 -3.255188 -11.808125 0.000000 0.000000 -0.000000 9.735531 0.000003 -5.180384 30.256331 0.000000 -0.000000 0.000000 -20.000006 -0.000095 -90.313146 0.000000 -0.000000 0.000000 -21.000000 0.000117 0.000001 0.000000 -0.000000 
-2.573863 102.718307 274.597229 -0.522800 0.000000 -0.000000 0.000000 0.000008 -0.000022 -0.000000 0.000000 -0.000000 -6.500005 -3.255157 10.015729 -0.000000 0.000000 -0.000000 -9.719192 -0.000013 5.172731 41.002387 0.000001 0.000001 -0.000001 -19.999990 0.000058 -92.068826 0.000002 -0.000001 0.000000 -21.000019 0.000085 -0.000002 -0.000000 -0.000000 -6.500001 -3.255150 -11.802616 -0.000001 0.000000 -0.000000 -9.719195 -0.000020 -5.185902 31.405124 -0.000000 -0.000000 0.000003 -20.000006 -0.000371 -83.932179 -0.000001 0.000001 0.000002 -20.999935 0.000354 0.000000 0.000000 0.000000 6.498628 -3.255157 10.007519 -0.000000 0.000000 -0.000000 9.737182 -0.000010 5.180929 47.202423 -0.000000 0.000000 -0.000000 -19.993607 -0.505184 -100.042355 -0.000000 0.000000 0.000000 -20.999931 0.017203 0.000001 -0.000000 -0.000000 6.500279 -3.255180 -11.808141 -0.000000 0.000000 -0.000000 9.735531 0.000007 -5.180371 25.718498 -0.000000 0.000000 0.000000 -20.000010 -0.000115 -88.357936 0.000000 -0.000000 -0.000000 -20.999973 0.000109 0.000001 0.000000 0.000000 
-2.573863 102.480247 276.132477 -0.955078 0.000000 -0.000000 0.000000 0.000000 -0.000015 -0.000000 0.000000 -0.000000 -6.500005 -3.255150 10.015746 -0.000000 0.000000 -0.000000 -9.719193 -0.000015 5.172782 37.988160 0.000001 0.000001 -0.000001 -20.000002 0.000085 -94.481604 0.000002 -0.000001 0.000002 -21.000034 0.000055 -0.000000 -0.000000 0.000000 -6.500001 -3.255150 -11.802632 -0.000001 0.000000 -0.000000 -9.719196 -0.000020 -5.185891 27.164880 -0.000001 -0.000000 0.000003 -20.000019 -0.000354 -82.489028 -0.000001 0.000001 0.000002 -20.999935 0.000357 0.000000 -0.000000 -0.000000 6.498628 -3.255157 10.007535 -0.000000 0.000000 -0.000000 9.737182 -0.000015 5.180945 43.572700 -0.000001 0.000001 -0.000003 -19.993633 -0.505187 -100.253694 0.000000 -0.000000 -0.000001 -20.999950 0.017253 -0.000001 0.000000 -0.000000 6.500279 -3.255180 -11.808127 -0.000000 0.000000 -0.000000 9.735531 -0.000001 -5.180385 22.067955 0.000000 -0.000000 0.000000 -19.999996 -0.000082 -86.525615 0.000000 -0.000000 0.000000 -20.999969 0.000102 0.000001 0.000000 -0.000000 
-2.573863 102.170975 277.667603 -1.333340 0.000000 -0.000000 0.000000 -0.000000 -0.000032 -0.000000 0.000000 -0.000000 -6.500005 -3.255150 10.015788 -0.000000 0.000000 -0.000000 -9.719193 -0.000008 5.172715 34.241524 0.000001 0.000001 0.000000 -19.999966 0.000085 -96.050437 0.000002 -0.000001 0.000000 -21.000011 0.000097 -0.000000 -0.000000 -0.000000 -6.500000 -3.255150 -11.802606 -0.000001 -0.000000 -0.000000 -9.719196 -0.000030 -5.185917 23.469973 -0.000001 0.000000 0.000001 -20.000004 -0.000365 -81.170296 -0.000001 0.000001 0.000000 -20.999945 0.000342 0.000004 0.000000 -0.000000 6.498628 -3.255157 10.007574 -0.000000 0.000000 -0.000000 9.737182 -0.000016 5.180922 39.607680 -0.000000 0.000000 0.000000 -19.993629 -0.505214 -99.952708 0.000000 -0.000000 -0.000001 -20.999931 0.017215 0.000001 0.000000 0.000000 6.500279 -3.255180 -11.808103 -0.000000 0.000000 -0.000000 9.735531 0.000004 -5.180388 20.289029 0.000000 -0.000000 0.000000 -19.999983 -0.000079 -86.195915 0.000000 -0.000000 -0.000001 -20.999996 0.000100 0.000001 0.000000 -0.000000 
-2.573863 101.801117 279.202606 -1.671649 0.000000 -0.000000 0.000000 0.000000 -0.000005 -0.000000 0.000000 -0.000000 -6.500005 -3.255150 10.015742 -0.000000 0.000000 -0.000000 -9.719192 -0.000009 5.172720 30.108273 0.000001 0.000001 0.000000 -19.999998 0.000047 -96.892906 0.000002 -0.000001 -0.000002 -21.000053 0.000081 -0.000002 0.000000 0.000000 -6.500001 -3.255150 -11.802598 -0.000000 0.000000 -0.000000 -9.719196 -0.000031 -5.185906 20.127131 -0.000001 -0.000000 0.000001 -19.999987 -0.000370 -78.902461 -0.000001 0.000001 0.000000 -20.999973 0.000365 0.000000 -0.000000 -0.000000 6.498628 -3.255150 10.007557 -0.000000 0.000000 -0.000000 9.737182 -0.000013 5.180918 35.427450 0.000000 -0.000000 -0.000001 -19.993603 -0.505192 -99.215683 0.000000 -0.000000 -0.000001 -20.999954 0.017222 0.000001 0.000000 -0.000000 6.500279 -3.255180 -11.808097 -0.000000 0.000000 -0.000000 9.735531 0.000011 -5.180396 19.187854 0.000000 -0.000000 0.000000 -20.000010 -0.000066 -84.957328 0.000000 -0.000000 -0.000001 -20.999958 0.000115 -0.000001 0.000000 -0.000000 
-2.573863 101.375885 280.737427 -1.977215 0.000000 -0.000000 0.000000 0.000000 -0.000017 -0.000000 0.000000 -0.000000 -6.500005 -3.255150 10.015752 -0.000000 0.000000 -0.000000 -9.719192 -0.000006 5.172745 25.821648 0.000001 0.000001 0.000000 -19.999992 0.000069 -96.963742 0.000002 -0.000001 -0.000002 -21.000050 0.000097 -0.000000 -0.000000 0.000000 -6.500001 -3.255142 -11.802609 -0.000000 0.000000 0.000000 -9.719196 -0.000032 -5.185935 17.131475 -0.000001 -0.000000 0.000001 -19.999990 -0.000359 -74.533756 -0.000001 0.000001 0.000000 -20.999962 0.000323 0.000002 -0.000000 -0.000000 6.498628 -3.255157 10.007532 -0.000000 0.000000 -0.000000 9.737182 -0.000000 5.180969 31.207148 0.000000 -0.000000 -0.000000 -19.993618 -0.505215 -98.237450 0.000000 0.000000 -0.000001 -20.999935 0.017222 0.000001 0.000000 -0.000000 6.500279 -3.255173 -11.808141 -0.000000 0.000000 -0.000000 9.735531 -0.000001 -5.180366 18.006429 0.000000 -0.000000 0.000000 -20.000008 -0.000082 -80.582763 0.000000 -0.000000 0.000000 -20.999996 0.000108 -0.000001 0.000000 -0.000000 
-2.573863 100.908249 282.272095 -2.255906 0.000000 -0.000000 0.000000 0.000000 -0.000057 -0.000000 0.000000 -0.000000 -6.500005 -3.255157 10.015756 -0.000000 0.000000 -0.000000 -9.719192 -0.000008 5.172743 21.746016 0.000001 0.000001 -0.000001 -19.999983 0.000056 -96.557339 0.000002 -0.000001 -0.000000 -21.000023 0.000066 0.000002 0.000000 0.000000 -6.500001 -3.255157 -11.802596 -0.000000 0.000000 -0.000000 -9.719196 -0.000027 -5.185891 14.363200 -0.000001 -0.000000 0.000001 -19.999996 -0.000367 -68.888414 -0.000001 0.000001 0.000000 -20.999962 0.000334 0.000002 -0.000000 0.000000 6.498628 -3.255165 10.007564 -0.000000 0.000000 -0.000000 9.737182 -0.000021 5.180946 26.985423 0.000001 -0.000001 0.000000 -19.993610 -0.505174 -96.843388 0.000000 -0.000000 -0.000001 -20.999962 0.017191 0.000001 0.000000 -0.000000 6.500279 -3.255188 -11.808099 -0.000000 0.000000 -0.000000 9.735531 0.000006 -5.180415 16.421515 0.000000 -0.000000 0.000000 -19.999983 -0.000098 -73.898733 0.000000 -0.000000 0.000000 -20.999939 0.000081 -0.000001 0.000000 -0.000000 
-2.573863 100.411758 283.806549 -2.521284 0.000000 -0.000000 0.000000 0.000008 -0.000026 -0.000000 0.000000 -0.000000 -6.500005 -3.255142 10.015733 -0.000000 0.000000 -0.000000 -9.719192 -0.000004 5.172730 18.357660 0.000001 0.000001 0.000002 -19.999990 0.000078 -95.889388 0.000002 -0.000001 -0.000002 -21.000015 0.000077 -0.000001 0.000000 0.000000 -6.500000 -3.255142 -11.802642 -0.000000 -0.000000 -0.000000 -9.719198 -0.000023 -5.185891 11.608597 -0.000001 0.000000 0.000001 -19.999996 -0.000343 -61.940786 -0.000000 0.000001 -0.000002 -20.999939 0.000358 -0.000003 -0.000000 0.000000 6.498628 -3.255150 10.007508 -0.000000 0.000000 -0.000000 9.737182 -0.000001 5.180963 22.774805 0.000000 -0.000000 -0.000001 -19.993610 -0.505188 -94.907452 -0.000000 -0.000000 -0.000002 -20.999947 0.017215 -0.000003 0.000000 -0.000000 6.500278 -3.255180 -11.808117 -0.000000 0.000000 -0.000000 9.735531 0.000001 -5.180387 13.470812 0.000000 -0.000000 0.000000 -20.000006 -0.000097 -64.285761 0.000000 -0.000000 -0.000001 -20.999966 0.000100 0.000001 0.000000 -0.000000 
-2.573863 99.889839 285.340759 -2.757484 0.000000 -0.000000 0.000000 0.000000 -0.000027 -0.000000 0.000000 -0.000000 -6.500005 -3.255157 10.015721 -0.000000 0.000000 -0.000000 -9.719192 -0.000009 5.172698 15.554059 0.000001 0.000001 0.000000 -19.999981 0.000071 -95.150669 0.000002 -0.000001 -0.000000 -21.000015 0.000058 -0.000000 0.000000 0.000000 -6.500001 -3.255150 -11.802659 -0.000001 0.000000 -0.000000 -9.719196 -0.000023 -5.185923 9.144428 -0.000001 -0.000000 0.000001 -20.000002 -0.000385 -55.088966 -0.000000 0.000001 0.000000 -20.999969 0.000380 0.000002 0.000000 -0.000000 6.498628 -3.255150 10.007554 -0.000000 0.000000 -0.000000 9.737182 -0.000022 5.180898 18.828825 0.000000 -0.000000 -0.000002 -19.993595 -0.505197 -92.479013 0.000000 -0.000000 -0.000002 -20.999966 0.017199 -0.000001 0.000000 -0.000000 6.500279 -3.255180 -11.808136 -0.000000 0.000000 -0.000000 9.735531 0.000008 -5.180388 10.313494 0.000000 -0.000000 0.000000 -19.999998 -0.000087 -53.854764 0.000000 -0.000000 0.000000 -20.999969 0.000092 -0.000001 0.000000 -0.000000 
-2.573863 99.348480 286.874756 -2.956003 0.000000 -0.000000 0.000000 0.000008 -0.000024 -0.000000 0.000000 -0.000000 -6.500005 -3.255157 10.015738 -0.000000 0.000000 -0.000000 -9.719193 -0.000013 5.172756 13.495597 0.000001 0.000001 0.000000 -19.999983 0.000054 -94.730721 0.000002 -0.000001 0.000002 -21.000027 0.000074 0.000001 -0.000000 0.000000 -6.500001 -3.255158 -11.802630 -0.000001 0.000000 -0.000000 -9.719196 -0.000024 -5.185913 7.261284 -0.000000 -0.000000 0.000003 -20.000000 -0.000387 -50.036815 -0.000000 0.000001 0.000002 -20.999950 0.000376 0.000000 0.000000 0.000000 6.498628 -3.255165 10.007537 -0.000000 0.000000 -0.000000 9.737182 -0.000023 5.180925 15.373441 -0.000000 0.000000 -0.000000 -19.993624 -0.505214 -89.557809 0.000000 0.000000 0.000001 -20.999931 0.017191 0.000001 -0.000000 -0.000000 6.500278 -3.255188 -11.808110 -0.000000 0.000000 -0.000000 9.735531 0.000000 -5.180377 7.606863 0.000000 -0.000000 0.000000 -20.000004 -0.000094 -44.105929 0.000000 -0.000000 0.000001 -20.999962 0.000100 0.000001 0.000000 -0.000000 
-2.573863 98.793625 288.408508 -3.108334 0.000000 -0.000000 0.000000 0.000000 -0.000049 0.000000 0.000000 -0.000000 -6.500005 -3.255142 10.015780 -0.000000 0.000000 -0.000000 -9.719193 0.000001 5.172757 11.869749 0.000001 0.000001 0.000000 -19.999968 0.000048 -94.248920 0.000002 -0.000001 -0.000000 -21.000042 0.000071 0.000000 -0.000000 0.000000 -6.500001 -3.255150 -11.802613 -0.000001 0.000000 -0.000000 -9.719195 -0.000012 -5.185918 5.703949 -0.000000 -0.000000 0.000003 -20.000011 -0.000390 -45.841358 -0.000000 0.000001 -0.000000 -20.999954 0.000322 0.000000 0.000000 0.000000 6.498628 -3.255157 10.007546 -0.000000 0.000000 -0.000000 9.737182 -0.000009 5.180932 12.503974 0.000000 -0.000000 0.000000 -19.993614 -0.505212 -86.166805 0.000000 -0.000000 -0.000001 -20.999966 0.017199 -0.000000 0.000000 -0.000000 6.500279 -3.255180 -11.808124 -0.000000 0.000000 -0.000000 9.735531 0.000014 -5.180412 5.894254 0.000000 -0.000000 0.000001 -20.000000 -0.000063 -36.251892 0.000000 -0.000000 0.000000 -20.999985 0.000088 0.000001 0.000000 -0.000000 
-2.573863 98.231247 289.941956 -3.222884 0.000000 -0.000000 0.000000 0.000000 -0.000009 -0.000000 0.000000 -0.000000 -6.500005 -3.255150 10.015741 -0.000000 0.000000 -0.000000 -9.719193 -0.000001 5.172731 10.453352 0.000000 0.000001 0.000000 -19.999969 0.000066 -93.725714 0.000002 -0.000001 -0.000000 -21.000042 0.000075 0.000000 0.000000 0.000000 -6.500001 -3.255150 -11.802609 -0.000001 0.000000 -0.000000 -9.719194 -0.000015 -5.185930 4.283705 -0.000000 -0.000000 0.000003 -19.999996 -0.000361 -42.036642 -0.000000 0.000001 0.000002 -20.999920 0.000315 0.000000 0.000000 0.000000 6.498628 -3.255150 10.007537 -0.000000 0.000000 -0.000000 9.737182 -0.000014 5.180901 10.571027 0.000000 -0.000000 -0.000002 -19.993595 -0.505175 -82.637332 -0.000000 -0.000000 -0.000002 -20.999943 0.017214 0.000001 -0.000000 -0.000000 6.500279 -3.255173 -11.808123 -0.000000 0.000000 -0.000000 9.735531 -0.000010 -5.180393 5.917441 0.000000 -0.000000 0.000000 -20.000004 -0.000081 -31.922962 0.000000 -0.000000 0.000000 -21.000000 0.000098 0.000002 0.000000 -0.000000 
-2.573863 97.667313 291.475189 -3.240405 0.000000 -0.000000 0.000000 0.000008 -0.000003 -0.000000 0.000000 -0.000000 -6.500005 -3.255150 10.015743 -0.000000 0.000000 -0.000000 -9.719193 -0.000005 5.172757 9.138715 0.000000 0.000001 0.000000 -19.999975 0.000031 -92.347620 0.000002 -0.000001 -0.000000 -21.000011 0.000064 -0.000000 0.000000 0.000000 -6.500001 -3.255150 -11.802596 -0.000001 0.000000 -0.000000 -9.719196 -0.000017 -5.185912 3.091670 -0.000001 -0.000000 -0.000001 -20.000010 -0.000383 -38.895281 -0.000000 0.000001 0.000000 -20.999928 0.000307 -0.000001 0.000000 -0.000000 6.498628 -3.255165 10.007538 -0.000000 0.000000 -0.000000 9.737182 -0.000026 5.180961 9.034726 0.000001 -0.000001 0.000000 -19.993607 -0.505202 -78.044043 -0.000000 -0.000000 -0.000001 -20.999950 0.017207 -0.000001 0.000000 0.000000 6.500279 -3.255180 -11.808108 -0.000000 0.000000 -0.000000 9.735531 0.000012 -5.180377 7.738457 0.000000 -0.000000 0.000000 -20.000000 -0.000098 -31.366097 0.000000 -0.000000 0.000000 -20.999981 0.000081 0.000001 0.000000 -0.000000 
-2.573863 97.107788 293.008087 -3.104030 0.000000 -0.000000 0.000000 0.000008 -0.000021 -0.000000 0.000000 -0.000000 -6.500005 -3.255150 10.015756 -0.000000 0.000000 -0.000000 -9.719193 -0.000002 5.172721 7.780047 0.000001 0.000001 -0.000001 -19.999987 0.000043 -89.021516 0.000001 -0.000001 0.000002 -21.000023 0.000074 -0.000000 0.000000 0.000000 -6.500001 -3.255142 -11.802613 -0.000001 0.000000 -0.000000 -9.719196 -0.000028 -5.185876 2.070942 -0.000001 0.000000 -0.000001 -19.999998 -0.000357 -36.367523 -0.000000 0.000001 -0.000000 -20.999916 0.000338 -0.000003 0.000000 0.000000 6.498628 -3.255150 10.007552 -0.000000 0.000000 -0.000000 9.737182 -0.000020 5.180954 7.544062 0.000000 -0.000000 -0.000001 -19.993610 -0.505143 -71.371911 0.000000 -0.000000 -0.000001 -20.999958 0.017218 0.000001 0.000000 -0.000000 6.500279 -3.255173 -11.808093 -0.000000 0.000000 -0.000000 9.735531 0.000010 -5.180400 12.399770 0.000000 -0.000000 0.000001 -19.999996 -0.000146 -36.910697 0.000000 -0.000000 0.000000 -20.999992 0.000111 0.000001 0.000000 -0.000000 
-2.573863 96.558624 294.540649 -2.815010 0.000000 -0.000000 0.000000 0.000000 -0.000009 -0.000000 0.000000 -0.000000 -6.500005 -3.255150 10.015721 -0.000000 0.000000 -0.000000 -9.719192 -0.000011 5.172713 6.268472 0.000001 0.000001 0.000002 -19.999983 0.000106 -84.606735 0.000001 -0.000001 -0.000002 -21.000011 0.000070 -0.000000 -0.000000 0.000000 -6.500001 -3.255150 -11.802649 -0.000001 0.000000 -0.000000 -9.719194 -0.000022 -5.185931 1.476853 -0.000001 -0.000000 -0.000001 -20.000002 -0.000370 -34.954542 -0.000000 0.000000 0.000000 -20.999943 0.000345 0.000000 0.000000 -0.000000 6.498628 -3.255165 10.007523 -0.000000 0.000000 -0.000000 9.737182 -0.000018 5.180917 5.883049 0.000000 -0.000000 -0.000001 -19.993601 -0.505192 -63.221215 0.000000 -0.000000 -0.000001 -20.999958 0.017222 0.000001 0.000000 -0.000000 6.500279 -3.255180 -11.808097 -0.000000 0.000000 -0.000000 9.735531 0.000008 -5.180392 17.701852 0.000000 -0.000000 0.000001 -20.000021 -0.000062 -43.939853 0.000000 -0.000000 0.000000 -20.999989 0.000065 0.000001 0.000000 -0.000000 
-2.573863 96.025803 296.073669 -2.335890 0.000000 -0.000000 -0.000000 0.000000 -0.000013 -0.000000 0.000000 -0.000000 -6.500005 -3.255150 10.015716 -0.000000 0.000000 -0.000000 -9.719192 -0.000003 5.172730 4.412709 0.000001 0.000001 -0.000002 -19.999990 0.000073 -79.493293 0.000001 -0.000001 -0.000002 -21.000015 0.000073 -0.000000 0.000000 0.000000 -6.500001 -3.255150 -11.802633 -0.000001 0.000000 -0.000000 -9.719194 -0.000030 -5.185896 1.289875 -0.000001 -0.000000 0.000001 -19.999996 -0.000362 -35.061721 -0.000000 0.000000 0.000000 -20.999920 0.000315 0.000002 -0.000000 -0.000000 6.498628 -3.255165 10.007492 -0.000000 0.000000 -0.000000 9.737182 -0.000005 5.180934 3.073767 -0.000001 0.000000 -0.000001 -19.993612 -0.505166 -52.463810 0.000000 0.000000 -0.000002 -20.999962 0.017191 0.000004 -0.000000 0.000000 6.500278 -3.255180 -11.808137 -0.000000 0.000000 -0.000000 9.735531 0.000008 -5.180362 21.504033 0.000000 -0.000000 0.000000 -20.000011 -0.000085 -48.007740 0.000000 -0.000000 -0.000001 -20.999962 0.000107 0.000001 0.000000 -0.000000 
-2.573863 95.515282 297.604736 -1.725932 0.000000 -0.000000 0.000000 0.000008 -0.000024 -0.000000 0.000000 -0.000000 -6.500005 -3.255157 10.015771 -0.000000 0.000000 -0.000000 -9.719192 -0.000008 5.172729 2.314177 0.000001 0.000001 -0.000002 -19.999987 0.000072 -73.996248 0.000001 -0.000001 -0.000000 -21.000015 0.000066 -0.000000 0.000000 0.000000 -6.500001 -3.255150 -11.802606 -0.000001 0.000000 -0.000000 -9.719194 -0.000035 -5.185926 2.277686 -0.000001 -0.000000 -0.000001 -19.999996 -0.000396 -36.926762 -0.000000 0.000001 -0.000002 -20.999928 0.000330 -0.000001 0.000000 0.000000 6.498628 -3.255165 10.007554 -0.000000 0.000000 -0.000000 9.737182 -0.000012 5.180933 1.050991 -0.000001 0.000000 -0.000002 -19.993610 -0.505195 -43.270129 0.000000 -0.000000 -0.000002 -20.999958 0.017203 0.000002 0.000000 -0.000000 6.500279 -3.255188 -11.808105 -0.000000 0.000000 -0.000000 9.735531 0.000005 -5.180385 24.672178 0.000000 -0.000000 -0.000001 -19.999996 -0.000067 -50.930695 0.000000 -0.000000 0.000000 -20.999981 0.000100 0.000001 0.000000 -0.000000 
-2.573863 95.033035 299.131287 -1.020219 0.000000 -0.000000 0.000000 0.000008 -0.000006 -0.000000 0.000000 -0.000000 -6.500005 -3.255157 10.015745 -0.000000 0.000000 -0.000000 -9.719192 0.000005 5.172764 0.040308 0.000000 0.000001 -0.000002 -19.999985 0.000091 -68.723396 0.000001 -0.000001 0.000000 -21.000038 0.000089 0.000002 0.000000 0.000000 -6.500000 -3.255150 -11.802604 -0.000001 -0.000000 -0.000000 -9.719196 -0.000029 -5.185916 5.850053 -0.000001 0.000000 -0.000001 -20.000021 -0.000337 -41.732104 -0.000000 0.000001 -0.000000 -20.999920 0.000330 -0.000001 0.000000 0.000000 6.498628 -3.255165 10.007564 -0.000000 0.000000 -0.000000 9.737182 -0.000008 5.180969 1.761345 0.000000 0.000000 -0.000002 -19.993622 -0.505215 -40.069660 -0.000000 0.000000 -0.000001 -20.999943 0.017145 0.000002 0.000000 0.000000 6.500279 -3.255173 -11.808129 -0.000000 0.000000 -0.000000 9.735531 0.000001 -5.180377 27.338573 0.000000 -0.000000 0.000000 -20.000000 -0.000111 -53.033847 0.000000 -0.000000 0.000000 -20.999996 0.000113 -0.000001 0.000000 -0.000000 
-2.573863 94.585007 300.654907 -0.253832 0.000000 -0.000000 0.000000 0.000008 -0.000052 -0.000000 0.000000 -0.000000 -6.500005 -3.255142 10.015753 -0.000000 0.000000 -0.000000 -9.719192 -0.000003 5.172697 -2.498218 0.000000 0.000001 0.000000 -19.999979 0.000052 -63.186736 0.000001 -0.000001 0.000000 -21.000019 0.000058 -0.000000 0.000000 -0.000000 -6.500001 -3.255142 -11.802608 -0.000000 0.000000 -0.000000 -9.719196 -0.000022 -5.185904 10.061181 -0.000001 -0.000000 0.000001 -19.999998 -0.000373 -47.049072 -0.000000 0.000001 0.000000 -20.999905 0.000334 -0.000001 -0.000000 -0.000000 6.498628 -3.255157 10.007544 -0.000000 0.000000 -0.000000 9.737182 -0.000006 5.180902 4.191365 0.000001 -0.000000 0.000000 -19.993601 -0.505179 -40.957106 -0.000000 -0.000000 -0.000000 -20.999920 0.017154 -0.000003 -0.000000 0.000000 6.500279 -3.255180 -11.808102 -0.000000 0.000000 -0.000000 9.735531 0.000010 -5.180394 29.563333 0.000000 -0.000000 0.000000 -20.000008 -0.000088 -54.345237 0.000000 -0.000000 0.000000 -20.999981 0.000096 -0.000001 0.000000 -0.000000 
-2.573863 94.177185 302.174774 0.538146 0.000000 -0.000000 0.000000 0.000000 -0.000000 -0.000000 0.000000 -0.000000 -6.500005 -3.255157 10.015738 -0.000000 0.000000 -0.000000 -9.719192 -0.000016 5.172732 -5.926375 0.000000 0.000001 -0.000002 -19.999994 0.000067 -56.099318 0.000001 -0.000001 -0.000000 -21.000057 0.000073 -0.000000 -0.000000 0.000000 -6.500001 -3.255150 -11.802623 0.000000 0.000000 0.000000 -9.719196 -0.000039 -5.185905 13.194349 -0.000000 -0.000000 0.000003 -20.000010 -0.000369 -50.508457 -0.000000 0.000001 -0.000000 -20.999924 0.000323 0.000000 0.000000 -0.000000 6.498628 -3.255165 10.007528 -0.000000 0.000000 -0.000000 9.737182 -0.000012 5.180906 8.397727 0.000000 -0.000000 -0.000001 -19.993595 -0.505169 -46.679159 0.000000 -0.000000 -0.000001 -20.999943 0.017176 0.000001 -0.000000 -0.000000 6.500279 -3.255180 -11.808146 -0.000000 0.000000 -0.000000 9.735531 -0.000002 -5.180402 31.441208 0.000000 -0.000000 0.000001 -20.000015 -0.000066 -55.000952 0.000000 -0.000000 0.000001 -20.999989 0.000117 -0.000001 0.000000 -0.000000 
-2.573863 93.815521 303.695374 1.320631 0.000000 -0.000000 0.000000 0.000008 -0.000010 -0.000000 0.000000 -0.000000 -6.500005 -3.255150 10.015769 -0.000000 0.000000 -0.000000 -9.719192 -0.000005 5.172735 -8.569783 0.000000 0.000001 -0.000000 -19.999977 0.000048 -50.465727 0.000001 -0.000001 0.000002 -21.000000 0.000074 -0.000002 0.000000 0.000000 -6.500001 -3.255150 -11.802584 -0.000000 0.000000 -0.000000 -9.719195 -0.000029 -5.185907 15.972114 -0.000000 -0.000000 0.000003 -20.000013 -0.000353 -53.114259 -0.000000 0.000001 -0.000000 -20.999931 0.000312 -0.000003 0.000000 -0.000000 6.498628 -3.255157 10.007586 -0.000000 0.000000 -0.000000 9.737182 -0.000018 5.180937 13.116642 0.000000 -0.000000 -0.000002 -19.993595 -0.505217 -53.709264 0.000000 -0.000000 -0.000002 -20.999928 0.017165 0.000001 0.000000 -0.000000 6.500279 -3.255180 -11.808079 -0.000000 0.000000 -0.000000 9.735531 0.000008 -5.180370 33.000595 0.000000 -0.000000 0.000000 -20.000038 -0.000088 -55.001994 0.000000 -0.000000 -0.000001 -20.999981 0.000108 -0.000001 0.000000 -0.000000 
-2.573863 93.526794 305.222229 2.098820 0.000000 -0.000000 0.000000 0.000000 -0.000026 -0.000000 0.000000 -0.000000 -6.500005 -3.255142 10.015720 -0.000000 0.000000 -0.000000 -9.719192 -0.000011 5.172696 -8.570538 0.000000 0.000001 -0.000000 -19.999977 0.000040 -50.169386 0.000001 -0.000001 -0.000002 -21.000034 0.000062 -0.000000 -0.000000 -0.000000 -6.500000 -3.255150 -11.802636 -0.000000 -0.000000 -0.000000 -9.719195 -0.000022 -5.185949 18.513202 -0.000000 -0.000000 0.000001 -20.000004 -0.000356 -54.916852 -0.000000 0.000001 -0.000002 -20.999962 0.000334 -0.000001 0.000000 0.000000 6.498628 -3.255165 10.007531 -0.000000 0.000000 -0.000000 9.737182 -0.000023 5.180901 16.805114 -0.000000 0.000000 -0.000001 -19.993635 -0.505227 -58.251624 0.000000 0.000000 -0.000001 -20.999954 0.017184 -0.000001 -0.000000 -0.000000 6.500279 -3.255180 -11.808136 -0.000000 0.000000 -0.000000 9.735531 0.000003 -5.180378 34.221228 0.000000 -0.000000 -0.000001 -19.999998 -0.000080 -53.965178 0.000000 -0.000000 0.000000 -20.999985 0.000138 0.000001 0.000000 -0.000000 
-2.573863 93.254532 306.751312 2.716796 0.000000 -0.000000 0.000000 0.000000 -0.000015 -0.000000 0.000000 -0.000000 -6.500005 -3.255150 10.015748 -0.000000 0.000000 -0.000000 -9.719192 -0.000010 5.172737 -7.104202 -0.000000 0.000001 -0.000000 -19.999990 0.000062 -51.286910 0.000001 -0.000001 0.000002 -21.000038 0.000070 -0.000002 0.000000 0.000000 -6.500001 -3.255158 -11.802649 -0.000001 0.000000 -0.000000 -9.719195 -0.000019 -5.185928 20.912482 -0.000000 -0.000000 0.000003 -20.000025 -0.000358 -56.408019 -0.000000 0.000001 -0.000002 -20.999928 0.000338 -0.000003 0.000000 0.000000 6.498628 -3.255157 10.007520 -0.000000 0.000000 -0.000000 9.737182 -0.000019 5.180908 20.357398 0.000000 -0.000000 -0.000001 -19.993603 -0.505194 -61.860750 0.000000 -0.000000 -0.000001 -20.999924 0.017202 -0.000003 0.000000 -0.000000 6.500279 -3.255188 -11.808154 -0.000000 0.000000 -0.000000 9.735531 0.000001 -5.180391 35.343777 0.000000 -0.000000 0.000000 -20.000015 -0.000072 -53.179139 0.000000 -0.000000 0.000000 -20.999992 0.000067 0.000002 0.000000 -0.000000 
-2.573863 92.940392 308.281525 2.903251 0.000000 -0.000000 0.000000 0.000000 -0.000011 -0.000000 0.000000 -0.000000 -6.500005 -3.255150 10.015691 -0.000000 0.000000 -0.000000 -9.719192 -0.000005 5.172714 -4.742356 -0.000000 0.000001 -0.000000 -19.999985 0.000044 -49.921436 0.000001 -0.000001 0.000002 -21.000011 0.000050 -0.000000 0.000000 0.000000 -6.500000 -3.255157 -11.802640 -0.000000 -0.000000 -0.000000 -9.719195 -0.000037 -5.185921 23.281034 -0.000000 -0.000000 0.000001 -20.000006 -0.000369 -58.265250 -0.000000 0.000001 0.000000 -20.999947 0.000332 0.000000 -0.000000 -0.000000 6.498628 -3.255165 10.007523 -0.000000 0.000000 -0.000000 9.737182 -0.000008 5.180919 24.323847 0.000000 -0.000000 -0.000001 -19.993618 -0.505209 -64.759633 0.000000 0.000000 -0.000002 -20.999939 0.017199 -0.000001 0.000000 0.000000 6.500279 -3.255180 -11.808146 -0.000000 0.000000 -0.000000 9.735531 -0.000010 -5.180357 36.598916 0.000000 -0.000000 0.000000 -20.000015 -0.000093 -54.335753 0.000000 -0.000000 0.000000 -20.999981 0.000083 0.000001 0.000000 -0.000000 
-2.573863 92.616631 309.809601 3.009563 0.000000 -0.000000 0.000000 0.000008 -0.000021 -0.000000 0.000000 -0.000000 -6.500005 -3.255150 10.015761 -0.000000 0.000000 -0.000000 -9.719192 -0.000021 5.172704 -1.439056 0.000000 0.000001 -0.000002 -19.999994 0.000069 -49.876944 0.000001 -0.000001 0.000000 -21.000031 0.000051 -0.000002 0.000000 0.000000 -6.500001 -3.255150 -11.802621 -0.000000 0.000000 -0.000000 -9.719196 -0.000030 -5.185854 25.688997 -0.000001 -0.000000 0.000003 -20.000015 -0.000378 -59.981929 -0.000000 0.000001 -0.000002 -20.999935 0.000336 -0.000003 -0.000000 -0.000000 6.498628 -3.255157 10.007530 -0.000000 0.000000 -0.000000 9.737182 -0.000017 5.180935 28.193266 0.000001 -0.000000 -0.000001 -19.993587 -0.505206 -67.147125 0.000000 -0.000000 -0.000000 -20.999920 0.017184 0.000001 0.000000 0.000000 6.500279 -3.255180 -11.808097 -0.000000 0.000000 -0.000000 9.735531 0.000010 -5.180382 37.996428 0.000000 -0.000000 0.000000 -20.000004 -0.000108 -55.841950 0.000000 -0.000000 0.000001 -20.999989 0.000149 -0.000000 0.000000 -0.000000 
-2.573863 92.256737 311.330872 3.340852 0.000000 -0.000000 0.000000 0.000008 -0.000041 -0.000000 0.000000 -0.000000 -6.500005 -3.255150 10.015767 -0.000000 0.000000 -0.000000 -9.719192 -0.000008 5.172753 3.000921 0.000000 0.000001 -0.000002 -19.999998 0.000082 -55.106294 0.000001 -0.000001 -0.000002 -21.000000 0.000078 -0.000003 -0.000000 0.000000 -6.500001 -3.255150 -11.802592 0.000000 0.000000 0.000000 -9.719196 -0.000025 -5.185903 28.487724 -0.000001 0.000000 -0.000001 -20.000021 -0.000386 -61.497043 -0.000000 0.000001 0.000000 -20.999935 0.000327 0.000000 -0.000000 -0.000000 6.498628 -3.255150 10.007560 -0.000000 0.000000 -0.000000 9.737182 -0.000000 5.180954 31.659798 -0.000000 -0.000000 -0.000001 -19.993595 -0.505175 -69.510767 -0.000000 -0.000000 -0.000002 -20.999939 0.017224 0.000001 0.000000 -0.000000 6.500279 -3.255180 -11.808103 -0.000000 0.000000 -0.000000 9.735531 0.000007 -5.180400 39.861995 0.000000 -0.000000 0.000001 -19.999996 -0.000074 -56.825620 0.000000 -0.000000 0.000001 -20.999992 0.000123 0.000001 0.000000 -0.000000 
-2.573863 91.978722 312.848969 3.764592 0.000000 -0.000000 0.000000 0.000008 -0.000022 -0.000000 0.000000 -0.000000 -6.500005 -3.255157 10.015725 -0.000000 0.000000 -0.000000 -9.719193 -0.000014 5.172713 7.558150 0.000001 0.000000 -0.000000 -19.999975 0.000058 -61.265964 0.000001 -0.000001 -0.000000 -21.000027 0.000058 0.000002 0.000000 0.000000 -6.500001 -3.255157 -11.802604 -0.000000 0.000000 -0.000000 -9.719196 -0.000028 -5.185908 30.944537 -0.000001 -0.000000 0.000001 -20.000008 -0.000387 -62.151163 -0.000000 0.000001 -0.000000 -20.999931 0.000319 0.000000 0.000000 0.000000 6.498628 -3.255157 10.007543 -0.000000 0.000000 -0.000000 9.737182 -0.000011 5.180942 34.657886 -0.000001 0.000001 -0.000002 -19.993580 -0.505209 -71.207447 -0.000000 -0.000000 -0.000001 -20.999966 0.017254 0.000001 0.000000 0.000000 6.500279 -3.255180 -11.808120 -0.000000 0.000000 -0.000000 9.735531 -0.000005 -5.180403 41.478783 0.000000 -0.000000 0.000000 -19.999992 -0.000093 -56.815566 0.000000 -0.000000 0.000000 -20.999985 0.000089 -0.000000 0.000000 -0.000000 
-2.573863 91.939926 314.365479 4.257672 0.000000 -0.000000 0.000000 0.000000 -0.000014 -0.000000 0.000000 -0.000000 -6.500005 -3.255150 10.015737 -0.000000 0.000000 -0.000000 -9.719192 -0.000010 5.172745 11.057584 0.000001 0.000001 0.000000 -19.999990 0.000076 -64.735502 0.000001 -0.000001 -0.000000 -21.000034 0.000073 -0.000000 -0.000000 0.000000 -6.500001 -3.255150 -11.802613 -0.000000 0.000000 -0.000000 -9.719195 -0.000019 -5.185916 32.264219 -0.000000 -0.000000 0.000001 -20.000011 -0.000371 -60.990099 -0.000000 0.000001 0.000000 -20.999943 0.000311 0.000002 -0.000000 -0.000000 6.498628 -3.255157 10.007545 -0.000000 0.000000 -0.000000 9.737182 -0.000010 5.180905 36.914608 -0.000000 0.000000 -0.000001 -19.993607 -0.505221 -71.541648 -0.000000 -0.000000 -0.000003 -20.999931 0.017245 0.000001 0.000000 0.000000 6.500279 -3.255188 -11.808133 -0.000000 0.000000 -0.000000 9.735531 0.000010 -5.180438 42.073624 0.000000 -0.000000 0.000000 -19.999979 -0.000082 -54.702500 0.000000 -0.000000 0.000001 -20.999981 0.000118 -0.000000 -0.000000 0.000000 
-2.573863 91.995865 315.882019 4.796978 0.000000 -0.000000 0.000000 0.000000 -0.000019 -0.000000 0.000000 -0.000000 -6.500005 -3.255150 10.015752 -0.000000 0.000000 -0.000000 -9.719192 -0.000022 5.172702 14.161316 0.000000 0.000001 0.000002 -20.000006 0.000039 -67.298332 0.000001 -0.000001 0.000002 -21.000027 0.000077 -0.000000 0.000000 -0.000000 -6.500001 -3.255157 -11.802629 -0.000000 0.000000 -0.000000 -9.719195 -0.000020 -5.185895 32.985678 -0.000000 -0.000000 0.000001 -20.000048 -0.000367 -58.837148 -0.000000 0.000001 0.000000 -20.999947 0.000338 -0.000001 -0.000000 -0.000000 6.498628 -3.255165 10.007546 -0.000000 0.000000 -0.000000 9.737182 -0.000012 5.180895 38.746256 0.000000 -0.000000 -0.000001 -19.993612 -0.505206 -71.158038 0.000000 -0.000000 -0.000001 -20.999935 0.017192 0.000001 0.000000 -0.000000 6.500279 -3.255180 -11.808128 -0.000000 0.000000 -0.000000 9.735531 0.000006 -5.180417 42.141191 0.000000 -0.000000 -0.000001 -20.000034 -0.000090 -51.528498 0.000000 -0.000000 0.000001 -20.999985 0.000075 0.000000 0.000000 -0.000000 
-2.573863 92.036575 317.400146 5.359398 0.000000 -0.000000 0.000000 0.000008 -0.000021 -0.000000 0.000000 -0.000000 -6.500005 -3.255150 10.015740 0.000000 0.000000 -0.000000 -9.719192 -0.000010 5.172762 17.178908 0.000000 0.000001 0.000000 -19.999990 0.000057 -69.634236 0.000001 -0.000001 0.000002 -21.000038 0.000039 -0.000002 -0.000000 -0.000000 -6.500001 -3.255157 -11.802626 0.000000 0.000000 0.000000 -9.719195 -0.000017 -5.185889 33.445701 -0.000000 -0.000000 0.000003 -19.999994 -0.000381 -56.329806 -0.000000 0.000001 -0.000002 -20.999939 0.000365 0.000000 -0.000000 -0.000000 6.498628 -3.255150 10.007551 0.000000 0.000000 -0.000000 9.737182 -0.000016 5.180935 40.429536 -0.000000 -0.000000 -0.000001 -19.993629 -0.505208 -70.571441 -0.000000 0.000000 -0.000001 -20.999947 0.017240 0.000001 -0.000000 0.000000 6.500278 -3.255180 -11.808104 0.000000 0.000000 -0.000000 9.735531 -0.000000 -5.180383 41.806283 -0.000000 0.000000 0.000000 -20.000000 -0.000125 -47.728607 -0.000000 -0.000000 -0.000001 -20.999973 0.000097 0.000000 0.000000 0.000000 
-2.573863 92.115845 318.921387 5.921818 0.000000 -0.000000 0.000000 0.000000 -0.000002 -0.000000 0.000000 -0.000000 -6.500005 -3.255150 10.015728 -0.000000 0.000000 -0.000000 -9.719192 -0.000012 5.172735 19.992913 0.000001 0.000001 0.000002 -19.999977 0.000046 -71.433697 0.000001 -0.000001 0.000002 -21.000027 0.000073 -0.000000 -0.000000 0.000000 -6.500001 -3.255150 -11.802634 -0.000000 0.000000 -0.000000 -9.719195 -0.000023 -5.185907 33.455592 -0.000000 -0.000000 0.000003 -20.000025 -0.000348 -53.071249 -0.000000 0.000001 0.000002 -20.999943 0.000333 0.000000 -0.000000 -0.000000 6.498628 -3.255157 10.007524 -0.000000 0.000000 -0.000000 9.737182 -0.000015 5.180897 41.810231 0.000000 -0.000000 -0.000001 -19.993605 -0.505173 -69.475817 0.000000 -0.000000 -0.000001 -20.999939 0.017184 -0.000001 0.000000 -0.000000 6.500279 -3.255180 -11.808122 -0.000000 0.000000 -0.000000 9.735531 0.000004 -5.180378 41.405201 -0.000001 0.000000 -0.000000 -19.999992 -0.000088 -44.014692 0.000000 0.000000 0.000001 -20.999985 0.000105 -0.000000 -0.000000 -0.000000 
-2.573863 92.215973 320.446991 6.461126 0.000000 -0.000000 0.000000 -0.000008 -0.000009 -0.000000 0.000000 -0.000000 -6.500005 -3.255157 10.015785 -0.000000 0.000000 -0.000000 -9.719192 0.000001 5.172765 22.680584 0.000001 0.000001 -0.000002 -20.000010 0.000065 -72.793014 0.000001 -0.000001 -0.000002 -21.000050 0.000077 0.000002 -0.000000 -0.000000 -6.500000 -3.255158 -11.802580 -0.000001 -0.000000 -0.000000 -9.719196 -0.000036 -5.185909 32.431661 -0.000000 -0.000000 0.000003 -20.000002 -0.000359 -48.262451 -0.000000 0.000001 -0.000002 -20.999939 0.000327 -0.000000 -0.000000 -0.000000 6.498628 -3.255165 10.007595 -0.000000 0.000000 -0.000000 9.737182 -0.000010 5.180970 42.957799 0.000000 -0.000000 -0.000001 -19.993620 -0.505192 -67.955977 0.000000 0.000000 -0.000000 -20.999950 0.017180 -0.000001 0.000000 0.000000 6.500279 -3.255180 -11.808079 -0.000000 0.000000 -0.000000 9.735531 -0.000003 -5.180376 41.316757 0.000000 0.000000 -0.000001 -19.999996 -0.000098 -41.281469 0.000000 -0.000000 0.000000 -20.999966 0.000097 0.000000 0.000000 -0.000000 
-2.573863 92.441513 321.979706 6.954204 0.000000 -0.000000 0.000000 -0.000008 -0.000016 -0.000000 0.000000 -0.000000 -6.500005 -3.255150 10.015721 -0.000000 0.000000 -0.000000 -9.719192 -0.000005 5.172713 24.967466 0.000001 0.000001 0.000000 -20.000013 0.000073 -73.174760 0.000001 -0.000001 -0.000000 -21.000038 0.000100 0.000002 -0.000000 0.000000 -6.500001 -3.255150 -11.802628 -0.000001 0.000000 -0.000000 -9.719196 -0.000040 -5.185908 31.895559 -0.000001 -0.000000 0.000003 -20.000010 -0.000323 -43.747474 -0.000000 0.000001 0.000000 -20.999939 0.000350 0.000000 -0.000000 -0.000000 6.498628 -3.255165 10.007515 -0.000000 0.000000 -0.000000 9.737182 -0.000016 5.180919 43.478242 0.000001 -0.000000 -0.000000 -19.993624 -0.505179 -65.354242 -0.000000 0.000000 -0.000002 -20.999966 0.017226 0.000001 0.000000 0.000000 6.500279 -3.255180 -11.808137 -0.000000 0.000000 -0.000000 9.735531 0.000004 -5.180376 41.538164 0.000001 -0.000000 -0.000001 -20.000013 -0.000090 -39.415666 -0.000000 -0.000000 -0.000001 -20.999989 0.000055 0.000001 0.000000 0.000000 
-2.573863 92.893951 323.523468 7.377946 0.000000 -0.000000 0.000000 0.000000 -0.000023 -0.000000 0.000000 -0.000000 -6.500005 -3.255150 10.015750 -0.000000 0.000000 -0.000000 -9.719192 -0.000028 5.172721 26.657836 0.000001 0.000001 0.000000 -19.999975 0.000040 -72.138976 0.000001 -0.000001 0.000000 -21.000025 0.000039 0.000005 0.000000 -0.000000 -6.500001 -3.255158 -11.802625 -0.000001 0.000000 -0.000000 -9.719196 -0.000034 -5.185907 33.807476 -0.000001 0.000000 -0.000001 -20.000032 -0.000392 -41.606418 -0.000000 0.000001 -0.000000 -20.999947 0.000353 0.000000 0.000000 0.000000 6.498628 -3.255165 10.007560 -0.000000 0.000000 -0.000000 9.737182 -0.000013 5.180923 42.913249 0.000001 -0.000000 0.000000 -19.993626 -0.505195 -60.909421 -0.000000 -0.000000 0.000000 -20.999947 0.017187 0.000001 0.000000 -0.000000 6.500279 -3.255180 -11.808114 -0.000000 0.000000 -0.000000 9.735531 -0.000007 -5.180406 42.317735 0.000000 -0.000000 0.000000 -19.999989 -0.000078 -38.858483 -0.000000 -0.000000 0.000000 -20.999973 0.000121 0.000001 -0.000000 -0.000000 
-2.573863 93.564827 325.076233 7.709235 0.000000 -0.000000 -0.000000 0.000000 -0.000020 -0.000000 0.000000 -0.000000 -6.500005 -3.255150 10.015704 -0.000000 0.000000 -0.000000 -9.719192 -0.000011 5.172742 27.592769 0.000000 0.000001 0.000002 -20.000015 0.000065 -69.489600 0.000001 -0.000001 -0.000000 -21.000042 0.000060 0.000002 0.000000 0.000000 -6.500001 -3.255150 -11.802640 -0.000001 0.000000 -0.000000 -9.719196 -0.000007 -5.185924 36.268093 -0.000001 -0.000000 0.000003 -20.000015 -0.000367 -40.332195 -0.000000 0.000001 0.000000 -20.999947 0.000286 -0.000000 -0.000000 -0.000000 6.498628 -3.255157 10.007532 -0.000000 0.000000 -0.000000 9.737182 -0.000022 5.180943 41.525214 0.000001 -0.000000 -0.000001 -19.993603 -0.505159 -55.016945 0.000000 -0.000000 -0.000002 -20.999943 0.017209 0.000000 -0.000000 0.000000 6.500278 -3.255180 -11.808137 -0.000000 0.000000 -0.000000 9.735531 0.000021 -5.180386 43.280836 0.000000 -0.000000 0.000000 -19.999985 -0.000096 -38.841100 0.000000 -0.000000 0.000000 -20.999973 0.000086 0.000001 0.000000 -0.000000 
-2.573863 94.517487 326.638672 7.925986 0.000000 -0.000000 0.000000 0.000008 -0.000002 -0.000000 0.000000 -0.000000 -6.500005 -3.255142 10.015760 -0.000000 0.000000 -0.000000 -9.719192 -0.000007 5.172761 27.567494 0.000000 0.000001 0.000002 -19.999987 0.000025 -64.923789 0.000001 -0.000001 -0.000000 -21.000053 0.000065 0.000002 0.000000 0.000000 -6.500001 -3.255142 -11.802582 -0.000001 0.000000 -0.000000 -9.719196 -0.000012 -5.185895 37.880967 -0.000001 -0.000000 0.000001 -20.000008 -0.000367 -38.777955 -0.000000 0.000001 0.000002 -20.999950 0.000340 0.000000 0.000000 0.000000 6.498628 -3.255150 10.007580 -0.000000 0.000000 -0.000000 9.737182 -0.000007 5.180921 39.169673 0.000000 -0.000000 -0.000001 -19.993618 -0.505193 -47.245692 -0.000000 0.000000 -0.000001 -20.999954 0.017198 0.000000 -0.000000 0.000000 6.500278 -3.255173 -11.808115 -0.000000 0.000000 -0.000000 9.735531 0.000014 -5.180390 44.089226 -0.000000 0.000000 -0.000001 -19.999985 -0.000089 -38.628169 0.000000 0.000000 0.000000 -20.999985 0.000087 -0.000000 -0.000000 0.000000 
-2.573863 95.638008 328.206757 8.001999 0.000000 -0.000000 0.000000 0.000015 -0.000020 -0.000000 0.000000 -0.000000 -6.500005 -3.255135 10.015759 0.000001 0.000000 -0.000000 -9.719192 0.000001 5.172725 26.523785 0.000000 0.000001 -0.000000 -19.999985 0.000078 -58.322043 0.000001 -0.000001 0.000002 -21.000031 0.000079 -0.000000 0.000000 0.000000 -6.500001 -3.255150 -11.802622 -0.000000 0.000000 -0.000000 -9.719196 -0.000016 -5.185876 39.097601 -0.000001 -0.000000 0.000001 -20.000017 -0.000359 -37.943169 -0.000000 0.000001 -0.000000 -20.999950 0.000356 0.000000 0.000000 0.000000 6.498628 -3.255150 10.007545 0.000001 0.000000 -0.000000 9.737182 0.000002 5.180913 36.608766 0.000000 -0.000000 -0.000001 -19.993584 -0.505182 -39.314152 0.000000 -0.000000 -0.000001 -20.999962 0.017159 0.000000 0.000000 -0.000000 6.500279 -3.255180 -11.808125 0.000001 0.000000 -0.000000 9.735531 0.000015 -5.180371 44.882054 0.000000 -0.000000 0.000000 -20.000002 -0.000089 -38.560492 0.000000 -0.000000 0.000000 -20.999973 0.000132 0.000001 0.000000 -0.000000 
-2.573863 96.856796 329.777649 7.895613 0.000000 -0.000000 0.000000 0.000015 -0.000023 -0.000000 0.000000 -0.000000 -6.500005 -3.255135 10.015744 0.000001 0.000000 -0.000000 -9.719192 -0.000003 5.172731 23.454721 0.000000 0.000001 -0.000000 -19.999966 0.000085 -47.556988 0.000000 -0.000001 -0.000002 -21.000034 0.000070 -0.000000 -0.000000 -0.000000 -6.500000 -3.255134 -11.802588 0.000001 -0.000000 -0.000000 -9.719196 -0.000020 -5.185918 39.692050 -0.000001 -0.000000 -0.000001 -19.999962 -0.000389 -38.421231 -0.000000 0.000001 -0.000000 -20.999935 0.000355 0.000000 0.000000 0.000000 6.498628 -3.255150 10.007565 0.000001 0.000000 -0.000000 9.737182 -0.000000 5.180927 34.274521 0.000000 0.000000 -0.000001 -19.993626 -0.505175 -32.076440 -0.000000 0.000000 0.000000 -20.999966 0.017221 -0.000000 -0.000000 0.000000 6.500279 -3.255165 -11.808150 0.000001 0.000000 -0.000000 9.735531 0.000007 -5.180379 45.515684 0.000000 -0.000000 0.000000 -20.000008 -0.000070 -38.109348 0.000000 -0.000000 -0.000001 -20.999985 0.000096 -0.000001 0.000000 -0.000000 
-2.573863 98.104248 331.348572 7.631136 0.000000 -0.000000 0.000000 0.000008 0.000000 -0.000000 0.000000 -0.000000 -6.500005 -3.255150 10.015707 -0.000000 0.000000 -0.000000 -9.719192 -0.000007 5.172706 21.001708 0.000000 0.000000 0.000001 -19.999977 0.000072 -38.349449 0.000000 -0.000001 -0.000002 -21.000042 0.000111 0.000001 -0.000000 -0.000000 -6.500001 -3.255150 -11.802643 -0.000000 0.000000 -0.000000 -9.719196 -0.000027 -5.185913 40.300230 -0.000001 -0.000000 -0.000001 -19.999983 -0.000342 -40.283551 -0.000000 0.000001 0.000002 -20.999947 0.000353 0.000000 0.000000 0.000000 6.498628 -3.255165 10.007507 -0.000000 0.000000 -0.000000 9.737182 -0.000008 5.180879 33.012691 0.000000 -0.000000 -0.000001 -19.993626 -0.505187 -27.694686 0.000000 -0.000000 0.000000 -20.999935 0.017228 -0.000000 0.000000 -0.000000 6.500279 -3.255180 -11.808138 -0.000000 0.000000 -0.000000 9.735531 -0.000007 -5.180383 46.500088 0.000000 -0.000000 0.000000 -19.999996 -0.000082 -39.148032 0.000000 -0.000000 0.000000 -20.999977 0.000125 0.000001 0.000000 -0.000000 
-2.573863 99.310776 332.916626 7.207115 0.000000 -0.000000 0.000000 0.000008 -0.000025 -0.000000 0.000000 -0.000000 -6.500005 -3.255135 10.015743 0.000000 0.000000 -0.000000 -9.719192 -0.000005 5.172745 22.221752 0.000000 0.000000 0.000001 -19.999992 0.000066 -37.353096 0.000000 -0.000001 -0.000002 -21.000034 0.000050 -0.000000 -0.000000 -0.000000 -6.500000 -3.255134 -11.802608 0.000000 -0.000000 -0.000000 -9.719196 -0.000021 -5.185872 41.618276 -0.000001 -0.000000 0.000001 -20.000000 -0.000364 -43.992770 -0.000000 0.000001 0.000000 -20.999935 0.000376 0.000000 -0.000000 -0.000000 6.498628 -3.255150 10.007559 0.000000 0.000000 -0.000000 9.737182 -0.000000 5.180936 34.145991 -0.000000 0.000000 -0.000000 -19.993584 -0.505174 -29.457715 -0.000000 0.000000 -0.000002 -20.999939 0.017205 0.000001 0.000000 -0.000000 6.500279 -3.255165 -11.808122 0.000000 0.000000 -0.000000 9.735531 0.000012 -5.180343 48.565865 0.000000 -0.000000 0.000001 -19.999962 -0.000087 -43.821387 0.000000 -0.000000 0.000001 -20.999969 0.000126 0.000001 0.000000 -0.000000 
-2.573863 100.406754 334.479065 6.659192 0.000000 -0.000000 -0.000000 0.000008 -0.000024 -0.000000 0.000000 -0.000000 -6.500005 -3.255150 10.015729 -0.000000 0.000000 -0.000000 -9.719192 -0.000014 5.172739 24.861141 0.000000 0.000000 -0.000001 -19.999989 0.000044 -39.641930 0.000000 -0.000001 -0.000000 -21.000046 0.000070 0.000001 -0.000000 -0.000000 -6.500001 -3.255142 -11.802607 -0.000001 0.000000 -0.000000 -9.719196 -0.000027 -5.185889 43.239756 -0.000001 -0.000000 0.000001 -19.999989 -0.000362 -48.968628 -0.000000 0.000001 -0.000000 -20.999943 0.000303 -0.000000 0.000000 0.000000 6.498628 -3.255150 10.007532 -0.000000 0.000000 -0.000000 9.737182 0.000002 5.180934 36.675541 -0.000001 0.000000 -0.000001 -19.993608 -0.505201 -34.839415 -0.000000 0.000000 -0.000000 -20.999954 0.017237 -0.000000 -0.000000 0.000000 6.500278 -3.255180 -11.808140 -0.000000 0.000000 -0.000000 9.735531 0.000003 -5.180384 50.907517 0.000000 -0.000000 0.000000 -20.000004 -0.000096 -50.786025 0.000000 -0.000000 0.000000 -20.999992 0.000065 0.000000 0.000000 -0.000000 
-2.573863 101.296097 336.031006 6.013743 0.000000 -0.000000 0.000000 0.000015 -0.000015 -0.000000 0.000000 -0.000000 -6.500005 -3.255142 10.015725 -0.000000 0.000000 -0.000000 -9.719192 -0.000006 5.172710 27.556381 0.000000 0.000000 -0.000001 -19.999989 0.000078 -42.094282 0.000000 -0.000001 -0.000000 -21.000046 0.000092 -0.000000 -0.000000 0.000000 -6.500001 -3.255135 -11.802613 -0.000001 0.000000 -0.000000 -9.719196 -0.000032 -5.185894 45.068262 -0.000001 -0.000000 0.000001 -20.000019 -0.000362 -54.947957 -0.000000 0.000001 -0.000000 -20.999931 0.000339 -0.000000 0.000000 0.000000 6.498628 -3.255150 10.007519 -0.000000 0.000000 -0.000000 9.737182 -0.000001 5.180938 40.268063 -0.000000 0.000000 -0.000001 -19.993658 -0.505195 -42.807234 0.000000 -0.000000 -0.000001 -20.999954 0.017224 0.000000 0.000000 -0.000000 6.500278 -3.255165 -11.808133 -0.000000 0.000000 -0.000000 9.735531 0.000005 -5.180388 53.156418 0.000000 -0.000000 -0.000000 -20.000017 -0.000095 -60.004592 -0.000000 0.000000 0.000000 -20.999985 0.000097 0.000000 0.000000 0.000000 
-2.573863 101.988754 337.575592 5.297137 0.000000 -0.000000 0.000000 0.000015 -0.000022 -0.000000 0.000000 -0.000000 -6.500005 -3.255135 10.015744 -0.000000 0.000000 -0.000000 -9.719192 -0.000015 5.172736 30.693798 0.000000 0.000001 -0.000000 -19.999987 0.000075 -45.950924 0.000000 -0.000001 -0.000000 -21.000034 0.000073 -0.000001 -0.000000 -0.000000 -6.500001 -3.255135 -11.802632 -0.000001 0.000000 -0.000000 -9.719194 -0.000030 -5.185919 46.870008 -0.000001 -0.000000 0.000003 -20.000011 -0.000384 -61.442107 -0.000000 0.000001 0.000000 -20.999928 0.000335 -0.000000 -0.000000 -0.000000 6.498628 -3.255135 10.007526 -0.000000 0.000000 -0.000000 9.737182 -0.000024 5.180938 44.249480 0.000000 -0.000000 -0.000002 -19.993599 -0.505188 -52.169364 0.000000 -0.000000 0.000000 -20.999958 0.017175 0.000000 0.000000 -0.000000 6.500279 -3.255157 -11.808108 -0.000000 0.000000 -0.000000 9.735531 0.000010 -5.180354 54.732464 0.000000 -0.000000 0.000000 -19.999987 -0.000095 -69.703836 0.000000 -0.000000 -0.000001 -20.999977 0.000097 -0.000000 0.000000 -0.000000 
-2.573863 102.435394 339.113098 4.535746 0.000000 -0.000000 -0.000000 0.000008 -0.000005 -0.000000 0.000000 -0.000000 -6.500005 -3.255150 10.015750 -0.000000 0.000000 -0.000000 -9.719192 -0.000005 5.172722 34.430181 0.000000 0.000001 -0.000002 -19.999990 0.000067 -51.806541 0.000001 -0.000001 0.000002 -21.000034 0.000103 -0.000000 0.000000 0.000000 -6.500000 -3.255142 -11.802613 -0.000000 -0.000000 -0.000000 -9.719196 -0.000026 -5.185855 48.519680 -0.000001 -0.000000 0.000001 -20.000034 -0.000365 -68.142660 -0.000001 0.000001 -0.000002 -20.999939 0.000359 -0.000001 -0.000000 -0.000000 6.498628 -3.255150 10.007550 -0.000000 0.000000 -0.000000 9.737182 -0.000015 5.180922 47.897480 0.000000 -0.000000 0.000000 -19.993626 -0.505188 -61.485315 0.000000 0.000000 -0.000000 -20.999943 0.017167 0.000001 0.000000 0.000000 6.500278 -3.255173 -11.808108 -0.000000 0.000000 -0.000000 9.735531 -0.000008 -5.180372 54.822920 -0.000000 0.000000 0.000000 -20.000015 -0.000099 -78.189226 0.000000 -0.000000 -0.000000 -20.999985 0.000088 -0.000001 0.000000 0.000000 
-2.573863 102.717873 340.647552 3.755941 0.000000 -0.000000 0.000000 0.000000 -0.000013 -0.000000 0.000000 -0.000000 -6.500005 -3.255150 10.015781 -0.000000 0.000000 -0.000000 -9.719192 -0.000012 5.172700 38.090602 0.000000 0.000001 -0.000002 -19.999981 0.000041 -58.477757 0.000001 -0.000001 -0.000002 -21.000038 0.000068 -0.000000 0.000000 0.000000 -6.500001 -3.255157 -11.802606 -0.000000 0.000000 -0.000000 -9.719196 -0.000015 -5.185921 49.595407 -0.000001 -0.000000 0.000001 -20.000023 -0.000379 -74.245768 -0.000001 0.000001 0.000000 -20.999947 0.000294 0.000000 0.000000 -0.000000 6.498628 -3.255165 10.007538 -0.000000 0.000000 -0.000000 9.737182 -0.000013 5.180919 51.023265 0.000000 -0.000000 0.000000 -19.993607 -0.505164 -70.468564 0.000000 -0.000000 -0.000003 -20.999947 0.017210 0.000001 0.000000 -0.000000 6.500279 -3.255188 -11.808120 -0.000000 0.000000 -0.000000 9.735531 -0.000002 -5.180410 53.757093 -0.000001 0.000001 -0.000002 -20.000021 -0.000075 -85.187499 -0.000000 0.000000 -0.000000 -21.000000 0.000090 0.000001 0.000000 -0.000000 
-2.573863 102.895355 342.183472 2.984092 0.000000 -0.000000 0.000000 0.000008 -0.000013 0.000000 0.000000 -0.000000 -6.500005 -3.255157 10.015757 0.000000 0.000000 -0.000000 -9.719192 -0.000008 5.172707 41.055980 0.000000 0.000001 0.000000 -20.000002 0.000059 -65.047068 0.000001 -0.000001 0.000002 -21.000042 0.000050 0.000002 0.000000 0.000000 -6.500001 -3.255150 -11.802620 0.000000 0.000000 0.000000 -9.719194 -0.000014 -5.185880 49.600929 -0.000001 -0.000000 0.000003 -20.000006 -0.000362 -78.715560 -0.000001 0.000001 0.000000 -20.999935 0.000330 0.000000 -0.000000 -0.000000 6.498628 -3.255165 10.007525 0.000000 0.000000 -0.000000 9.737182 -0.000011 5.180935 53.163163 0.000000 -0.000000 -0.000001 -19.993595 -0.505204 -78.352850 0.000000 -0.000000 0.000000 -20.999928 0.017159 -0.000001 0.000000 -0.000000 6.500279 -3.255188 -11.808127 0.000000 0.000000 -0.000000 9.735531 0.000002 -5.180385 51.489555 -0.000000 0.000000 -0.000002 -19.999996 -0.000061 -89.624711 0.000000 0.000000 0.000000 -20.999992 0.000094 0.000001 0.000000 -0.000000 
-2.573863 102.986496 343.719360 2.246572 0.000000 -0.000000 0.000000 0.000008 -0.000009 -0.000000 0.000000 -0.000000 -6.500005 -3.255150 10.015750 0.000000 0.000000 -0.000000 -9.719192 -0.000020 5.172724 43.315420 0.000000 0.000001 -0.000002 -20.000023 0.000065 -71.311416 0.000001 -0.000001 0.000000 -21.000034 0.000100 -0.000002 -0.000000 -0.000000 -6.500001 -3.255150 -11.802598 0.000000 0.000000 -0.000000 -9.719196 -0.000027 -5.185902 48.634294 -0.000001 -0.000000 0.000001 -20.000031 -0.000401 -81.939655 -0.000001 0.000001 0.000000 -20.999954 0.000368 -0.000001 0.000000 -0.000000 6.498628 -3.255157 10.007559 0.000000 0.000000 -0.000000 9.737182 -0.000016 5.180928 54.419375 0.000000 -0.000000 0.000000 -19.993616 -0.505193 -85.136867 0.000000 -0.000000 -0.000001 -20.999928 0.017195 0.000001 0.000000 -0.000000 6.500279 -3.255180 -11.808128 0.000000 0.000000 -0.000000 9.735531 0.000004 -5.180411 48.331815 0.000000 -0.000000 -0.000001 -20.000006 -0.000071 -92.208455 0.000000 -0.000000 0.000001 -20.999950 0.000108 -0.000001 0.000000 -0.000000 
-2.573863 103.030998 345.255127 1.583400 0.000000 -0.000000 0.000000 0.000000 -0.000016 -0.000000 0.000000 -0.000000 -6.500005 -3.255157 10.015726 -0.000000 0.000000 -0.000000 -9.719192 -0.000021 5.172708 44.629504 0.000001 0.000001 0.000000 -19.999960 0.000063 -76.681523 0.000001 -0.000001 0.000002 -21.000069 0.000058 0.000003 0.000000 0.000000 -6.500000 -3.255157 -11.802629 -0.000000 -0.000000 -0.000000 -9.719196 -0.000030 -5.185903 46.538129 -0.000001 0.000000 0.000001 -20.000040 -0.000376 -83.831365 -0.000001 0.000001 -0.000000 -20.999939 0.000380 -0.000003 0.000000 0.000000 6.498628 -3.255157 10.007510 -0.000000 0.000000 -0.000000 9.737182 -0.000009 5.180870 54.723182 0.000000 -0.000000 -0.000001 -19.993639 -0.505190 -90.520681 -0.000000 -0.000000 -0.000003 -20.999928 0.017189 -0.000001 -0.000000 -0.000000 6.500279 -3.255188 -11.808126 -0.000000 0.000000 -0.000000 9.735531 -0.000001 -5.180365 44.567893 0.000000 -0.000000 0.000000 -19.999989 -0.000061 -93.134766 -0.000000 0.000000 0.000000 -20.999966 0.000092 -0.000001 -0.000000 -0.000000 
-2.573863 103.024872 346.790771 0.980000 0.000000 -0.000000 0.000000 0.000000 -0.000005 -0.000000 0.000000 -0.000000 -6.500005 -3.255150 10.015775 -0.000000 0.000000 -0.000000 -9.719192 -0.000019 5.172734 45.064608 0.000001 0.000001 0.000002 -19.999983 0.000068 -81.398411 0.000001 -0.000001 0.000000 -21.000038 0.000085 -0.000000 -0.000000 -0.000000 -6.500001 -3.255150 -11.802588 -0.000001 0.000000 -0.000000 -9.719196 -0.000021 -5.185893 43.582467 -0.000001 -0.000000 0.000001 -19.999998 -0.000351 -84.777886 -0.000001 0.000001 0.000002 -20.999935 0.000330 0.000000 0.000000 -0.000000 6.498628 -3.255157 10.007564 -0.000000 0.000000 -0.000000 9.737182 -0.000017 5.180922 54.123648 0.000000 -0.000000 -0.000001 -19.993616 -0.505166 -94.633992 0.000000 -0.000000 0.000000 -20.999933 0.017222 -0.000005 0.000000 -0.000000 6.500279 -3.255188 -11.808083 -0.000000 0.000000 -0.000000 9.735531 0.000014 -5.180359 40.234821 0.000000 -0.000000 0.000001 -20.000004 -0.000132 -92.864509 0.000000 -0.000000 0.000001 -20.999985 0.000135 -0.000001 0.000000 -0.000000 
-2.573863 102.984619 348.326355 0.441735 0.000000 -0.000000 0.000000 0.000008 -0.000014 -0.000000 0.000000 -0.000000 -6.500005 -3.255150 10.015759 -0.000000 0.000000 -0.000000 -9.719192 -0.000015 5.172725 44.599728 0.000001 0.000001 -0.000002 -20.000008 0.000054 -85.490671 0.000001 -0.000001 0.000000 -21.000031 0.000085 0.000002 -0.000000 -0.000000 -6.500001 -3.255150 -11.802616 -0.000001 0.000000 -0.000000 -9.719195 -0.000021 -5.185931 39.884408 -0.000001 -0.000000 0.000001 -20.000032 -0.000377 -85.172903 -0.000001 0.000001 0.000000 -20.999924 0.000312 -0.000001 -0.000000 -0.000000 6.498628 -3.255150 10.007548 -0.000000 0.000000 -0.000000 9.737182 -0.000013 5.180923 52.609775 -0.000000 0.000000 0.000000 -19.993626 -0.505216 -97.409952 -0.000000 -0.000000 0.000001 -20.999962 0.017257 -0.000003 0.000000 0.000000 6.500279 -3.255180 -11.808109 -0.000000 0.000000 -0.000000 9.735531 0.000001 -5.180398 35.251286 0.000000 -0.000000 0.000000 -19.999979 -0.000057 -91.866557 0.000000 -0.000000 0.000000 -20.999962 0.000123 0.000001 0.000000 -0.000000 
-2.573863 102.888535 349.861816 -0.051194 0.000000 -0.000000 0.000000 0.000000 -0.000001 0.000000 0.000000 -0.000000 -6.500005 -3.255150 10.015714 0.000000 0.000000 -0.000000 -9.719192 -0.000020 5.172721 43.257524 0.000001 0.000001 0.000000 -19.999985 0.000069 -89.006435 0.000001 -0.000001 0.000000 -21.000050 0.000032 0.000003 0.000000 0.000000 -6.500001 -3.255150 -11.802602 -0.000001 0.000000 -0.000000 -9.719195 -0.000024 -5.185916 35.745300 -0.000000 -0.000001 0.000001 -20.000004 -0.000369 -84.910467 -0.000001 0.000001 0.000000 -20.999958 0.000327 0.000002 -0.000000 -0.000000 6.498628 -3.255157 10.007535 0.000000 0.000000 -0.000000 9.737182 -0.000015 5.180915 50.292845 -0.000001 0.000001 -0.000001 -19.993587 -0.505185 -99.138195 -0.000000 -0.000000 -0.000001 -20.999950 0.017203 -0.000003 0.000000 0.000000 6.500279 -3.255180 -11.808125 0.000000 0.000000 -0.000000 9.735531 0.000003 -5.180384 30.256331 0.000000 -0.000000 0.000000 -20.000036 -0.000095 -90.313146 0.000000 -0.000000 0.000000 -20.999969 0.000102 0.000001 0.000000 -0.000000 
-2.573863 102.718307 351.397217 -0.522800 0.000000 -0.000000 0.000000 0.000008 -0.000022 -0.000000 0.000000 -0.000000 -6.500005 -3.255157 10.015759 -0.000000 0.000000 -0.000000 -9.719193 -0.000013 5.172701 41.002387 0.000001 0.000001 0.000002 -19.999990 0.000043 -92.068826 0.000002 -0.000001 0.000002 -21.000034 0.000070 -0.000002 -0.000000 -0.000000 -6.500000 -3.255150 -11.802616 -0.000000 -0.000000 -0.000000 -9.719195 -0.000020 -5.185905 31.405124 -0.000001 -0.000000 0.000003 -19.999990 -0.000386 -83.932179 -0.000001 0.000001 0.000002 -20.999905 0.000323 0.000000 0.000000 0.000000 6.498628 -3.255157 10.007549 -0.000000 0.000000 -0.000000 9.737182 -0.000010 5.180899 47.202423 -0.000001 0.000001 -0.000001 -19.993607 -0.505199 -100.042355 -0.000000 0.000000 -0.000000 -20.999962 0.017218 0.000001 -0.000000 0.000000 6.500279 -3.255180 -11.808141 -0.000000 0.000000 -0.000000 9.735531 0.000007 -5.180371 25.718498 -0.000000 0.000000 0.000000 -20.000010 -0.000085 -88.357936 0.000000 -0.000000 0.000000 -20.999958 0.000102 0.000001 0.000000 -0.000000 
-2.573863 102.480247 352.932465 -0.955078 0.000000 -0.000000 0.000000 -0.000008 -0.000015 -0.000000 0.000000 -0.000000 -6.500005 -3.255150 10.015746 -0.000000 0.000000 -0.000000 -9.719193 -0.000015 5.172751 37.988160 0.000001 0.000001 -0.000001 -20.000002 0.000055 -94.481604 0.000002 -0.000001 0.000002 -21.000034 0.000070 -0.000000 -0.000000 0.000000 -6.500001 -3.255157 -11.802632 -0.000000 0.000000 -0.000000 -9.719196 -0.000020 -5.185894 27.164882 -0.000001 -0.000000 0.000003 -20.000010 -0.000376 -82.489035 -0.000001 0.000001 0.000000 -20.999958 0.000361 0.000002 0.000000 0.000000 6.498628 -3.255157 10.007535 -0.000000 0.000000 -0.000000 9.737182 -0.000023 5.180915 43.572700 -0.000001 0.000001 -0.000002 -19.993633 -0.505187 -100.253694 0.000000 -0.000000 0.000000 -20.999950 0.017237 -0.000001 0.000000 -0.000000 6.500279 -3.255188 -11.808127 -0.000000 0.000000 -0.000000 9.735531 0.000006 -5.180385 22.067955 0.000000 -0.000000 0.000000 -20.000011 -0.000082 -86.525615 0.000000 -0.000000 0.000000 -20.999985 0.000094 0.000001 0.000000 -0.000000 
-2.573863 102.170975 354.467590 -1.333340 0.000000 -0.000000 0.000000 -0.000000 -0.000001 -0.000000 0.000000 -0.000000 -6.500005 -3.255150 10.015788 -0.000000 0.000000 -0.000000 -9.719193 -0.000008 5.172715 34.241524 0.000001 0.000001 0.000002 -19.999981 0.000085 -96.050437 0.000002 -0.000001 0.000002 -21.000042 0.000081 -0.000000 0.000000 0.000000 -6.500000 -3.255150 -11.802606 -0.000001 -0.000000 -0.000000 -9.719195 -0.000030 -5.185921 23.469973 -0.000001 -0.000000 0.000003 -19.999989 -0.000335 -81.170296 -0.000001 0.000001 -0.000002 -20.999975 0.000327 0.000004 -0.000000 -0.000000 6.498628 -3.255157 10.007574 -0.000000 0.000000 -0.000000 9.737182 -0.000016 5.180922 39.607680 -0.000000 0.000000 -0.000000 -19.993614 -0.505245 -99.952708 0.000000 0.000000 0.000000 -20.999962 0.017215 0.000001 -0.000000 -0.000000 6.500279 -3.255180 -11.808103 -0.000000 0.000000 -0.000000 9.735531 0.000004 -5.180415 20.289029 0.000000 -0.000000 0.000000 -20.000006 -0.000110 -86.195915 0.000000 -0.000000 0.000000 -20.999981 0.000108 0.000001 -0.000000 -0.000000 
-2.573863 101.801117 356.002594 -1.671649 0.000000 -0.000000 0.000000 0.000000 -0.000005 -0.000000 0.000000 -0.000000 -6.500005 -3.255150 10.015742 -0.000000 0.000000 -0.000000 -9.719192 -0.000009 5.172720 30.108273 0.000001 0.000001 0.000000 -20.000029 0.000063 -96.892906 0.000002 -0.000001 -0.000002 -21.000023 0.000073 -0.000002 0.000000 0.000000 -6.500001 -3.255150 -11.802598 -0.000001 0.000000 -0.000000 -9.719193 -0.000030 -5.185905 20.127133 -0.000000 -0.000001 0.000003 -19.999994 -0.000370 -78.902461 -0.000001 0.000001 0.000000 -20.999943 0.000349 0.000000 0.000000 -0.000000 6.498628 -3.255157 10.007557 -0.000000 0.000000 -0.000000 9.737182 -0.000013 5.180918 35.427450 0.000000 -0.000000 -0.000001 -19.993618 -0.505177 -99.215683 0.000000 -0.000000 -0.000001 -20.999924 0.017214 0.000001 0.000000 -0.000000 6.500279 -3.255180 -11.808097 -0.000000 0.000000 -0.000000 9.735531 0.000011 -5.180396 19.187854 0.000001 -0.000001 -0.000000 -20.000002 -0.000066 -84.957328 -0.000000 0.000000 -0.000001 -20.999989 0.000108 -0.000001 -0.000000 -0.000000 
-2.573863 101.375885 357.537415 -1.977215 0.000000 -0.000000 0.000000 0.000000 -0.000017 -0.000000 0.000000 -0.000000 -6.500005 -3.255150 10.015721 -0.000000 0.000000 -0.000000 -9.719192 -0.000006 5.172714 25.821648 0.000001 0.000001 0.000000 -19.999992 0.000099 -96.963742 0.000002 -0.000001 -0.000002 -21.000080 0.000081 -0.000000 -0.000000 0.000000 -6.500000 -3.255150 -11.802609 -0.000001 -0.000000 -0.000000 -9.719195 -0.000032 -5.185934 17.131475 -0.000000 -0.000000 0.000001 -19.999983 -0.000329 -74.533749 -0.000001 0.000001 -0.000002 -20.999947 0.000354 0.000002 0.000000 0.000000 6.498628 -3.255157 10.007532 -0.000000 0.000000 -0.000000 9.737182 -0.000015 5.180939 31.207148 0.000000 -0.000000 -0.000001 -19.993587 -0.505230 -98.237450 0.000000 0.000000 -0.000001 -20.999966 0.017245 0.000001 0.000000 0.000000 6.500279 -3.255180 -11.808141 -0.000000 0.000000 -0.000000 9.735531 -0.000001 -5.180366 18.006429 0.000000 -0.000000 0.000000 -20.000000 -0.000082 -80.582763 -0.000000 -0.000000 -0.000001 -21.000011 0.000108 -0.000001 -0.000000 -0.000000 
-2.573863 100.908249 359.072083 -2.255906 0.000000 -0.000000 0.000000 0.000008 -0.000026 -0.000000 0.000000 -0.000000 -6.500005 -3.255150 10.015756 -0.000000 0.000000 -0.000000 -9.719192 -0.000016 5.172743 21.746016 0.000001 0.000001 0.000000 -19.999998 0.000056 -96.557339 0.000002 -0.000001 -0.000000 -21.000053 0.000058 0.000002 0.000000 0.000000 -6.500001 -3.255150 -11.802627 -0.000000 0.000000 -0.000000 -9.719196 -0.000027 -5.185921 14.363200 -0.000001 -0.000000 0.000001 -19.999981 -0.000382 -68.888414 -0.000001 0.000001 0.000000 -20.999947 0.000334 0.000002 -0.000000 0.000000 6.498628 -3.255157 10.007564 -0.000000 0.000000 -0.000000 9.737182 -0.000021 5.180943 26.985423 0.000000 -0.000000 -0.000001 -19.993610 -0.505144 -96.843388 0.000000 -0.000000 -0.000001 -20.999931 0.017184 0.000001 0.000000 -0.000000 6.500279 -3.255180 -11.808099 -0.000000 0.000000 -0.000000 9.735531 -0.000001 -5.180415 16.421515 0.000000 -0.000000 0.000000 -19.999990 -0.000052 -73.898733 0.000000 -0.000000 0.000000 -20.999985 0.000066 -0.000001 0.000000 -0.000000 
-2.573863 100.411758 360.606567 -2.521284 0.000000 -0.000000 0.000000 0.000008 -0.000026 -0.000000 0.000000 -0.000000 -6.500005 -3.255142 10.015733 -0.000000 0.000000 -0.000000 -9.719192 0.000003 5.172730 18.357660 0.000001 0.000001 0.000000 -19.999975 0.000047 -95.889388 0.000002 -0.000001 -0.000002 -20.999954 0.000066 -0.000001 -0.000000 -0.000000 -6.500000 -3.255142 -11.802642 -0.000000 -0.000000 -0.000000 -9.719198 -0.000023 -5.185921 11.608597 -0.000001 0.000000 0.000001 -20.000004 -0.000343 -61.940786 -0.000000 0.000001 -0.000002 -20.999954 0.000373 -0.000003 -0.000000 0.000000 6.498628 -3.255150 10.007508 -0.000000 0.000000 -0.000000 9.737182 -0.000001 5.180932 22.774805 0.000000 -0.000000 -0.000001 -19.993626 -0.505204 -94.907452 0.000000 -0.000000 -0.000001 -20.999947 0.017222 -0.000003 0.000000 -0.000000 6.500278 -3.255180 -11.808147 -0.000000 0.000000 -0.000000 9.735531 0.000001 -5.180387 13.470812 0.000000 -0.000000 0.000000 -20.000006 -0.000097 -64.285761 0.000000 -0.000000 -0.000002 -20.999966 0.000100 0.000001 -0.000000 -0.000000 
-2.573863 99.889839 362.140778 -2.757484 0.000000 -0.000000 0.000000 -0.000008 -0.000027 -0.000000 0.000000 -0.000000 -6.500005 -3.255157 10.015721 -0.000000 0.000000 -0.000000 -9.719192 -0.000009 5.172698 15.554059 0.000001 0.000001 0.000000 -19.999989 0.000010 -95.150669 0.000002 -0.000001 -0.000000 -21.000046 0.000062 -0.000000 0.000000 0.000000 -6.500001 -3.255150 -11.802659 -0.000001 0.000000 -0.000000 -9.719196 -0.000023 -5.185923 9.144428 -0.000001 -0.000000 0.000001 -20.000002 -0.000385 -55.088966 -0.000000 0.000001 0.000000 -20.999954 0.000365 0.000002 0.000000 -0.000000 6.498628 -3.255150 10.007554 -0.000000 0.000000 -0.000000 9.737182 -0.000015 5.180898 18.828825 0.000000 -0.000000 -0.000002 -19.993618 -0.505166 -92.479013 0.000000 -0.000000 -0.000002 -20.999905 0.017199 -0.000001 0.000000 -0.000000 6.500279 -3.255180 -11.808136 -0.000000 0.000000 -0.000000 9.735531 0.000008 -5.180388 10.313494 0.000001 -0.000000 0.000001 -20.000006 -0.000087 -53.854764 0.000000 0.000000 -0.000000 -20.999939 0.000077 -0.000001 0.000000 -0.000000 
-2.573863 99.346588 363.674713 -2.942329 0.000000 -0.000000 0.000000 0.000000 -0.000026 -0.000000 0.000000 -0.000000 -6.500005 -3.255157 10.015714 -0.000000 0.000000 -0.000000 -9.719192 -0.000004 5.172759 13.555176 0.000001 0.000001 0.000000 -19.999977 0.000030 -94.668232 0.000002 -0.000001 0.000002 -21.000023 0.000066 0.000000 0.000000 0.000000 -6.500000 -3.255157 -11.802669 -0.000000 -0.000000 -0.000000 -9.719196 -0.000026 -5.185946 7.313046 -0.000001 -0.000000 0.000003 -20.000010 -0.000412 -50.180666 -0.000000 0.000001 -0.000002 -20.999928 0.000346 0.000000 -0.000000 0.000000 6.498628 -3.255165 10.007483 -0.000000 0.000000 -0.000000 9.737182 -0.000010 5.180898 15.551912 0.000000 -0.000000 -0.000002 -19.993612 -0.505225 -89.444647 0.000000 -0.000000 -0.000001 -20.999969 0.017215 -0.000001 0.000000 -0.000000 6.500279 -3.255188 -11.808178 -0.000000 0.000000 -0.000000 9.735531 0.000001 -5.180412 7.998327 0.000000 -0.000000 0.000001 -20.000000 -0.000076 -44.900759 0.000000 0.000000 0.000001 -20.999981 0.000128 0.000002 0.000000 -0.000000 
-2.573863 98.793625 365.208527 -3.108334 0.000000 -0.000000 0.000000 0.000008 -0.000018 0.000000 0.000000 -0.000000 -6.500005 -3.255135 10.015750 -0.000000 0.000000 -0.000000 -9.719192 0.000001 5.172696 11.869749 0.000001 0.000001 0.000000 -19.999975 0.000018 -94.248920 0.000002 -0.000001 -0.000000 -21.000042 0.000062 0.000000 -0.000000 0.000000 -6.500001 -3.255142 -11.802613 -0.000000 0.000000 -0.000000 -9.719196 -0.000004 -5.185918 5.703949 -0.000001 -0.000000 0.000001 -20.000004 -0.000363 -45.841358 -0.000000 0.000001 0.000000 -20.999958 0.000349 0.000000 -0.000000 -0.000000 6.498628 -3.255142 10.007546 -0.000000 0.000000 -0.000000 9.737182 0.000006 5.180932 12.503974 0.000000 -0.000000 0.000000 -19.993622 -0.505212 -86.166805 0.000000 -0.000000 -0.000001 -20.999935 0.017222 -0.000000 0.000000 -0.000000 6.500279 -3.255165 -11.808124 -0.000000 0.000000 -0.000000 9.735531 0.000022 -5.180412 5.894254 0.000000 -0.000000 0.000001 -19.999992 -0.000093 -36.251892 0.000000 -0.000000 0.000000 -21.000000 0.000104 0.000001 0.000000 -0.000000 
