HIERARCHY
ROOT YT_rig_v001:Root
{
	OFFSET -2.573863 99.078728 -1.032762
	CHANNELS 6 Xposition Yposition Zposition Xrotation Yrotation Zrotation
	JOINT YT_rig_v001:IKJnt_Grp
	{
		OFFSET 0.000000 0.000000 0.000000
		CHANNELS 6 Xposition Yposition Zposition Xrotation Yrotation Zrotation
		JOINT YT_rig_v001:IKLegFrontR01_jnt
		{
			OFFSET -6.500005 -3.255150 10.015763
			CHANNELS 6 Xposition Yposition Zposition Xrotation Yrotation Zrotation
			JOINT YT_rig_v001:IKLegFrontR02_jnt
			{
				OFFSET -9.719193 -0.000015 5.172733
				CHANNELS 6 Xposition Yposition Zposition Xrotation Yrotation Zrotation
				JOINT YT_rig_v001:IKLegFrontR03_jnt
				{
					OFFSET 0.000000 -19.999985 0.000074
					CHANNELS 6 Xposition Yposition Zposition Xrotation Yrotation Zrotation
					JOINT YT_rig_v001:IKLegFrontR04_jnt
					{
						OFFSET 0.000000 -21.000038 0.000074
						CHANNELS 6 Xposition Yposition Zposition Xrotation Yrotation Zrotation
						End Site
						{
							OFFSET 0.000000 21.000038 -0.000018
						}
					}
				}
			}
		}
		JOINT YT_rig_v001:IKLegBackR01_jnt
		{
			OFFSET -6.500001 -3.255150 -11.802598
			CHANNELS 6 Xposition Yposition Zposition Xrotation Yrotation Zrotation
			JOINT YT_rig_v001:IKLegBackR02_jnt
			{
				OFFSET -9.719196 -0.000031 -5.185904
				CHANNELS 6 Xposition Yposition Zposition Xrotation Yrotation Zrotation
				JOINT YT_rig_v001:IKLegBackR03_jnt
				{
					OFFSET 0.000000 -20.000000 -0.000360
					CHANNELS 6 Xposition Yposition Zposition Xrotation Yrotation Zrotation
					JOINT YT_rig_v001:IKLegBackR04_jnt
					{
						OFFSET 0.000000 -20.999943 0.000347
						CHANNELS 6 Xposition Yposition Zposition Xrotation Yrotation Zrotation
						End Site
						{
							OFFSET 0.000000 20.999943 -0.000370
						}
					}
				}
			}
		}
		JOINT YT_rig_v001:IKLegFrontL01_jnt
		{
			OFFSET 6.498628 -3.255157 10.007559
			CHANNELS 6 Xposition Yposition Zposition Xrotation Yrotation Zrotation
			JOINT YT_rig_v001:IKLegFrontL02_jnt
			{
				OFFSET 9.737183 -0.000008 5.180938
				CHANNELS 6 Xposition Yposition Zposition Xrotation Yrotation Zrotation
				JOINT YT_rig_v001:IKLegFrontL03_jnt
				{
					OFFSET 0.000000 -19.993607 -0.505187
					CHANNELS 6 Xposition Yposition Zposition Xrotation Yrotation Zrotation
					JOINT YT_rig_v001:IKLegFrontL04_jnt
					{
						OFFSET 0.000000 -20.999950 0.017213
						CHANNELS 6 Xposition Yposition Zposition Xrotation Yrotation Zrotation
						End Site
						{
							OFFSET 0.000000 20.999943 -0.017233
						}
					}
				}
			}
		}
		JOINT YT_rig_v001:IKLegBackL01_jnt
		{
			OFFSET 6.500279 -3.255180 -11.808104
			CHANNELS 6 Xposition Yposition Zposition Xrotation Yrotation Zrotation
			JOINT YT_rig_v001:IKLegBackL02_jnt
			{
				OFFSET 9.735531 0.000000 -5.180398
				CHANNELS 6 Xposition Yposition Zposition Xrotation Yrotation Zrotation
				JOINT YT_rig_v001:IKLegBackL03_jnt
				{
					OFFSET 0.000000 -20.000000 -0.000086
					CHANNELS 6 Xposition Yposition Zposition Xrotation Yrotation Zrotation
					JOINT YT_rig_v001:IKLegBackL04_jnt
					{
						OFFSET 0.000000 -20.999985 0.000101
						CHANNELS 6 Xposition Yposition Zposition Xrotation Yrotation Zrotation
						End Site
						{
							OFFSET 0.000000 20.999985 -0.000093
						}
					}
				}
			}
		}
	}
}
MOTION
Frames: 243
Frame Time: 0.016667
-2.573863 99.078728 -1.032762 -0.000000 0.000000 -0.000000 0.000000 0.000000 0.000000 -0.000000 0.000000 -0.000000 -6.500005 -3.255150 10.015763 -0.000000 0.000000 -0.000000 -9.719193 -0.000015 5.172734 -0.000000 0.000000 -0.000000 0.000000 -19.999985 0.000075 -0.000000 0.000000 -0.000000 0.000000 -21.000034 0.000074 -0.000000 0.000000 0.000000 -6.500001 -3.255150 -11.802598 -0.000000 0.000000 -0.000000 -9.719196 -0.000031 -5.185904 0.000000 0.000000 -0.000000 0.000000 -20.000000 -0.000360 -0.000000 -0.000000 -0.000000 0.000000 -20.999947 0.000347 -0.000000 0.000000 0.000000 6.498628 -3.255157 10.007559 -0.000000 0.000000 -0.000000 9.737182 -0.000023 5.180937 -0.000000 0.000000 -0.000000 -0.000002 -19.993622 -0.505189 -0.000000 0.000000 -0.000000 -0.000002 -20.999954 0.017211 -0.000000 0.000000 -0.000000 6.500279 -3.255180 -11.808104 -0.000000 0.000000 -0.000000 9.735531 0.000000 -5.180398 -0.000000 0.000000 -0.000000 0.000000 -20.000000 -0.000086 -0.000000 0.000000 -0.000000 0.000000 -20.999989 0.000101 -0.000000 0.000000 -0.000000 
-2.573863 99.078728 -1.032762 -0.000000 0.000000 -0.000000 0.000000 0.000000 0.000000 -0.000000 0.000000 -0.000000 -6.500005 -3.255150 10.015763 -0.000000 0.000000 -0.000000 -9.719193 -0.000015 5.172734 -0.000000 0.000000 -0.000000 0.000000 -19.999985 0.000075 -0.000000 0.000000 -0.000000 0.000000 -21.000034 0.000074 -0.000000 0.000000 0.000000 -6.500001 -3.255150 -11.802598 -0.000000 0.000000 -0.000000 -9.719196 -0.000031 -5.185904 0.000000 0.000000 -0.000000 0.000000 -20.000000 -0.000360 -0.000000 -0.000000 -0.000000 0.000000 -20.999947 0.000347 -0.000000 0.000000 0.000000 6.498628 -3.255157 10.007559 -0.000000 0.000000 -0.000000 9.737182 -0.000023 5.180937 -0.000000 0.000000 -0.000000 -0.000002 -19.993622 -0.505189 -0.000000 0.000000 -0.000000 -0.000002 -20.999954 0.017211 -0.000000 0.000000 -0.000000 6.500279 -3.255180 -11.808104 -0.000000 0.000000 -0.000000 9.735531 0.000000 -5.180398 -0.000000 0.000000 -0.000000 0.000000 -20.000000 -0.000086 -0.000000 0.000000 -0.000000 0.000000 -20.999989 0.000101 -0.000000 0.000000 -0.000000 
-2.573863 96.372856 -1.032762 -0.000000 0.000000 -0.000000 0.000000 0.000000 0.000000 -0.000000 0.000000 -0.000000 -6.500005 -3.255150 10.015763 -0.000000 0.000000 -0.000000 -9.719192 -0.000011 5.172736 15.664426 -0.000000 0.000000 0.000003 -19.999979 0.000071 -31.681447 0.000000 -0.000001 -0.000002 -21.000034 0.000071 -0.000000 0.000000 0.000000 -6.500000 -3.255150 -11.802598 -0.000000 -0.000000 -0.000000 -9.719196 -0.000015 -5.185904 15.911919 0.000000 -0.000000 -0.000001 -19.999994 -0.000361 -31.088019 -0.000000 0.000000 0.000000 -20.999943 0.000344 -0.000001 -0.000000 0.000000 6.498628 -3.255157 10.007559 -0.000000 0.000000 -0.000000 9.737182 -0.000011 5.180934 16.683072 -0.000001 0.000000 -0.000001 -19.993599 -0.505189 -30.663663 0.000000 0.000000 -0.000001 -20.999958 0.017211 0.000001 -0.000000 -0.000000 6.500279 -3.255180 -11.808104 -0.000000 0.000000 -0.000000 9.735531 -0.000001 -5.180396 16.320669 0.000000 -0.000000 0.000000 -20.000004 -0.000087 -31.806743 0.000000 -0.000000 0.000000 -20.999985 0.000102 -0.000001 0.000000 -0.000000 
-2.573863 94.578728 -1.032762 -0.000000 0.000000 -0.000000 0.000000 0.000000 0.000000 -0.000000 0.000000 -0.000000 -6.500005 -3.255150 10.015763 -0.000000 0.000000 -0.000000 -9.719192 -0.000004 5.172739 27.820049 -0.000000 0.000001 0.000001 -19.999985 0.000066 -54.209620 0.000001 -0.000001 0.000000 -21.000038 0.000076 0.000002 -0.000000 -0.000000 -6.500001 -3.255150 -11.802598 -0.000001 0.000000 -0.000000 -9.719195 -0.000024 -5.185903 27.819222 -0.000000 -0.000000 0.000001 -19.999989 -0.000363 -54.208100 -0.000000 0.000001 0.000000 -20.999939 0.000346 0.000000 -0.000000 -0.000000 6.498628 -3.255157 10.007559 -0.000000 0.000000 -0.000000 9.737182 -0.000013 5.180930 27.148376 -0.000001 0.000000 -0.000002 -19.993599 -0.505187 -52.734040 0.000000 -0.000000 -0.000001 -20.999943 0.017213 0.000001 0.000000 0.000000 6.500279 -3.255180 -11.808104 -0.000000 0.000000 -0.000000 9.735531 0.000003 -5.180395 27.819757 0.000000 -0.000000 0.000000 -19.999990 -0.000093 -54.209101 0.000000 -0.000000 -0.000001 -20.999989 0.000098 0.000001 0.000000 -0.000000 
-2.573863 95.705780 -1.111646 -0.013814 0.000000 -0.000000 0.000000 0.000008 0.000000 -0.000000 0.000000 -0.000000 -6.500005 -3.255142 10.015763 -0.000000 0.000000 -0.000000 -9.719192 -0.000010 5.172741 29.216360 -0.000000 0.000001 -0.000001 -19.999975 0.000068 -47.659964 0.000000 -0.000001 0.000002 -21.000042 0.000076 0.000002 -0.000000 0.000000 -6.500001 -3.255150 -11.802598 -0.000001 0.000000 -0.000000 -9.719196 -0.000021 -5.185903 27.566710 -0.000001 -0.000000 0.000001 -20.000021 -0.000361 -52.674347 -0.000000 0.000001 -0.000000 -20.999943 0.000348 0.000000 0.000000 0.000000 6.498628 -3.255157 10.007559 -0.000000 0.000000 -0.000000 9.737182 -0.000017 5.180934 17.635830 -0.000001 0.000000 0.000000 -19.993610 -0.505189 -48.179253 -0.000000 -0.000000 -0.000002 -20.999954 0.017211 0.000002 -0.000000 0.000000 6.500279 -3.255180 -11.808104 -0.000000 0.000000 -0.000000 9.735531 0.000010 -5.180396 24.052281 -0.000000 0.000000 0.000000 -20.000004 -0.000085 -47.026952 -0.000000 0.000000 0.000000 -20.999977 0.000102 0.000001 -0.000000 -0.000000 
-2.573863 97.372627 -1.032762 -0.000000 0.000000 -0.000000 0.000000 0.000000 0.000000 -0.000000 0.000000 -0.000000 -6.500005 -3.255150 10.015763 -0.000000 0.000000 -0.000000 -9.719193 -0.000020 5.172737 27.569644 0.000000 0.000000 -0.000001 -19.999992 0.000076 -35.193035 0.000000 -0.000001 0.000000 -21.000042 0.000075 0.000001 -0.000000 -0.000000 -6.500001 -3.255150 -11.802598 -0.000001 0.000000 -0.000000 -9.719196 -0.000028 -5.185900 23.601527 -0.000001 -0.000000 0.000003 -20.000006 -0.000357 -44.672750 -0.000000 0.000001 0.000002 -20.999947 0.000349 0.000000 0.000000 -0.000000 6.498628 -3.255157 10.007559 -0.000000 0.000000 -0.000000 9.737182 -0.000013 5.180936 4.554615 0.000000 -0.000000 -0.000002 -19.993599 -0.505187 -36.721757 0.000000 -0.000000 -0.000001 -20.999954 0.017214 0.000002 0.000000 -0.000000 6.500279 -3.255180 -11.808104 -0.000000 0.000000 -0.000000 9.735531 0.000002 -5.180396 17.066927 0.000000 -0.000000 0.000000 -20.000002 -0.000086 -33.183282 0.000000 -0.000000 0.000000 -20.999981 0.000104 -0.000001 0.000000 -0.000000 
-2.573863 97.480240 -0.480573 0.081521 0.000000 -0.000000 0.000000 0.000000 0.000000 -0.000000 0.000000 -0.000000 -6.500005 -3.255157 10.015763 -0.000000 0.000000 -0.000000 -9.719193 -0.000012 5.172734 29.070948 0.000000 0.000000 0.000003 -19.999971 0.000076 -36.967002 0.000000 -0.000001 -0.000000 -21.000042 0.000074 0.000001 0.000000 0.000000 -6.500001 -3.255157 -11.802597 -0.000001 0.000000 -0.000000 -9.719196 -0.000013 -5.185904 22.535507 -0.000000 -0.000000 -0.000001 -19.999996 -0.000361 -45.156133 -0.000000 0.000001 0.000000 -20.999954 0.000349 0.000000 -0.000000 -0.000000 6.498628 -3.255157 10.007559 -0.000000 0.000000 -0.000000 9.737182 -0.000012 5.180936 2.477537 0.000001 -0.000000 0.000000 -19.993599 -0.505191 -34.491373 0.000000 -0.000000 0.000000 -20.999947 0.017213 0.000001 0.000000 -0.000000 6.500279 -3.255188 -11.808103 -0.000000 0.000000 -0.000000 9.735531 0.000011 -5.180398 17.293429 0.000000 -0.000000 -0.000001 -19.999989 -0.000087 -32.221247 0.000000 -0.000000 0.000001 -20.999985 0.000104 0.000001 -0.000000 -0.000000 
-2.573863 97.190971 0.229383 0.221020 0.000000 -0.000000 0.000000 0.000000 0.000000 -0.000000 0.000000 -0.000000 -6.500005 -3.255150 10.015762 -0.000000 0.000000 -0.000000 -9.719192 -0.000006 5.172740 31.045498 0.000000 0.000000 0.000003 -19.999992 0.000088 -42.064454 0.000000 -0.000001 0.000000 -21.000038 0.000073 0.000001 -0.000000 -0.000000 -6.500001 -3.255150 -11.802598 -0.000001 0.000000 -0.000000 -9.719193 -0.000023 -5.185900 21.719332 -0.000000 -0.000000 0.000003 -20.000000 -0.000354 -47.138206 -0.000000 0.000001 0.000002 -20.999935 0.000348 -0.000001 0.000000 0.000000 6.498628 -3.255157 10.007558 -0.000000 0.000000 -0.000000 9.737182 -0.000017 5.180939 3.153605 0.000001 -0.000000 -0.000002 -19.993603 -0.505190 -34.234189 -0.000000 0.000000 -0.000002 -20.999954 0.017216 0.000001 -0.000000 -0.000000 6.500279 -3.255188 -11.808104 -0.000000 0.000000 -0.000000 9.735531 0.000002 -5.180396 19.143731 0.000001 -0.000000 -0.000000 -19.999992 -0.000088 -34.100232 -0.000000 0.000000 0.000000 -20.999985 0.000102 -0.000000 -0.000000 0.000000 
-2.573863 97.009949 0.860455 0.441263 0.000000 -0.000000 0.000000 0.000000 0.000000 -0.000000 0.000000 -0.000000 -6.500005 -3.255157 10.015764 -0.000000 0.000000 -0.000000 -9.719192 -0.000004 5.172741 32.842589 0.000000 0.000000 0.000001 -19.999989 0.000075 -45.852716 0.000000 -0.000001 -0.000000 -21.000027 0.000073 -0.000001 -0.000000 0.000000 -6.500000 -3.255157 -11.802598 -0.000000 -0.000000 -0.000000 -9.719198 -0.000025 -5.185905 20.665642 -0.000000 -0.000000 0.000001 -20.000006 -0.000353 -48.437099 -0.000000 0.000001 -0.000000 -20.999943 0.000352 -0.000001 0.000000 -0.000000 6.498628 -3.255165 10.007560 -0.000000 0.000000 -0.000000 9.737182 -0.000011 5.180940 2.760289 0.000000 -0.000000 -0.000002 -19.993599 -0.505192 -33.889155 -0.000000 -0.000000 -0.000002 -20.999947 0.017215 0.000001 -0.000000 -0.000000 6.500279 -3.255188 -11.808104 -0.000000 0.000000 -0.000000 9.735531 0.000002 -5.180402 20.270043 0.000000 -0.000000 -0.000001 -19.999992 -0.000079 -34.945399 0.000000 -0.000000 -0.000000 -20.999981 0.000104 0.000001 0.000000 0.000000 
-2.573863 96.809746 1.491528 0.684852 0.000000 -0.000000 0.000000 0.000008 0.000000 -0.000000 0.000000 -0.000000 -6.500005 -3.255150 10.015763 -0.000000 0.000000 -0.000000 -9.719192 -0.000022 5.172737 34.580981 0.000000 0.000001 -0.000002 -19.999979 0.000076 -49.635705 0.000000 -0.000001 -0.000000 -21.000031 0.000076 -0.000000 0.000000 0.000000 -6.500001 -3.255157 -11.802598 -0.000000 0.000000 -0.000000 -9.719196 -0.000009 -5.185904 19.500497 -0.000001 -0.000000 0.000001 -20.000002 -0.000362 -49.592590 -0.000000 0.000001 -0.000000 -20.999939 0.000351 0.000000 0.000000 0.000000 6.498628 -3.255157 10.007559 -0.000000 0.000000 -0.000000 9.737182 -0.000027 5.180938 2.585010 -0.000001 0.000000 -0.000002 -19.993595 -0.505187 -34.007604 -0.000000 0.000000 0.000001 -20.999950 0.017216 0.000001 -0.000000 -0.000000 6.500279 -3.255188 -11.808104 -0.000000 0.000000 -0.000000 9.735531 0.000008 -5.180398 21.381393 0.000000 -0.000000 0.000000 -20.000000 -0.000090 -35.802667 0.000000 -0.000000 0.000000 -20.999977 0.000101 -0.000000 0.000000 -0.000000 
-2.573863 96.622345 2.122600 0.913143 0.000000 -0.000000 0.000000 -0.000000 -0.000000 -0.000000 0.000000 -0.000000 -6.500005 -3.255150 10.015763 -0.000000 0.000000 -0.000000 -9.719192 -0.000004 5.172739 36.218891 0.000000 0.000001 -0.000001 -19.999969 0.000076 -53.282838 0.000000 -0.000001 0.000002 -21.000031 0.000073 -0.000002 0.000000 0.000000 -6.500000 -3.255150 -11.802597 -0.000000 -0.000000 -0.000000 -9.719196 -0.000029 -5.185904 18.180907 -0.000001 0.000000 0.000001 -20.000006 -0.000361 -50.462032 -0.000000 0.000001 0.000000 -20.999943 0.000345 0.000002 -0.000000 -0.000000 6.498628 -3.255157 10.007559 -0.000000 0.000000 -0.000000 9.737182 -0.000019 5.180936 2.610946 -0.000001 0.000000 -0.000001 -19.993612 -0.505193 -34.502987 0.000000 0.000000 -0.000002 -20.999947 0.017218 0.000001 0.000000 0.000000 6.500279 -3.255188 -11.808105 -0.000000 0.000000 -0.000000 9.735531 0.000003 -5.180396 22.417832 0.000000 0.000000 0.000001 -20.000000 -0.000088 -36.472008 -0.000000 0.000000 0.000000 -20.999985 0.000102 -0.000000 -0.000000 0.000000 
-2.573863 96.474579 2.753672 1.092651 0.000000 -0.000000 0.000000 0.000000 0.000000 -0.000000 0.000000 -0.000000 -6.500005 -3.255150 10.015762 -0.000000 0.000000 -0.000000 -9.719192 -0.000023 5.172732 37.587265 -0.000000 0.000001 -0.000000 -19.999971 0.000071 -56.465048 0.000001 -0.000001 0.000000 -21.000050 0.000072 -0.000000 0.000000 0.000000 -6.500001 -3.255150 -11.802597 -0.000001 0.000000 -0.000000 -9.719196 -0.000026 -5.185906 16.726723 -0.000001 -0.000000 0.000003 -20.000008 -0.000361 -50.910806 -0.000000 0.000001 0.000000 -20.999950 0.000343 0.000000 -0.000000 -0.000000 6.498628 -3.255157 10.007558 -0.000000 0.000000 -0.000000 9.737182 -0.000011 5.180938 2.928270 -0.000001 0.000000 0.000000 -19.993599 -0.505188 -35.227879 -0.000000 -0.000000 -0.000000 -20.999950 0.017213 -0.000001 -0.000000 0.000000 6.500279 -3.255180 -11.808103 -0.000000 0.000000 -0.000000 9.735531 0.000001 -5.180390 23.338509 0.000000 -0.000000 0.000000 -19.999985 -0.000087 -36.816325 0.000000 -0.000000 -0.000001 -20.999985 0.000102 -0.000000 0.000000 -0.000000 
-2.573863 96.413139 3.384744 1.167724 0.000000 -0.000000 0.000000 0.000008 0.000000 -0.000000 0.000000 -0.000000 -6.500005 -3.255157 10.015763 -0.000000 0.000000 -0.000000 -9.719192 -0.000003 5.172739 38.453688 -0.000000 0.000001 0.000002 -19.999983 0.000073 -58.704793 0.000001 -0.000001 0.000000 -21.000042 0.000073 0.000002 0.000000 0.000000 -6.500001 -3.255157 -11.802598 -0.000001 0.000000 -0.000000 -9.719195 -0.000024 -5.185902 15.102527 -0.000000 -0.000000 0.000001 -19.999996 -0.000360 -50.760067 -0.000000 0.000001 0.000002 -20.999954 0.000348 -0.000001 -0.000000 0.000000 6.498628 -3.255165 10.007559 -0.000000 0.000000 -0.000000 9.737182 -0.000019 5.180939 3.699317 -0.000000 0.000000 -0.000002 -19.993616 -0.505198 -36.086522 -0.000000 -0.000000 -0.000001 -20.999943 0.017220 0.000001 -0.000000 0.000000 6.500279 -3.255188 -11.808104 -0.000000 0.000000 -0.000000 9.735531 0.000004 -5.180394 24.067193 -0.000000 0.000000 0.000001 -20.000004 -0.000083 -36.581957 0.000000 0.000000 0.000000 -20.999973 0.000099 -0.000000 -0.000000 -0.000000 
-2.573863 96.410553 4.015816 1.166216 0.000000 -0.000000 0.000000 0.000008 0.000000 -0.000000 0.000000 -0.000000 -6.500005 -3.255150 10.015762 -0.000000 0.000000 -0.000000 -9.719192 -0.000007 5.172734 38.966472 -0.000000 0.000001 -0.000000 -19.999983 0.000064 -60.316970 0.000001 -0.000001 -0.000000 -21.000034 0.000075 0.000002 0.000000 0.000000 -6.500001 -3.255150 -11.802598 -0.000001 0.000000 -0.000000 -9.719195 -0.000032 -5.185902 13.431146 -0.000000 -0.000000 0.000003 -20.000006 -0.000365 -50.000000 -0.000000 0.000001 0.000002 -20.999939 0.000346 -0.000001 -0.000000 -0.000000 6.498628 -3.255157 10.007558 -0.000000 0.000000 -0.000000 9.737182 -0.000009 5.180937 4.690790 0.000000 -0.000000 0.000000 -19.993620 -0.505186 -36.837461 0.000000 -0.000000 -0.000001 -20.999947 0.017216 -0.000001 0.000000 -0.000000 6.500279 -3.255188 -11.808103 -0.000000 0.000000 -0.000000 9.735531 0.000021 -5.180396 24.650088 -0.000001 0.000000 -0.000000 -20.000008 -0.000083 -35.918486 0.000000 -0.000000 -0.000001 -20.999981 0.000103 0.000001 0.000000 -0.000000 
-2.573863 96.460655 4.646889 1.087903 0.000000 -0.000000 0.000000 0.000008 0.000000 -0.000000 0.000000 -0.000000 -6.500005 -3.255142 10.015762 -0.000000 0.000000 -0.000000 -9.719192 -0.000006 5.172733 39.181298 -0.000000 0.000001 -0.000000 -19.999979 0.000067 -61.413441 0.000001 -0.000001 -0.000002 -21.000038 0.000074 -0.000000 -0.000000 -0.000000 -6.500001 -3.255142 -11.802597 -0.000001 0.000000 -0.000000 -9.719196 -0.000012 -5.185905 11.849213 -0.000000 -0.000000 0.000001 -19.999987 -0.000357 -48.527787 -0.000000 0.000001 0.000002 -20.999943 0.000344 -0.000001 0.000000 0.000000 6.498628 -3.255157 10.007558 -0.000000 0.000000 -0.000000 9.737182 -0.000013 5.180935 5.741518 0.000000 -0.000000 -0.000001 -19.993616 -0.505186 -37.164699 -0.000000 -0.000000 -0.000002 -20.999950 0.017216 -0.000001 0.000000 0.000000 6.500279 -3.255180 -11.808103 -0.000000 0.000000 -0.000000 9.735531 0.000007 -5.180394 25.110412 -0.000000 0.000000 0.000001 -19.999994 -0.000091 -34.876274 -0.000000 0.000000 -0.000002 -20.999981 0.000102 0.000001 0.000000 0.000000 
-2.573863 96.546158 5.277961 0.961359 0.000000 -0.000000 0.000000 0.000000 0.000000 -0.000000 0.000000 -0.000000 -6.500005 -3.255150 10.015763 0.000000 0.000000 -0.000000 -9.719192 -0.000010 5.172740 39.143602 -0.000000 0.000001 0.000002 -19.999979 0.000074 -62.125857 0.000001 -0.000001 0.000000 -21.000034 0.000074 -0.000000 -0.000000 -0.000000 -6.500001 -3.255150 -11.802598 -0.000001 0.000000 -0.000000 -9.719196 -0.000014 -5.185904 10.279869 -0.000001 -0.000000 0.000003 -19.999989 -0.000355 -46.443620 -0.000000 0.000001 0.000000 -20.999947 0.000348 -0.000001 -0.000000 -0.000000 6.498628 -3.255157 10.007560 0.000000 0.000000 -0.000000 9.737182 -0.000018 5.180938 6.797456 0.000000 -0.000000 -0.000001 -19.993603 -0.505194 -37.195974 0.000000 -0.000000 -0.000001 -20.999954 0.017216 0.000001 0.000000 -0.000000 6.500279 -3.255180 -11.808104 0.000000 0.000000 -0.000000 9.735531 0.000008 -5.180394 25.440998 0.000000 -0.000000 0.000000 -19.999996 -0.000089 -33.499325 0.000000 -0.000000 -0.000001 -20.999985 0.000101 -0.000000 0.000000 -0.000000 
-2.573863 96.650322 5.909033 0.809748 0.000000 -0.000000 0.000000 0.000008 -0.000000 -0.000000 0.000000 -0.000000 -6.500005 -3.255157 10.015763 -0.000000 0.000000 -0.000000 -9.719192 -0.000006 5.172739 38.928783 -0.000000 0.000001 0.000002 -19.999979 0.000069 -62.633251 0.000001 -0.000001 -0.000000 -21.000031 0.000076 -0.000002 0.000000 0.000000 -6.500001 -3.255150 -11.802598 -0.000001 0.000000 -0.000000 -9.719196 -0.000032 -5.185905 8.695586 -0.000000 -0.000000 0.000001 -19.999996 -0.000358 -43.763976 -0.000000 0.000001 0.000000 -20.999939 0.000346 0.000000 -0.000000 -0.000000 6.498628 -3.255157 10.007560 -0.000000 0.000000 -0.000000 9.737182 -0.000010 5.180938 7.721678 -0.000000 0.000000 -0.000000 -19.993595 -0.505193 -36.901931 0.000000 0.000000 -0.000002 -20.999947 0.017216 -0.000001 0.000000 -0.000000 6.500279 -3.255180 -11.808104 -0.000000 0.000000 -0.000000 9.735531 0.000001 -5.180398 25.650948 0.000000 -0.000000 0.000000 -19.999996 -0.000092 -31.854250 0.000000 0.000000 0.000001 -20.999989 0.000099 -0.000001 0.000000 0.000000 
-2.573863 96.765343 6.540106 0.649076 0.000000 -0.000000 -0.000000 0.000000 -0.000000 0.000000 0.000000 -0.000000 -6.500005 -3.255150 10.015764 0.000000 0.000000 -0.000000 -9.719192 -0.000008 5.172742 38.502388 -0.000000 0.000001 -0.000000 -19.999985 0.000078 -62.905346 0.000001 -0.000001 0.000000 -21.000042 0.000075 -0.000000 0.000000 -0.000000 -6.500001 -3.255142 -11.802598 -0.000001 0.000000 -0.000000 -9.719195 -0.000034 -5.185902 7.085007 -0.000000 -0.000000 -0.000001 -19.999998 -0.000359 -40.637221 -0.000000 0.000001 -0.000000 -20.999943 0.000344 -0.000003 0.000000 0.000000 6.498628 -3.255150 10.007560 0.000000 0.000000 -0.000000 9.737182 -0.000014 5.180936 8.601654 -0.000001 0.000000 -0.000001 -19.993614 -0.505189 -36.437775 -0.000000 -0.000000 -0.000001 -20.999950 0.017212 0.000001 -0.000000 0.000000 6.500279 -3.255180 -11.808104 0.000000 0.000000 -0.000000 9.735531 0.000002 -5.180398 25.714796 0.000000 -0.000000 0.000000 -20.000008 -0.000082 -29.923704 0.000000 -0.000000 0.000000 -20.999981 0.000099 -0.000000 0.000000 -0.000000 
-2.573863 96.877792 7.171178 0.500910 0.000000 -0.000000 0.000000 0.000000 0.000000 -0.000000 0.000000 -0.000000 -6.500005 -3.255150 10.015762 -0.000000 0.000000 -0.000000 -9.719192 -0.000008 5.172731 37.870527 -0.000000 0.000001 -0.000000 -19.999975 0.000076 -62.984972 0.000001 -0.000001 -0.000000 -21.000042 0.000078 -0.000000 -0.000000 0.000000 -6.500001 -3.255150 -11.802598 -0.000001 0.000000 -0.000000 -9.719196 -0.000030 -5.185904 5.321561 -0.000000 -0.000000 -0.000001 -19.999998 -0.000353 -37.079608 -0.000000 0.000001 0.000000 -20.999943 0.000340 -0.000003 0.000000 -0.000000 6.498628 -3.255157 10.007558 -0.000000 0.000000 -0.000000 9.737182 -0.000019 5.180939 9.494546 -0.000000 0.000000 -0.000002 -19.993610 -0.505189 -35.952200 -0.000000 0.000000 -0.000002 -20.999947 0.017219 0.000001 0.000000 0.000000 6.500279 -3.255173 -11.808104 -0.000000 0.000000 -0.000000 9.735531 -0.000006 -5.180390 25.612639 0.000000 -0.000000 0.000000 -19.999981 -0.000085 -27.609897 0.000000 -0.000000 0.000001 -20.999989 0.000099 -0.000000 0.000000 -0.000000 
-2.573863 96.987869 7.802250 0.371740 0.000000 -0.000000 0.000000 0.000000 0.000000 -0.000000 0.000000 -0.000000 -6.500005 -3.255150 10.015764 -0.000000 0.000000 -0.000000 -9.719192 -0.000013 5.172744 36.986881 -0.000000 0.000001 -0.000000 -19.999977 0.000074 -62.832085 0.000001 -0.000001 0.000000 -21.000046 0.000070 -0.000000 0.000000 -0.000000 -6.500001 -3.255157 -11.802598 -0.000001 0.000000 -0.000000 -9.719194 -0.000026 -5.185904 3.723309 -0.000001 -0.000000 0.000001 -19.999998 -0.000362 -33.504065 -0.000000 0.000000 0.000002 -20.999943 0.000351 0.000000 -0.000000 -0.000000 6.498628 -3.255157 10.007558 -0.000000 0.000000 -0.000000 9.737182 -0.000015 5.180935 10.354357 0.000000 -0.000000 -0.000002 -19.993599 -0.505186 -35.435346 0.000000 -0.000000 -0.000002 -20.999958 0.017208 0.000001 0.000000 -0.000000 6.500279 -3.255180 -11.808103 -0.000000 0.000000 -0.000000 9.735531 -0.000004 -5.180396 25.336915 0.000000 -0.000000 0.000000 -19.999992 -0.000086 -25.220919 0.000000 -0.000000 -0.000001 -20.999981 0.000105 -0.000000 0.000000 -0.000000 
-2.573863 97.087433 8.433321 0.281587 0.000000 -0.000000 0.000000 0.000008 0.000001 -0.000000 0.000000 -0.000000 -6.500005 -3.255142 10.015764 -0.000000 0.000000 -0.000000 -9.719192 -0.000009 5.172739 35.809961 0.000000 0.000001 -0.000000 -19.999981 0.000074 -62.442546 0.000001 -0.000001 -0.000000 -21.000057 0.000070 0.000002 0.000000 0.000000 -6.500001 -3.255142 -11.802599 -0.000001 0.000000 -0.000000 -9.719196 -0.000011 -5.185905 2.561646 -0.000001 0.000000 -0.000001 -19.999994 -0.000359 -30.254477 -0.000000 0.000000 0.000000 -20.999947 0.000348 0.000000 -0.000000 -0.000000 6.498628 -3.255150 10.007559 -0.000000 0.000000 -0.000000 9.737182 -0.000022 5.180935 11.160700 0.000000 -0.000000 -0.000000 -19.993599 -0.505194 -34.969705 0.000000 0.000000 -0.000001 -20.999954 0.017213 0.000001 -0.000000 0.000000 6.500279 -3.255173 -11.808104 -0.000000 0.000000 -0.000000 9.735531 0.000020 -5.180392 24.783671 0.000000 -0.000000 0.000000 -19.999987 -0.000093 -22.845699 0.000000 -0.000000 0.000000 -20.999985 0.000101 0.000000 0.000000 -0.000000 
-2.573863 97.188034 9.064394 0.211430 0.000000 -0.000000 0.000000 0.000000 0.000000 -0.000000 0.000000 -0.000000 -6.500005 -3.255142 10.015762 -0.000000 0.000000 -0.000000 -9.719192 -0.000011 5.172741 34.331505 0.000000 0.000001 -0.000000 -19.999983 0.000073 -61.751815 0.000001 -0.000001 0.000000 -21.000042 0.000071 -0.000000 -0.000000 -0.000000 -6.500001 -3.255142 -11.802599 -0.000001 0.000000 -0.000000 -9.719194 -0.000023 -5.185904 1.849998 -0.000001 -0.000000 -0.000000 -20.000000 -0.000361 -27.554286 -0.000000 0.000000 0.000000 -20.999943 0.000348 -0.000001 -0.000000 -0.000000 6.498628 -3.255150 10.007557 -0.000000 0.000000 -0.000000 9.737182 -0.000015 5.180937 11.893925 0.000000 -0.000000 -0.000001 -19.993601 -0.505190 -34.426944 0.000000 -0.000000 -0.000001 -20.999954 0.017205 -0.000001 0.000000 -0.000000 6.500279 -3.255180 -11.808105 -0.000000 0.000000 -0.000000 9.735531 0.000011 -5.180398 24.222376 0.000000 -0.000000 0.000000 -19.999990 -0.000086 -21.043943 0.000000 -0.000000 0.000001 -20.999973 0.000101 -0.000000 0.000000 -0.000000 
-2.573863 97.304276 9.695467 0.147266 0.000000 -0.000000 0.000000 0.000008 0.000000 -0.000000 0.000000 -0.000000 -6.500005 -3.255142 10.015762 -0.000000 0.000000 -0.000000 -9.719192 -0.000015 5.172736 32.481156 0.000000 0.000001 -0.000000 -19.999981 0.000073 -60.652012 0.000001 -0.000001 -0.000000 -21.000034 0.000075 -0.000002 0.000000 0.000000 -6.500001 -3.255150 -11.802597 -0.000001 0.000000 -0.000000 -9.719196 -0.000028 -5.185903 1.742424 -0.000001 -0.000000 -0.000000 -19.999998 -0.000360 -25.798188 -0.000000 0.000000 -0.000000 -20.999943 0.000346 -0.000001 0.000000 0.000000 6.498628 -3.255150 10.007559 -0.000000 0.000000 -0.000000 9.737182 -0.000017 5.180935 12.503567 0.000000 -0.000000 -0.000001 -19.993601 -0.505192 -33.651973 0.000000 -0.000000 -0.000002 -20.999947 0.017215 -0.000001 0.000000 -0.000000 6.500279 -3.255180 -11.808103 -0.000000 0.000000 -0.000000 9.735531 0.000006 -5.180396 23.887999 0.000000 -0.000000 0.000000 -19.999989 -0.000086 -20.452346 0.000000 -0.000000 -0.000001 -20.999981 0.000101 -0.000000 0.000000 -0.000000 
-2.573863 97.418915 10.326539 0.094058 0.000000 -0.000000 0.000000 -0.000000 -0.000001 -0.000000 0.000000 -0.000000 -6.500005 -3.255150 10.015764 -0.000000 0.000000 -0.000000 -9.719192 0.000006 5.172735 30.403645 0.000000 0.000001 -0.000000 -19.999994 0.000069 -59.269083 0.000001 -0.000001 0.000002 -21.000042 0.000074 0.000002 -0.000000 -0.000000 -6.500001 -3.255150 -11.802598 -0.000001 0.000000 -0.000000 -9.719196 -0.000019 -5.185904 2.088422 -0.000001 -0.000000 -0.000000 -19.999989 -0.000357 -24.816253 -0.000000 0.000000 0.000000 -20.999931 0.000348 0.000000 -0.000000 0.000000 6.498628 -3.255157 10.007559 -0.000000 0.000000 -0.000000 9.737182 -0.000014 5.180936 13.061683 0.000000 -0.000000 -0.000001 -19.993614 -0.505191 -32.807509 0.000000 -0.000000 -0.000001 -20.999947 0.017210 0.000002 0.000000 -0.000000 6.500279 -3.255180 -11.808104 -0.000000 0.000000 -0.000000 9.735531 0.000010 -5.180398 23.780060 0.000000 -0.000000 -0.000001 -19.999981 -0.000088 -20.928869 0.000000 -0.000000 -0.000001 -20.999977 0.000103 -0.000000 0.000000 -0.000000 
-2.573863 97.523041 10.957611 0.051721 0.000000 -0.000000 -0.000000 0.000000 0.000000 -0.000000 0.000000 -0.000000 -6.500005 -3.255150 10.015760 -0.000000 0.000000 -0.000000 -9.719192 -0.000015 5.172734 28.181489 0.000000 0.000001 -0.000000 -19.999983 0.000078 -57.645875 0.000001 -0.000001 0.000002 -21.000034 0.000082 0.000002 0.000000 0.000000 -6.500001 -3.255150 -11.802598 -0.000001 0.000000 -0.000000 -9.719196 -0.000029 -5.185902 2.819381 -0.000001 -0.000000 0.000001 -19.999994 -0.000360 -24.673369 -0.000000 0.000000 -0.000000 -20.999935 0.000348 -0.000001 -0.000000 0.000000 6.498628 -3.255157 10.007557 -0.000000 0.000000 -0.000000 9.737182 -0.000013 5.180931 13.603151 0.000000 -0.000000 -0.000002 -19.993622 -0.505186 -31.965077 0.000000 -0.000000 -0.000001 -20.999954 0.017212 0.000001 0.000000 -0.000000 6.500279 -3.255180 -11.808104 -0.000000 0.000000 -0.000000 9.735531 0.000002 -5.180396 24.067659 0.000000 -0.000000 0.000000 -20.000008 -0.000082 -22.733147 0.000000 -0.000000 0.000001 -20.999973 0.000101 0.000000 0.000000 -0.000000 
-2.573863 97.606339 11.588683 0.021383 0.000000 -0.000000 0.000000 0.000000 0.000000 -0.000000 0.000000 -0.000000 -6.500005 -3.255150 10.015763 -0.000000 0.000000 -0.000000 -9.719192 -0.000012 5.172736 25.931056 0.000000 0.000001 -0.000000 -19.999983 0.000075 -55.923615 0.000001 -0.000001 0.000000 -21.000031 0.000076 -0.000000 -0.000000 -0.000000 -6.500001 -3.255157 -11.802598 -0.000001 0.000000 -0.000000 -9.719196 -0.000018 -5.185905 3.843689 -0.000001 -0.000000 0.000001 -19.999994 -0.000360 -25.059792 -0.000000 0.000000 0.000000 -20.999943 0.000348 0.000000 -0.000000 0.000000 6.498628 -3.255165 10.007558 -0.000000 0.000000 -0.000000 9.737182 -0.000007 5.180934 14.189156 0.000000 -0.000000 -0.000001 -19.993610 -0.505190 -31.243174 0.000000 -0.000000 -0.000003 -20.999950 0.017211 0.000001 0.000000 -0.000000 6.500279 -3.255180 -11.808104 -0.000000 0.000000 -0.000000 9.735531 0.000001 -5.180400 24.476980 0.000000 -0.000000 0.000001 -19.999994 -0.000086 -25.296816 0.000000 -0.000000 -0.000001 -20.999985 0.000101 -0.000000 0.000000 -0.000000 
-2.573863 97.655212 12.219755 0.006149 0.000000 -0.000000 0.000000 0.000000 -0.000000 -0.000000 0.000000 -0.000000 -6.500005 -3.255150 10.015764 -0.000000 0.000000 -0.000000 -9.719192 -0.000009 5.172739 23.842329 0.000000 0.000001 -0.000000 -19.999981 0.000069 -54.285305 0.000001 -0.000001 -0.000000 -21.000042 0.000071 0.000002 -0.000000 -0.000000 -6.500001 -3.255150 -11.802598 -0.000001 0.000000 -0.000000 -9.719196 -0.000025 -5.185902 5.053049 -0.000001 -0.000000 0.000001 -19.999996 -0.000359 -25.664528 -0.000000 0.000000 -0.000002 -20.999947 0.000348 -0.000001 -0.000000 -0.000000 6.498628 -3.255157 10.007559 -0.000000 0.000000 -0.000000 9.737182 -0.000016 5.180935 14.892097 0.000000 -0.000000 -0.000001 -19.993622 -0.505190 -30.789321 0.000000 -0.000000 -0.000002 -20.999954 0.017213 0.000001 0.000000 -0.000000 6.500279 -3.255180 -11.808104 -0.000000 0.000000 -0.000000 9.735531 0.000005 -5.180396 24.772666 0.000000 -0.000000 -0.000000 -20.000004 -0.000080 -28.196838 0.000000 0.000000 0.000000 -20.999981 0.000101 -0.000000 0.000000 0.000000 
-2.573863 97.670486 12.850828 -0.000000 0.000000 -0.000000 0.000000 0.000000 0.000000 -0.000000 0.000000 -0.000000 -6.500005 -3.255150 10.015764 -0.000000 0.000000 -0.000000 -9.719192 -0.000008 5.172738 21.777003 0.000000 0.000001 -0.000001 -19.999989 0.000081 -52.648772 0.000000 -0.000001 -0.000002 -21.000034 0.000080 0.000002 -0.000000 -0.000000 -6.500001 -3.255150 -11.802598 -0.000001 0.000000 -0.000000 -9.719196 -0.000030 -5.185903 6.428907 -0.000001 -0.000000 -0.000000 -19.999992 -0.000360 -26.556216 -0.000000 0.000000 0.000000 -20.999928 0.000346 -0.000001 -0.000000 -0.000000 6.498628 -3.255157 10.007559 -0.000000 0.000000 -0.000000 9.737182 -0.000020 5.180934 15.713185 0.000000 -0.000000 -0.000002 -19.993628 -0.505188 -30.587944 0.000000 -0.000000 -0.000001 -20.999958 0.017214 0.000001 0.000000 -0.000000 6.500279 -3.255180 -11.808104 -0.000000 0.000000 -0.000000 9.735531 0.000004 -5.180392 25.008379 0.000000 -0.000000 -0.000001 -20.000000 -0.000091 -31.256950 0.000000 -0.000000 0.000000 -20.999981 0.000101 0.000000 0.000000 -0.000000 
-2.573863 97.645164 13.481901 -0.001336 0.000000 -0.000000 0.000000 0.000000 0.000000 -0.000000 0.000000 -0.000000 -6.500005 -3.255150 10.015765 -0.000000 0.000000 -0.000000 -9.719192 -0.000008 5.172732 19.645581 0.000000 0.000001 -0.000001 -19.999985 0.000072 -51.008973 0.000000 -0.000001 0.000000 -21.000038 0.000080 0.000002 -0.000000 -0.000000 -6.500001 -3.255150 -11.802598 -0.000001 0.000000 -0.000000 -9.719196 -0.000026 -5.185904 7.926893 -0.000001 -0.000000 0.000001 -19.999998 -0.000359 -27.733927 -0.000000 0.000000 0.000002 -20.999943 0.000348 0.000000 0.000000 0.000000 6.498628 -3.255157 10.007560 -0.000000 0.000000 -0.000000 9.737182 -0.000015 5.180937 16.686926 0.000000 -0.000000 0.000000 -19.993614 -0.505184 -30.633067 0.000000 -0.000000 -0.000001 -20.999962 0.017211 0.000001 0.000000 -0.000000 6.500279 -3.255180 -11.808104 -0.000000 0.000000 -0.000000 9.735531 0.000003 -5.180392 25.161816 -0.000000 0.000000 -0.000000 -19.999989 -0.000087 -34.140516 0.000000 -0.000000 0.000000 -20.999977 0.000102 -0.000000 -0.000000 0.000000 
-2.573863 97.589104 14.112972 -0.000000 0.000000 -0.000000 0.000000 0.000000 0.000000 -0.000000 0.000000 -0.000000 -6.500005 -3.255150 10.015762 -0.000000 0.000000 -0.000000 -9.719192 -0.000015 5.172733 17.491624 -0.000000 0.000001 -0.000002 -19.999985 0.000070 -49.317576 0.000000 -0.000001 0.000002 -21.000038 0.000076 -0.000000 -0.000000 0.000000 -6.500001 -3.255150 -11.802598 -0.000001 0.000000 -0.000000 -9.719196 -0.000021 -5.185905 9.516161 -0.000001 -0.000000 -0.000002 -20.000002 -0.000358 -29.095298 -0.000000 0.000000 -0.000000 -20.999943 0.000346 -0.000001 0.000000 0.000000 6.498628 -3.255157 10.007559 -0.000000 0.000000 -0.000000 9.737182 -0.000012 5.180934 17.785867 0.000000 -0.000000 -0.000001 -19.993614 -0.505183 -31.043329 0.000000 -0.000000 -0.000002 -20.999969 0.017213 0.000001 0.000000 -0.000000 6.500279 -3.255180 -11.808104 -0.000000 0.000000 -0.000000 9.735531 -0.000000 -5.180396 25.225413 -0.000001 0.000000 0.000000 -20.000000 -0.000077 -36.905688 -0.000000 -0.000000 -0.000000 -20.999981 0.000102 -0.000000 -0.000000 0.000000 
-2.573863 97.508293 14.744045 -0.000000 0.000000 -0.000000 0.000000 0.000000 0.000000 -0.000000 0.000000 -0.000000 -6.500005 -3.255150 10.015762 -0.000000 0.000000 -0.000000 -9.719192 -0.000016 5.172732 15.252770 -0.000000 0.000001 -0.000001 -19.999985 0.000078 -47.459604 0.000000 -0.000001 0.000002 -21.000038 0.000074 0.000002 0.000000 0.000000 -6.500001 -3.255150 -11.802598 -0.000001 0.000000 -0.000000 -9.719196 -0.000024 -5.185902 11.159875 -0.000001 -0.000000 0.000001 -20.000000 -0.000358 -30.554636 -0.000000 0.000000 0.000000 -20.999935 0.000348 -0.000001 -0.000000 -0.000000 6.498628 -3.255157 10.007559 -0.000000 0.000000 -0.000000 9.737182 -0.000010 5.180933 19.006844 0.000000 -0.000000 -0.000001 -19.993610 -0.505187 -31.976265 0.000000 -0.000000 -0.000001 -20.999958 0.017214 -0.000000 0.000000 -0.000000 6.500279 -3.255180 -11.808104 -0.000000 0.000000 -0.000000 9.735531 0.000004 -5.180398 25.186611 -0.000000 0.000000 0.000001 -20.000004 -0.000081 -39.499315 0.000000 -0.000000 -0.000001 -20.999989 0.000099 0.000001 0.000000 0.000000 
-2.573863 97.407425 15.375117 -0.000000 0.000000 -0.000000 0.000000 0.000000 0.000000 -0.000000 0.000000 -0.000000 -6.500005 -3.255150 10.015763 -0.000000 0.000000 -0.000000 -9.719192 -0.000012 5.172733 13.157362 -0.000000 0.000001 0.000001 -19.999987 0.000069 -45.629953 0.000000 -0.000001 0.000002 -21.000038 0.000076 0.000002 -0.000000 -0.000000 -6.500001 -3.255150 -11.802598 -0.000001 0.000000 -0.000000 -9.719196 -0.000025 -5.185902 12.831612 -0.000001 -0.000000 -0.000001 -19.999998 -0.000361 -32.061045 -0.000000 0.000000 0.000000 -20.999935 0.000347 0.000000 -0.000000 -0.000000 6.498628 -3.255157 10.007558 -0.000000 0.000000 -0.000000 9.737182 -0.000017 5.180934 20.311582 0.000000 -0.000000 -0.000001 -19.993603 -0.505186 -33.309231 0.000000 -0.000000 -0.000001 -20.999958 0.017215 0.000001 0.000000 -0.000000 6.500279 -3.255180 -11.808104 -0.000000 0.000000 -0.000000 9.735531 0.000002 -5.180394 25.038090 0.000000 -0.000000 0.000000 -19.999998 -0.000088 -41.918749 0.000000 -0.000000 0.000000 -20.999992 0.000100 -0.000001 0.000000 -0.000000 
-2.573863 97.291519 16.006187 -0.003843 0.000000 -0.000000 0.000000 0.000000 -0.000001 -0.000000 0.000000 -0.000000 -6.500005 -3.255150 10.015760 -0.000000 0.000000 -0.000000 -9.719192 -0.000010 5.172738 11.377190 0.000000 0.000000 0.000001 -19.999975 0.000070 -43.935171 0.000000 -0.000001 0.000002 -21.000038 0.000074 -0.000000 0.000000 0.000000 -6.500001 -3.255150 -11.802599 -0.000001 0.000000 -0.000000 -9.719196 -0.000023 -5.185904 14.507684 -0.000001 -0.000000 -0.000001 -20.000004 -0.000359 -33.556347 -0.000000 0.000000 -0.000002 -20.999943 0.000344 -0.000001 0.000000 0.000000 6.498628 -3.255157 10.007557 -0.000000 0.000000 -0.000000 9.737182 -0.000005 5.180939 21.681720 0.000000 -0.000000 -0.000001 -19.993608 -0.505198 -34.979919 0.000000 -0.000000 0.000000 -20.999954 0.017212 0.000001 0.000000 -0.000000 6.500279 -3.255180 -11.808105 -0.000000 0.000000 -0.000000 9.735531 0.000006 -5.180392 24.778926 0.000000 -0.000000 0.000000 -20.000000 -0.000088 -44.156196 0.000000 -0.000000 0.000000 -20.999985 0.000102 -0.000001 -0.000000 0.000000 
-2.573863 97.165573 16.637260 -0.000000 0.000000 -0.000000 0.000000 0.000000 0.000001 -0.000000 0.000000 -0.000000 -6.500005 -3.255150 10.015763 -0.000000 0.000000 -0.000000 -9.719193 -0.000015 5.172733 10.019585 0.000000 0.000000 -0.000001 -19.999985 0.000076 -42.525215 0.000000 -0.000001 -0.000000 -21.000038 0.000076 -0.000000 0.000000 0.000000 -6.500001 -3.255150 -11.802597 -0.000001 0.000000 -0.000000 -9.719196 -0.000022 -5.185904 16.143046 -0.000001 -0.000000 -0.000001 -19.999998 -0.000354 -34.976777 -0.000000 0.000000 -0.000002 -20.999943 0.000348 -0.000001 0.000000 -0.000000 6.498628 -3.255157 10.007560 -0.000000 0.000000 -0.000000 9.737182 -0.000019 5.180937 23.054323 0.000000 -0.000000 -0.000001 -19.993607 -0.505196 -36.964827 0.000000 -0.000000 -0.000001 -20.999950 0.017212 -0.000000 0.000000 -0.000000 6.500279 -3.255180 -11.808103 -0.000000 0.000000 -0.000000 9.735531 -0.000006 -5.180398 24.377398 0.000000 -0.000000 0.000000 -20.000004 -0.000078 -46.173841 0.000000 -0.000000 -0.000001 -20.999981 0.000096 -0.000003 0.000000 -0.000000 
-2.573863 97.034615 17.268333 0.007004 0.000000 -0.000000 0.000000 0.000000 -0.000001 -0.000000 0.000000 -0.000000 -6.500005 -3.255150 10.015760 -0.000000 0.000000 -0.000000 -9.719193 -0.000014 5.172730 9.367087 0.000000 0.000000 -0.000001 -19.999977 0.000074 -41.672518 0.000000 -0.000001 0.000000 -21.000042 0.000070 0.000002 0.000000 0.000000 -6.500001 -3.255150 -11.802600 -0.000001 0.000000 -0.000000 -9.719196 -0.000036 -5.185904 17.723654 -0.000001 -0.000000 -0.000001 -19.999994 -0.000363 -36.284110 -0.000000 0.000001 0.000002 -20.999950 0.000346 -0.000001 0.000000 0.000000 6.498628 -3.255157 10.007557 -0.000000 0.000000 -0.000000 9.737182 -0.000016 5.180932 24.336353 -0.000000 0.000000 -0.000001 -19.993608 -0.505192 -39.191424 -0.000000 0.000000 -0.000001 -20.999962 0.017209 0.000001 0.000000 0.000000 6.500279 -3.255188 -11.808105 -0.000000 0.000000 -0.000000 9.735531 0.000012 -5.180396 23.833701 0.000000 -0.000000 0.000000 -19.999994 -0.000083 -47.966158 0.000000 -0.000000 0.000000 -20.999985 0.000098 0.000001 0.000000 -0.000000 
-2.573863 96.903664 17.899406 0.061481 0.000000 -0.000000 0.000000 0.000000 -0.000000 -0.000000 0.000000 -0.000000 -6.500005 -3.255150 10.015767 0.000000 0.000000 -0.000000 -9.719192 -0.000011 5.172734 9.065842 0.000000 0.000000 0.000001 -19.999981 0.000073 -41.116325 0.000000 -0.000001 0.000000 -21.000038 0.000078 -0.000000 0.000000 0.000000 -6.500001 -3.255150 -11.802595 -0.000001 0.000000 -0.000000 -9.719196 -0.000023 -5.185908 19.132813 -0.000001 -0.000000 -0.000001 -20.000004 -0.000360 -37.343591 -0.000000 0.000001 0.000002 -20.999947 0.000348 0.000000 0.000000 -0.000000 6.498628 -3.255157 10.007564 0.000000 0.000000 -0.000000 9.737182 -0.000031 5.180936 25.599735 0.000000 -0.000000 0.000000 -19.993601 -0.505191 -41.744579 0.000000 -0.000000 -0.000002 -20.999943 0.017211 0.000001 0.000000 -0.000000 6.500279 -3.255180 -11.808101 0.000000 0.000000 -0.000000 9.735531 0.000017 -5.180394 23.051233 0.000000 -0.000000 0.000000 -19.999992 -0.000085 -49.428511 0.000000 -0.000000 0.000001 -20.999992 0.000100 0.000001 0.000000 -0.000000 
-2.573863 96.777718 18.530479 0.225641 0.000000 -0.000000 -0.000000 0.000000 0.000002 -0.000000 0.000000 -0.000000 -6.500005 -3.255157 10.015761 -0.000000 0.000000 -0.000000 -9.719192 -0.000002 5.172737 8.825974 -0.000000 0.000000 0.000003 -19.999992 0.000075 -40.671324 0.000000 -0.000001 0.000002 -21.000042 0.000074 0.000002 0.000000 0.000000 -6.500001 -3.255157 -11.802600 -0.000001 0.000000 -0.000000 -9.719194 -0.000027 -5.185906 20.210117 -0.000001 -0.000000 -0.000001 -20.000000 -0.000357 -37.968373 -0.000000 0.000001 0.000000 -20.999943 0.000346 -0.000001 -0.000000 -0.000000 6.498628 -3.255165 10.007556 -0.000000 0.000000 -0.000000 9.737182 -0.000006 5.180937 26.931002 0.000000 -0.000000 -0.000001 -19.993601 -0.505196 -44.800474 -0.000000 -0.000000 -0.000001 -20.999958 0.017209 -0.000001 0.000000 0.000000 6.500279 -3.255188 -11.808105 -0.000000 0.000000 -0.000000 9.735531 -0.000003 -5.180396 21.896067 0.000000 -0.000000 0.000000 -20.000004 -0.000086 -50.428342 0.000000 -0.000000 -0.000001 -20.999992 0.000101 0.000002 0.000000 -0.000000 
-2.573863 96.661804 19.161552 0.441263 0.000000 -0.000000 0.000000 0.000000 0.000001 -0.000000 0.000000 -0.000000 -6.500005 -3.255150 10.015762 -0.000000 0.000000 -0.000000 -9.719192 -0.000008 5.172733 8.738103 -0.000000 0.000001 0.000003 -19.999979 0.000080 -40.383603 0.000000 -0.000001 -0.000002 -21.000042 0.000067 0.000003 -0.000000 -0.000000 -6.500001 -3.255150 -11.802597 -0.000001 0.000000 -0.000000 -9.719196 -0.000023 -5.185904 21.072588 -0.000001 -0.000000 -0.000001 -20.000004 -0.000349 -38.276445 -0.000000 0.000001 0.000000 -20.999943 0.000345 0.000000 -0.000000 -0.000000 6.498628 -3.255157 10.007559 -0.000000 0.000000 -0.000000 9.737182 -0.000008 5.180934 28.193187 0.000001 -0.000000 -0.000001 -19.993622 -0.505184 -48.012463 -0.000000 -0.000000 0.000000 -20.999954 0.017213 0.000001 0.000000 0.000000 6.500279 -3.255173 -11.808103 -0.000000 0.000000 -0.000000 9.735531 0.000002 -5.180398 20.480382 0.000000 -0.000000 -0.000001 -19.999994 -0.000088 -51.043947 0.000000 -0.000000 -0.000001 -20.999977 0.000104 -0.000003 0.000000 -0.000000 
-2.573863 96.560944 19.792622 0.684852 0.000000 -0.000000 0.000000 0.000008 0.000000 -0.000000 0.000000 -0.000000 -6.500005 -3.255150 10.015763 -0.000000 0.000000 -0.000000 -9.719192 -0.000007 5.172735 8.770152 -0.000000 0.000000 0.000003 -19.999973 0.000072 -40.223527 0.000000 -0.000001 0.000002 -21.000050 0.000075 0.000003 -0.000000 -0.000000 -6.500001 -3.255142 -11.802599 -0.000001 0.000000 -0.000000 -9.719196 -0.000019 -5.185908 21.758855 -0.000001 -0.000000 -0.000001 -19.999992 -0.000354 -38.305012 -0.000000 0.000001 0.000000 -20.999935 0.000346 -0.000001 0.000000 -0.000000 6.498628 -3.255150 10.007557 -0.000000 0.000000 -0.000000 9.737182 -0.000010 5.180930 29.292001 0.000000 -0.000000 -0.000002 -19.993612 -0.505188 -51.138579 0.000000 -0.000000 -0.000002 -20.999947 0.017218 -0.000001 -0.000000 -0.000000 6.500279 -3.255180 -11.808105 -0.000000 0.000000 -0.000000 9.735531 0.000008 -5.180394 18.841739 0.000000 -0.000000 -0.000001 -19.999996 -0.000081 -51.308999 0.000000 -0.000000 0.000000 -20.999977 0.000107 0.000001 0.000000 -0.000000 
-2.573863 96.480133 20.423695 0.914433 0.000000 -0.000000 0.000000 0.000008 -0.000001 -0.000000 0.000000 -0.000000 -6.500005 -3.255142 10.015764 0.000000 0.000000 -0.000000 -9.719192 -0.000013 5.172735 9.000373 0.000000 0.000000 0.000001 -19.999969 0.000068 -40.232860 0.000000 -0.000001 0.000000 -21.000038 0.000077 0.000002 -0.000000 -0.000000 -6.500001 -3.255142 -11.802599 -0.000001 0.000000 -0.000000 -9.719196 -0.000019 -5.185904 22.343699 -0.000001 -0.000000 0.000001 -20.000004 -0.000349 -38.109522 -0.000000 0.000001 0.000000 -20.999935 0.000348 0.000000 -0.000000 -0.000000 6.498628 -3.255150 10.007557 0.000000 0.000000 -0.000000 9.737182 -0.000030 5.180931 30.185902 0.000000 -0.000000 -0.000002 -19.993608 -0.505197 -54.041133 0.000000 -0.000000 -0.000001 -20.999950 0.017207 -0.000001 0.000000 -0.000000 6.500279 -3.255173 -11.808105 0.000000 0.000000 -0.000000 9.735531 0.000000 -5.180398 17.070092 0.000000 -0.000000 0.000000 -20.000004 -0.000085 -51.224691 0.000000 -0.000000 0.000000 -20.999981 0.000101 0.000001 0.000000 -0.000000 
-2.573863 96.424957 21.054768 1.080585 0.000000 -0.000000 -0.000000 0.000000 -0.000001 -0.000000 0.000000 -0.000000 -6.500005 -3.255150 10.015760 -0.000000 0.000000 -0.000000 -9.719192 -0.000000 5.172729 9.492778 0.000000 0.000000 0.000003 -19.999979 0.000074 -40.471586 0.000000 -0.000001 0.000002 -21.000038 0.000074 -0.000000 -0.000000 -0.000000 -6.500001 -3.255150 -11.802600 -0.000001 0.000000 -0.000000 -9.719196 -0.000020 -5.185902 22.920996 -0.000001 -0.000000 0.000001 -20.000004 -0.000356 -37.769679 -0.000000 0.000001 0.000000 -20.999943 0.000348 0.000000 0.000000 -0.000000 6.498628 -3.255157 10.007556 -0.000000 0.000000 -0.000000 9.737182 -0.000005 5.180936 30.805605 -0.000000 0.000000 -0.000002 -19.993603 -0.505186 -56.492054 0.000000 -0.000000 -0.000002 -20.999947 0.017211 -0.000003 0.000000 0.000000 6.500279 -3.255173 -11.808105 -0.000000 0.000000 -0.000000 9.735531 -0.000001 -5.180398 15.240075 0.000000 -0.000000 0.000000 -20.000000 -0.000089 -50.852889 0.000000 -0.000000 0.000000 -20.999977 0.000098 -0.000001 0.000000 -0.000000 
-2.573863 96.398750 21.685841 1.182148 0.000000 -0.000000 0.000000 0.000000 -0.000001 -0.000000 0.000000 -0.000000 -6.500005 -3.255150 10.015763 -0.000000 0.000000 -0.000000 -9.719192 -0.000004 5.172730 10.257986 0.000000 0.000000 0.000001 -19.999983 0.000072 -40.855432 0.000000 -0.000001 0.000002 -21.000042 0.000074 0.000002 -0.000000 0.000000 -6.500001 -3.255142 -11.802599 -0.000001 0.000000 -0.000000 -9.719194 -0.000035 -5.185902 23.472046 -0.000001 -0.000000 -0.000001 -20.000010 -0.000357 -37.249960 -0.000000 0.000001 0.000000 -20.999950 0.000347 -0.000000 -0.000000 -0.000000 6.498628 -3.255157 10.007556 -0.000000 0.000000 -0.000000 9.737182 -0.000010 5.180930 31.140031 -0.000001 0.000000 -0.000003 -19.993622 -0.505191 -58.520651 -0.000000 -0.000000 -0.000001 -20.999950 0.017215 0.000001 0.000000 0.000000 6.500279 -3.255173 -11.808105 -0.000000 0.000000 -0.000000 9.735531 -0.000009 -5.180394 13.435215 0.000000 -0.000000 0.000000 -20.000000 -0.000083 -50.045230 0.000000 -0.000000 -0.000001 -20.999985 0.000104 -0.000001 0.000000 -0.000000 
-2.573863 96.408676 22.316910 1.186447 0.000000 -0.000000 -0.000000 0.000000 -0.000000 -0.000000 0.000000 -0.000000 -6.500005 -3.255150 10.015762 -0.000000 0.000000 -0.000000 -9.719192 -0.000006 5.172736 11.442289 -0.000000 0.000000 0.000003 -19.999973 0.000076 -41.424503 0.000000 -0.000001 0.000002 -21.000034 0.000078 0.000002 0.000000 0.000000 -6.500001 -3.255157 -11.802598 -0.000001 0.000000 -0.000000 -9.719196 -0.000024 -5.185902 24.041405 -0.000001 0.000000 -0.000001 -19.999998 -0.000360 -36.570452 -0.000000 0.000001 -0.000000 -20.999950 0.000348 0.000000 0.000000 -0.000000 6.498628 -3.255157 10.007558 -0.000000 0.000000 -0.000000 9.737182 -0.000011 5.180930 31.143467 -0.000000 0.000000 -0.000001 -19.993610 -0.505194 -60.038073 0.000000 -0.000000 -0.000001 -20.999947 0.017214 -0.000001 -0.000000 -0.000000 6.500278 -3.255188 -11.808103 -0.000000 0.000000 -0.000000 9.735531 0.000007 -5.180396 11.811110 0.000000 -0.000000 0.000001 -20.000008 -0.000091 -48.674759 0.000000 -0.000000 -0.000001 -20.999981 0.000102 -0.000001 -0.000000 -0.000000 
-2.573863 96.448814 22.947983 1.138615 0.000000 -0.000000 0.000000 0.000000 0.000001 -0.000000 0.000000 -0.000000 -6.500005 -3.255157 10.015763 -0.000000 0.000000 -0.000000 -9.719192 -0.000009 5.172730 12.702690 -0.000000 0.000001 0.000003 -19.999989 0.000070 -41.865730 0.000000 -0.000001 0.000002 -21.000042 0.000069 -0.000002 -0.000000 -0.000000 -6.500001 -3.255150 -11.802596 -0.000001 0.000000 -0.000000 -9.719196 -0.000028 -5.185904 24.533150 -0.000001 -0.000000 0.000001 -20.000002 -0.000357 -35.644100 -0.000000 0.000000 0.000000 -20.999947 0.000348 -0.000000 -0.000000 -0.000000 6.498628 -3.255165 10.007558 -0.000000 0.000000 -0.000000 9.737182 -0.000002 5.180928 30.850503 0.000000 -0.000000 -0.000001 -19.993610 -0.505195 -61.171031 0.000000 -0.000000 -0.000002 -20.999950 0.017216 -0.000001 0.000000 -0.000000 6.500279 -3.255188 -11.808103 -0.000000 0.000000 -0.000000 9.735531 0.000008 -5.180398 10.226204 0.000000 -0.000000 0.000000 -20.000011 -0.000090 -46.738844 0.000000 -0.000000 0.000001 -20.999989 0.000098 -0.000001 0.000000 -0.000000 
-2.573863 96.517715 23.579056 1.074651 0.000000 -0.000000 -0.000000 0.000000 0.000002 -0.000000 0.000000 -0.000000 -6.500005 -3.255150 10.015759 -0.000000 0.000000 -0.000000 -9.719192 -0.000016 5.172732 13.701389 -0.000000 0.000001 0.000003 -19.999973 0.000075 -41.819684 0.000000 -0.000001 -0.000002 -21.000034 0.000070 -0.000002 0.000000 0.000000 -6.500000 -3.255150 -11.802600 -0.000000 -0.000000 -0.000000 -9.719196 -0.000021 -5.185904 24.859805 -0.000000 -0.000000 -0.000002 -20.000017 -0.000357 -34.382001 -0.000000 0.000000 -0.000002 -20.999943 0.000346 -0.000000 -0.000000 -0.000000 6.498628 -3.255165 10.007555 -0.000000 0.000000 -0.000000 9.737182 -0.000016 5.180929 30.268000 0.000000 -0.000000 -0.000000 -19.993610 -0.505190 -62.048027 -0.000000 0.000000 0.000000 -20.999947 0.017218 -0.000001 0.000000 -0.000000 6.500279 -3.255188 -11.808106 -0.000000 0.000000 -0.000000 9.735531 0.000019 -5.180396 8.584436 -0.000000 0.000000 -0.000000 -19.999994 -0.000077 -44.137417 -0.000000 0.000000 0.000001 -20.999985 0.000094 -0.000001 -0.000000 -0.000000 
-2.573863 96.609184 24.210129 0.989290 0.000000 -0.000000 0.000000 -0.000000 -0.000002 -0.000000 0.000000 -0.000000 -6.500005 -3.255150 10.015764 -0.000000 0.000000 -0.000000 -9.719192 -0.000006 5.172740 14.569147 0.000000 0.000000 0.000001 -19.999985 0.000077 -41.465587 0.000000 -0.000001 0.000000 -21.000038 0.000070 0.000002 -0.000000 -0.000000 -6.500001 -3.255157 -11.802599 0.000000 0.000000 -0.000000 -9.719196 -0.000015 -5.185902 25.040491 -0.000000 -0.000000 -0.000001 -20.000008 -0.000353 -32.809971 -0.000000 0.000000 0.000002 -20.999939 0.000348 0.000000 -0.000000 -0.000000 6.498628 -3.255157 10.007557 -0.000000 0.000000 -0.000000 9.737182 -0.000010 5.180932 29.433590 0.000001 -0.000000 0.000002 -19.993626 -0.505195 -62.574641 -0.000000 -0.000000 -0.000001 -20.999950 0.017212 0.000002 0.000000 -0.000000 6.500279 -3.255188 -11.808105 -0.000000 0.000000 -0.000000 9.735531 0.000002 -5.180395 6.904937 -0.000001 0.000000 0.000000 -20.000000 -0.000082 -41.035578 0.000000 -0.000000 0.000000 -20.999981 0.000096 -0.000003 0.000000 -0.000000 
-2.573863 96.718201 24.841202 0.887779 0.000000 -0.000000 0.000000 0.000000 0.000001 -0.000000 0.000000 -0.000000 -6.500005 -3.255142 10.015766 -0.000000 0.000000 -0.000000 -9.719193 -0.000009 5.172731 15.320227 0.000000 0.000000 0.000001 -19.999968 0.000065 -40.850829 0.000000 -0.000001 -0.000000 -21.000046 0.000076 -0.000000 0.000000 0.000000 -6.500000 -3.255142 -11.802596 -0.000000 -0.000000 -0.000000 -9.719196 -0.000039 -5.185904 25.073638 -0.000000 -0.000000 0.000001 -20.000000 -0.000350 -30.937905 -0.000000 0.000000 0.000000 -20.999939 0.000348 -0.000000 0.000000 0.000000 6.498628 -3.255157 10.007559 -0.000000 0.000000 -0.000000 9.737182 -0.000011 5.180938 28.371974 0.000000 -0.000000 -0.000002 -19.993587 -0.505200 -62.703076 0.000000 0.000000 0.000000 -20.999950 0.017214 0.000002 -0.000000 -0.000000 6.500279 -3.255173 -11.808103 -0.000000 0.000000 -0.000000 9.735531 -0.000003 -5.180396 5.064054 -0.000001 0.000000 0.000000 -19.999987 -0.000082 -37.418150 -0.000000 -0.000000 0.000000 -20.999977 0.000096 -0.000001 -0.000000 -0.000000 
-2.573863 96.839752 25.472275 0.774593 0.000000 -0.000000 0.000000 0.000000 -0.000001 -0.000000 0.000000 -0.000000 -6.500005 -3.255142 10.015760 -0.000000 0.000000 -0.000000 -9.719193 -0.000005 5.172736 15.966416 0.000000 0.000000 0.000003 -19.999968 0.000076 -40.011371 0.000000 -0.000001 -0.000000 -21.000038 0.000078 -0.000000 -0.000000 0.000000 -6.500001 -3.255150 -11.802599 -0.000001 0.000000 -0.000000 -9.719194 -0.000023 -5.185904 24.933899 -0.000001 -0.000000 0.000001 -19.999992 -0.000360 -28.724736 -0.000000 0.000000 -0.000000 -20.999939 0.000347 -0.000000 0.000000 0.000000 6.498628 -3.255157 10.007557 -0.000000 0.000000 -0.000000 9.737182 -0.000007 5.180926 27.128811 0.000000 -0.000000 -0.000002 -19.993591 -0.505196 -62.421864 0.000000 -0.000000 -0.000001 -20.999947 0.017210 0.000002 0.000000 -0.000000 6.500279 -3.255180 -11.808105 -0.000000 0.000000 -0.000000 9.735531 -0.000006 -5.180398 3.394085 0.000000 -0.000000 -0.000001 -20.000002 -0.000088 -33.725862 0.000000 -0.000000 -0.000002 -20.999989 0.000096 -0.000001 0.000000 -0.000000 
-2.573863 96.968826 26.103344 0.654404 0.000000 -0.000000 0.000000 0.000008 0.000002 -0.000000 0.000000 -0.000000 -6.500005 -3.255150 10.015763 0.000000 0.000000 -0.000000 -9.719193 -0.000008 5.172736 16.518650 0.000000 0.000000 0.000001 -19.999985 0.000068 -38.984459 0.000000 -0.000001 0.000002 -21.000038 0.000074 0.000002 0.000000 0.000000 -6.500001 -3.255142 -11.802598 -0.000001 0.000000 -0.000000 -9.719194 -0.000030 -5.185900 24.585278 -0.000001 0.000000 0.000001 -19.999994 -0.000360 -26.008203 -0.000000 0.000000 -0.000000 -20.999935 0.000347 -0.000000 -0.000000 0.000000 6.498628 -3.255150 10.007561 0.000000 0.000000 -0.000000 9.737182 -0.000024 5.180933 25.753309 -0.000000 0.000000 -0.000001 -19.993599 -0.505184 -61.655503 0.000000 -0.000000 -0.000001 -20.999954 0.017210 0.000001 -0.000000 -0.000000 6.500278 -3.255173 -11.808105 0.000000 0.000000 -0.000000 9.735531 0.000008 -5.180398 2.168950 0.000001 -0.000000 -0.000000 -20.000004 -0.000087 -30.276801 -0.000000 0.000000 -0.000000 -20.999989 0.000098 0.000001 0.000000 0.000000 
-2.573863 97.100410 26.734417 0.531879 0.000000 -0.000000 0.000000 0.000000 0.000001 -0.000000 0.000000 -0.000000 -6.500005 -3.255157 10.015764 -0.000000 0.000000 -0.000000 -9.719193 -0.000010 5.172739 16.993765 0.000000 0.000000 0.000001 -19.999975 0.000069 -37.813696 0.000000 -0.000001 0.000000 -21.000034 0.000078 0.000002 -0.000000 -0.000000 -6.500001 -3.255157 -11.802596 -0.000001 0.000000 -0.000000 -9.719196 -0.000023 -5.185902 24.058250 -0.000001 -0.000000 -0.000000 -20.000000 -0.000359 -23.161733 -0.000000 0.000000 0.000000 -20.999939 0.000347 0.000000 -0.000000 -0.000000 6.498628 -3.255165 10.007562 -0.000000 0.000000 -0.000000 9.737182 -0.000019 5.180927 24.259427 0.000000 -0.000000 -0.000001 -19.993618 -0.505192 -60.548432 0.000000 -0.000000 -0.000002 -20.999954 0.017203 -0.000001 0.000000 -0.000000 6.500279 -3.255196 -11.808102 -0.000000 0.000000 -0.000000 9.735531 0.000007 -5.180399 1.440111 0.000001 -0.000000 -0.000001 -19.999992 -0.000079 -27.423708 0.000000 0.000000 -0.000000 -20.999989 0.000102 0.000001 0.000000 0.000000 
-2.573863 97.229477 27.365490 0.411690 0.000000 -0.000000 -0.000000 0.000000 0.000000 -0.000000 0.000000 -0.000000 -6.500005 -3.255157 10.015765 -0.000000 0.000000 -0.000000 -9.719192 -0.000013 5.172727 17.404053 0.000000 0.000000 0.000001 -19.999964 0.000073 -36.536348 0.000000 -0.000001 -0.000000 -21.000038 0.000082 0.000002 0.000000 0.000000 -6.500001 -3.255150 -11.802599 -0.000001 0.000000 -0.000000 -9.719196 -0.000023 -5.185900 23.231843 -0.000001 -0.000000 -0.000000 -20.000013 -0.000353 -20.207043 -0.000000 0.000000 -0.000000 -20.999950 0.000347 -0.000000 0.000000 -0.000000 6.498628 -3.255165 10.007560 -0.000000 0.000000 -0.000000 9.737182 -0.000024 5.180936 22.687254 0.000000 -0.000000 -0.000001 -19.993599 -0.505185 -59.245314 0.000000 0.000000 -0.000000 -20.999945 0.017206 -0.000005 0.000000 0.000000 6.500279 -3.255180 -11.808104 -0.000000 0.000000 -0.000000 9.735531 0.000003 -5.180399 1.421704 0.000001 -0.000000 -0.000001 -20.000008 -0.000078 -25.726179 -0.000000 0.000000 -0.000000 -20.999992 0.000100 -0.000001 0.000000 0.000000 
-2.573863 97.351036 27.996563 0.298504 0.000000 -0.000000 0.000000 0.000000 -0.000001 -0.000000 0.000000 -0.000000 -6.500005 -3.255142 10.015765 -0.000000 0.000000 -0.000000 -9.719193 -0.000012 5.172738 17.774031 0.000000 0.000000 0.000003 -19.999989 0.000071 -35.208526 0.000000 -0.000001 -0.000002 -21.000038 0.000070 -0.000000 0.000000 0.000000 -6.500001 -3.255142 -11.802597 -0.000001 0.000000 -0.000000 -9.719196 -0.000024 -5.185898 22.524388 -0.000001 -0.000000 -0.000000 -20.000004 -0.000355 -18.037037 -0.000000 0.000000 0.000000 -20.999943 0.000349 -0.000000 -0.000000 0.000000 6.498628 -3.255157 10.007559 -0.000000 0.000000 -0.000000 9.737182 -0.000017 5.180937 21.007638 0.000001 -0.000000 -0.000001 -19.993616 -0.505192 -57.669794 0.000000 -0.000000 -0.000002 -20.999954 0.017203 -0.000001 -0.000000 -0.000000 6.500279 -3.255180 -11.808102 -0.000000 0.000000 -0.000000 9.735531 0.000013 -5.180398 1.899621 0.000000 -0.000000 -0.000001 -20.000000 -0.000088 -24.881703 0.000000 -0.000000 0.000001 -20.999981 0.000100 -0.000001 0.000000 -0.000000 
-2.573863 97.460052 28.627636 0.196992 0.000000 -0.000000 0.000000 0.000000 -0.000001 -0.000000 0.000000 -0.000000 -6.500005 -3.255165 10.015763 -0.000000 0.000000 -0.000000 -9.719193 -0.000007 5.172733 18.120063 0.000000 0.000000 0.000001 -19.999977 0.000073 -33.872899 0.000000 -0.000001 -0.000000 -21.000038 0.000074 0.000002 0.000000 0.000000 -6.500000 -3.255157 -11.802599 -0.000000 -0.000000 -0.000000 -9.719196 -0.000022 -5.185902 22.370468 -0.000001 -0.000000 -0.000000 -19.999989 -0.000359 -17.706053 -0.000000 0.000000 -0.000000 -20.999939 0.000347 0.000000 0.000000 0.000000 6.498628 -3.255165 10.007557 -0.000000 0.000000 -0.000000 9.737182 -0.000022 5.180934 19.158479 0.000000 0.000000 -0.000002 -19.993603 -0.505188 -55.717289 0.000000 -0.000000 0.000000 -20.999950 0.017203 -0.000003 0.000000 -0.000000 6.500279 -3.255188 -11.808104 -0.000000 0.000000 -0.000000 9.735531 0.000005 -5.180396 2.778008 -0.000001 0.000000 -0.000002 -20.000011 -0.000088 -24.907436 0.000000 0.000000 -0.000001 -20.999973 0.000098 -0.000001 0.000000 -0.000000 
-2.573863 97.551521 29.258709 0.111824 0.000000 -0.000000 -0.000000 0.000000 0.000001 -0.000000 0.000000 -0.000000 -6.500005 -3.255157 10.015762 -0.000000 0.000000 -0.000000 -9.719193 -0.000003 5.172730 18.478896 0.000000 0.000000 0.000001 -19.999973 0.000072 -32.607217 0.000000 -0.000001 0.000002 -21.000038 0.000072 -0.000000 0.000000 0.000000 -6.500001 -3.255157 -11.802596 -0.000000 0.000000 -0.000000 -9.719196 -0.000024 -5.185902 22.600432 -0.000001 -0.000000 -0.000000 -19.999998 -0.000357 -18.751478 -0.000000 0.000000 0.000000 -20.999939 0.000347 0.000000 0.000000 0.000000 6.498628 -3.255165 10.007561 -0.000000 0.000000 -0.000000 9.737182 -0.000019 5.180933 17.278750 -0.000001 0.000000 -0.000002 -19.993608 -0.505200 -53.617190 0.000000 -0.000000 -0.000001 -20.999947 0.017219 -0.000001 -0.000000 -0.000000 6.500279 -3.255188 -11.808103 -0.000000 0.000000 -0.000000 9.735531 -0.000001 -5.180397 3.916244 -0.000001 0.000000 -0.000000 -19.999996 -0.000084 -25.403898 -0.000000 0.000000 0.000000 -20.999977 0.000104 -0.000001 -0.000000 -0.000000 
-2.573863 97.619873 29.889778 0.049415 0.000000 -0.000000 0.000000 0.000000 -0.000002 -0.000000 0.000000 -0.000000 -6.500005 -3.255142 10.015760 -0.000000 0.000000 -0.000000 -9.719193 -0.000006 5.172734 18.872484 0.000000 0.000000 0.000003 -19.999985 0.000077 -31.450333 0.000000 -0.000001 -0.000000 -21.000038 0.000073 -0.000001 0.000000 0.000000 -6.500000 -3.255150 -11.802598 -0.000000 -0.000000 -0.000000 -9.719196 -0.000028 -5.185904 23.312469 -0.000001 -0.000000 -0.000000 -20.000006 -0.000353 -21.312968 -0.000000 0.000000 0.000002 -20.999954 0.000347 -0.000000 0.000000 -0.000000 6.498628 -3.255150 10.007555 -0.000000 0.000000 -0.000000 9.737182 -0.000023 5.180931 15.483639 -0.000000 0.000000 0.000001 -19.993603 -0.505195 -51.563198 0.000000 0.000000 -0.000001 -20.999958 0.017214 0.000001 0.000000 0.000000 6.500279 -3.255173 -11.808105 -0.000000 0.000000 -0.000000 9.735531 0.000003 -5.180400 5.141517 -0.000001 0.000000 -0.000000 -20.000000 -0.000084 -25.936972 0.000000 0.000000 -0.000000 -20.999977 0.000094 -0.000001 0.000000 -0.000000 
-2.573863 97.661736 30.520851 0.009193 0.000000 -0.000000 0.000000 0.000000 -0.000002 -0.000000 0.000000 -0.000000 -6.500005 -3.255157 10.015760 -0.000000 0.000000 -0.000000 -9.719193 -0.000008 5.172736 19.361520 0.000000 0.000000 -0.000001 -19.999985 0.000071 -30.561729 0.000000 -0.000001 0.000002 -21.000038 0.000076 -0.000001 0.000000 0.000000 -6.500001 -3.255150 -11.802599 -0.000001 0.000000 -0.000000 -9.719196 -0.000026 -5.185898 24.137557 -0.000001 -0.000000 0.000001 -20.000002 -0.000357 -24.638138 -0.000000 0.000000 -0.000000 -20.999947 0.000347 -0.000000 0.000000 0.000000 6.498628 -3.255157 10.007559 -0.000000 0.000000 -0.000000 9.737182 -0.000015 5.180935 13.782387 0.000000 -0.000000 -0.000002 -19.993620 -0.505191 -49.557691 0.000000 -0.000000 -0.000001 -20.999954 0.017214 -0.000003 0.000000 -0.000000 6.500279 -3.255180 -11.808105 -0.000000 0.000000 -0.000000 9.735531 0.000006 -5.180396 6.454552 0.000000 -0.000000 0.000000 -19.999998 -0.000088 -26.627662 0.000000 -0.000000 0.000000 -20.999985 0.000102 -0.000001 0.000000 -0.000000 
-2.573863 97.668831 31.151924 -0.001818 0.000000 -0.000000 0.000000 0.000000 -0.000001 -0.000000 0.000000 -0.000000 -6.500005 -3.255142 10.015760 -0.000000 0.000000 -0.000000 -9.719193 -0.000019 5.172735 19.979471 0.000000 0.000000 0.000001 -19.999989 0.000070 -30.079487 0.000000 -0.000001 -0.000000 -21.000046 0.000077 0.000001 0.000000 0.000000 -6.500001 -3.255142 -11.802599 -0.000001 0.000000 -0.000000 -9.719196 -0.000023 -5.185902 24.707484 -0.000001 -0.000000 0.000001 -20.000006 -0.000360 -28.059426 -0.000000 0.000000 0.000002 -20.999947 0.000347 0.000000 0.000000 0.000000 6.498628 -3.255150 10.007559 -0.000000 0.000000 -0.000000 9.737182 -0.000013 5.180935 12.227564 0.000000 -0.000000 -0.000001 -19.993610 -0.505196 -47.668372 -0.000000 -0.000000 -0.000002 -20.999950 0.017222 -0.000001 -0.000000 -0.000000 6.500279 -3.255173 -11.808105 -0.000000 0.000000 -0.000000 9.735531 -0.000000 -5.180399 7.792154 0.000001 -0.000000 -0.000001 -20.000000 -0.000088 -27.463176 -0.000000 -0.000000 -0.000001 -21.000000 0.000100 -0.000001 -0.000000 -0.000000 
-2.573863 97.650284 31.782997 -0.000000 0.000000 -0.000000 0.000000 0.000000 0.000001 -0.000000 0.000000 -0.000000 -6.500005 -3.255150 10.015763 -0.000000 0.000000 -0.000000 -9.719193 -0.000010 5.172734 20.829982 0.000000 0.000000 0.000001 -19.999973 0.000077 -30.106682 0.000000 -0.000001 -0.000002 -21.000046 0.000073 0.000001 0.000000 0.000000 -6.500001 -3.255150 -11.802596 -0.000001 0.000000 -0.000000 -9.719196 -0.000029 -5.185902 25.118161 -0.000001 -0.000000 -0.000001 -20.000000 -0.000358 -31.461962 -0.000000 0.000000 0.000002 -20.999939 0.000346 -0.000000 0.000000 0.000000 6.498628 -3.255157 10.007562 -0.000000 0.000000 -0.000000 9.737182 -0.000017 5.180936 10.804343 0.000000 -0.000000 -0.000001 -19.993608 -0.505192 -45.893069 0.000000 -0.000000 0.000000 -20.999958 0.017222 0.000001 0.000000 -0.000000 6.500279 -3.255180 -11.808103 -0.000000 0.000000 -0.000000 9.735531 0.000008 -5.180398 9.173277 0.000001 -0.000000 -0.000001 -19.999998 -0.000086 -28.410701 -0.000000 -0.000000 0.000000 -20.999977 0.000100 -0.000001 0.000000 -0.000000 
-2.573863 97.609268 32.414066 -0.000575 0.000000 -0.000000 0.000000 0.000000 -0.000001 -0.000000 0.000000 -0.000000 -6.500005 -3.255150 10.015763 -0.000000 0.000000 -0.000000 -9.719193 -0.000015 5.172736 22.125658 0.000000 0.000000 -0.000001 -19.999983 0.000069 -30.960021 0.000000 -0.000001 -0.000000 -21.000050 0.000079 0.000001 0.000000 0.000000 -6.500000 -3.255150 -11.802598 -0.000000 -0.000000 -0.000000 -9.719196 -0.000018 -5.185904 25.341293 -0.000001 -0.000000 0.000001 -20.000004 -0.000351 -34.478549 -0.000000 0.000000 -0.000000 -20.999943 0.000348 -0.000000 0.000000 0.000000 6.498628 -3.255157 10.007558 -0.000000 0.000000 -0.000000 9.737182 -0.000020 5.180938 9.529523 -0.000000 0.000000 0.000000 -19.993591 -0.505189 -44.278047 -0.000000 -0.000000 -0.000000 -20.999947 0.017211 0.000001 -0.000000 0.000000 6.500279 -3.255180 -11.808105 -0.000000 0.000000 -0.000000 9.735531 0.000000 -5.180396 10.615959 0.000001 -0.000000 0.000000 -19.999996 -0.000083 -29.470805 -0.000000 0.000000 -0.000000 -20.999981 0.000105 -0.000001 0.000000 0.000000 
-2.573863 97.555466 33.045139 -0.000000 0.000000 -0.000000 0.000000 0.000000 0.000001 -0.000000 0.000000 -0.000000 -6.500005 -3.255150 10.015763 -0.000000 0.000000 -0.000000 -9.719193 -0.000013 5.172735 23.573177 0.000000 0.000000 0.000001 -19.999975 0.000070 -32.136685 0.000000 -0.000001 0.000000 -21.000046 0.000069 -0.000000 -0.000000 -0.000000 -6.500001 -3.255150 -11.802596 -0.000000 0.000000 -0.000000 -9.719196 -0.000024 -5.185906 25.381246 -0.000001 -0.000000 -0.000001 -19.999990 -0.000357 -37.198518 -0.000000 0.000001 -0.000002 -20.999943 0.000346 0.000000 -0.000000 -0.000000 6.498628 -3.255157 10.007558 -0.000000 0.000000 -0.000000 9.737182 -0.000014 5.180937 8.360777 -0.000001 0.000000 -0.000002 -19.993614 -0.505194 -42.745595 -0.000000 0.000000 -0.000001 -20.999947 0.017222 -0.000003 0.000000 -0.000000 6.500279 -3.255180 -11.808103 -0.000000 0.000000 -0.000000 9.735531 0.000008 -5.180396 12.059755 0.000000 -0.000000 0.000000 -20.000011 -0.000083 -30.530621 0.000000 -0.000000 0.000000 -20.999977 0.000100 -0.000001 0.000000 -0.000000 
-2.573863 97.496964 33.676212 -0.000000 0.000000 -0.000000 0.000000 0.000000 0.000001 -0.000000 0.000000 -0.000000 -6.500005 -3.255150 10.015763 -0.000000 0.000000 -0.000000 -9.719193 -0.000006 5.172737 25.004231 0.000000 0.000000 -0.000001 -19.999983 0.000065 -33.271562 0.000000 -0.000001 0.000002 -21.000038 0.000072 -0.000000 -0.000000 -0.000000 -6.500000 -3.255150 -11.802596 -0.000000 -0.000000 -0.000000 -9.719196 -0.000021 -5.185902 25.236174 -0.000001 -0.000000 -0.000001 -20.000000 -0.000360 -39.593418 -0.000000 0.000001 -0.000000 -20.999943 0.000349 0.000000 0.000000 0.000000 6.498628 -3.255157 10.007558 -0.000000 0.000000 -0.000000 9.737182 -0.000017 5.180937 7.247919 -0.000001 0.000000 -0.000001 -19.993610 -0.505198 -41.235389 -0.000000 -0.000000 -0.000001 -20.999950 0.017224 0.000002 -0.000000 -0.000000 6.500279 -3.255180 -11.808103 -0.000000 0.000000 -0.000000 9.735531 0.000004 -5.180396 13.461766 -0.000001 0.000000 -0.000001 -20.000008 -0.000086 -31.498978 0.000000 0.000000 -0.000001 -20.999989 0.000096 0.000001 0.000000 -0.000000 
-2.573863 97.441681 34.307285 -0.000000 0.000000 -0.000000 0.000000 0.000000 0.000001 -0.000000 0.000000 -0.000000 -6.500005 -3.255150 10.015763 -0.000000 0.000000 -0.000000 -9.719193 -0.000007 5.172738 26.256521 0.000000 0.000000 0.000001 -19.999983 0.000076 -34.268292 0.000000 -0.000001 0.000000 -21.000042 0.000077 0.000001 -0.000000 -0.000000 -6.500001 -3.255150 -11.802596 -0.000001 0.000000 -0.000000 -9.719196 -0.000025 -5.185902 24.896367 -0.000001 -0.000000 -0.000001 -20.000008 -0.000353 -41.649203 -0.000000 0.000001 0.000000 -20.999947 0.000345 0.000000 -0.000000 -0.000000 6.498628 -3.255157 10.007558 -0.000000 0.000000 -0.000000 9.737182 -0.000017 5.180938 6.231376 -0.000001 0.000000 -0.000001 -19.993610 -0.505198 -39.741534 0.000000 -0.000000 -0.000002 -20.999954 0.017220 0.000002 0.000000 0.000000 6.500279 -3.255180 -11.808103 -0.000000 0.000000 -0.000000 9.735531 0.000003 -5.180398 14.787390 -0.000001 0.000000 0.000001 -19.999985 -0.000082 -32.311347 -0.000000 0.000000 0.000001 -20.999973 0.000102 -0.000001 0.000000 -0.000000 
-2.573863 97.411400 34.938354 -0.013814 0.000000 -0.000000 0.000000 0.000008 -0.000001 -0.000000 0.000000 -0.000000 -6.500005 -3.255150 10.015763 -0.000000 0.000000 -0.000000 -9.719192 -0.000007 5.172737 26.863554 -0.000000 0.000000 -0.000003 -19.999981 0.000072 -34.434423 0.000000 -0.000001 0.000002 -21.000038 0.000073 0.000001 0.000000 0.000000 -6.500001 -3.255150 -11.802597 -0.000001 0.000000 -0.000000 -9.719196 -0.000014 -5.185904 24.336283 -0.000001 -0.000000 0.000003 -20.000011 -0.000357 -43.285040 -0.000000 0.000001 -0.000002 -20.999935 0.000347 0.000000 0.000000 0.000000 6.498628 -3.255157 10.007562 -0.000000 0.000000 -0.000000 9.737182 -0.000018 5.180937 5.349563 -0.000000 0.000000 0.000000 -19.993603 -0.505191 -38.201077 0.000000 -0.000000 -0.000002 -20.999950 0.017226 -0.000001 0.000000 -0.000000 6.500279 -3.255180 -11.808104 -0.000000 0.000000 -0.000000 9.735531 0.000004 -5.180396 15.965516 -0.000001 0.000000 0.000001 -19.999996 -0.000084 -32.801314 -0.000000 -0.000000 -0.000000 -20.999985 0.000102 -0.000001 0.000000 -0.000000 
-2.573863 97.372627 35.569427 -0.000000 0.000000 -0.000000 0.000000 0.000000 0.000001 -0.000000 0.000000 -0.000000 -6.500005 -3.255150 10.015763 -0.000000 0.000000 -0.000000 -9.719192 -0.000020 5.172737 27.569644 -0.000000 0.000000 -0.000003 -19.999985 0.000076 -35.193035 0.000000 -0.000001 -0.000002 -21.000042 0.000078 0.000001 -0.000000 -0.000000 -6.500001 -3.255150 -11.802596 -0.000001 0.000000 -0.000000 -9.719196 -0.000028 -5.185900 23.601527 -0.000001 -0.000000 0.000003 -20.000006 -0.000357 -44.672750 -0.000000 0.000001 0.000002 -20.999950 0.000348 0.000000 0.000000 -0.000000 6.498628 -3.255157 10.007562 -0.000000 0.000000 -0.000000 9.737182 -0.000022 5.180937 4.558337 0.000000 -0.000000 -0.000002 -19.993610 -0.505192 -36.724797 0.000000 -0.000000 -0.000001 -20.999947 0.017216 0.000002 0.000000 -0.000000 6.500279 -3.255180 -11.808103 -0.000000 0.000000 -0.000000 9.735531 0.000006 -5.180396 17.062803 0.000000 -0.000000 -0.000001 -20.000000 -0.000090 -33.183306 0.000000 -0.000000 0.000000 -20.999992 0.000096 0.000001 0.000000 -0.000000 
-2.573863 97.301308 36.200500 0.081521 0.000000 -0.000000 0.000000 0.000000 -0.000001 -0.000000 0.000000 -0.000000 -6.500005 -3.255150 10.015763 -0.000000 0.000000 -0.000000 -9.719192 -0.000002 5.172734 29.168675 -0.000000 0.000001 -0.000003 -19.999981 0.000076 -38.213341 0.000000 -0.000001 -0.000004 -21.000034 0.000072 -0.000000 -0.000000 -0.000000 -6.500000 -3.255150 -11.802600 -0.000000 -0.000000 -0.000000 -9.719196 -0.000028 -5.185902 22.718177 -0.000001 -0.000000 0.000001 -20.000004 -0.000352 -45.941048 -0.000000 0.000001 -0.000000 -20.999943 0.000348 0.000000 0.000000 0.000000 6.498628 -3.255157 10.007558 -0.000000 0.000000 -0.000000 9.737182 -0.000016 5.180932 3.786943 0.000001 -0.000000 -0.000002 -19.993595 -0.505191 -35.305098 0.000000 0.000000 -0.000003 -20.999954 0.017221 0.000002 -0.000000 -0.000000 6.500279 -3.255180 -11.808105 -0.000000 0.000000 -0.000000 9.735531 0.000001 -5.180398 18.105629 0.000001 -0.000000 -0.000001 -19.999994 -0.000092 -33.589877 -0.000000 0.000000 0.000002 -20.999977 0.000104 -0.000001 0.000000 0.000000 
-2.573863 97.190971 36.831573 0.221020 0.000000 -0.000000 0.000000 0.000000 0.000000 -0.000000 0.000000 -0.000000 -6.500005 -3.255157 10.015765 -0.000000 0.000000 -0.000000 -9.719192 0.000001 5.172736 31.045498 -0.000000 0.000001 -0.000001 -19.999992 0.000080 -42.064454 0.000000 -0.000001 -0.000000 -21.000042 0.000074 0.000001 0.000000 0.000000 -6.500001 -3.255150 -11.802596 -0.000000 0.000000 -0.000000 -9.719196 -0.000022 -5.185904 21.719334 -0.000001 -0.000000 0.000003 -20.000008 -0.000355 -47.138202 -0.000000 0.000001 -0.000000 -20.999947 0.000346 0.000000 0.000000 0.000000 6.498628 -3.255165 10.007560 -0.000000 0.000000 -0.000000 9.737182 -0.000010 5.180933 3.153605 0.000001 -0.000000 -0.000002 -19.993603 -0.505190 -34.234189 -0.000000 0.000000 -0.000001 -20.999950 0.017209 0.000001 -0.000000 -0.000000 6.500279 -3.255188 -11.808103 -0.000000 0.000000 -0.000000 9.735531 0.000002 -5.180396 19.143731 0.000001 -0.000000 -0.000000 -19.999992 -0.000088 -34.100232 -0.000000 0.000000 0.000000 -20.999985 0.000100 -0.000000 -0.000000 0.000000 
-2.573863 97.009949 37.462646 0.441263 0.000000 -0.000000 0.000000 0.000000 -0.000000 -0.000000 0.000000 -0.000000 -6.500005 -3.255150 10.015763 -0.000000 0.000000 -0.000000 -9.719192 -0.000012 5.172741 32.842589 -0.000000 0.000001 0.000001 -19.999989 0.000075 -45.852716 0.000000 -0.000001 0.000000 -21.000034 0.000073 -0.000001 0.000000 0.000000 -6.500000 -3.255157 -11.802595 -0.000000 -0.000000 -0.000000 -9.719198 -0.000017 -5.185902 20.665642 -0.000001 -0.000000 0.000001 -20.000006 -0.000353 -48.437099 -0.000000 0.000001 0.000000 -20.999943 0.000355 -0.000001 0.000000 -0.000000 6.498628 -3.255157 10.007561 -0.000000 0.000000 -0.000000 9.737182 -0.000022 5.180935 2.760057 0.000000 -0.000000 -0.000003 -19.993610 -0.505191 -33.888967 0.000000 0.000000 -0.000001 -20.999947 0.017207 0.000002 0.000000 0.000000 6.500279 -3.255180 -11.808102 -0.000000 0.000000 -0.000000 9.735531 0.000005 -5.180394 20.270306 0.000000 -0.000000 0.000000 -19.999989 -0.000084 -34.945396 -0.000000 0.000000 0.000000 -20.999985 0.000100 0.000001 -0.000000 0.000000 
-2.573863 96.809746 38.093716 0.684852 0.000000 -0.000000 0.000000 0.000008 0.000000 -0.000000 0.000000 -0.000000 -6.500005 -3.255150 10.015765 -0.000000 0.000000 -0.000000 -9.719192 -0.000022 5.172737 34.580981 0.000000 0.000001 -0.000002 -19.999987 0.000076 -49.635705 0.000000 -0.000001 -0.000000 -21.000031 0.000072 -0.000000 0.000000 0.000000 -6.500001 -3.255150 -11.802596 -0.000001 0.000000 -0.000000 -9.719196 -0.000009 -5.185900 19.500497 -0.000001 -0.000000 0.000001 -20.000002 -0.000363 -49.592586 -0.000000 0.000001 -0.000000 -20.999943 0.000346 0.000000 0.000000 0.000000 6.498628 -3.255157 10.007563 -0.000000 0.000000 -0.000000 9.737182 -0.000027 5.180938 2.585010 0.000000 -0.000000 -0.000002 -19.993610 -0.505191 -34.007604 0.000000 -0.000000 0.000000 -20.999947 0.017197 0.000001 0.000000 -0.000000 6.500279 -3.255188 -11.808102 -0.000000 0.000000 -0.000000 9.735531 0.000008 -5.180398 21.381393 0.000000 -0.000000 0.000000 -20.000008 -0.000082 -35.802667 0.000000 -0.000000 0.000000 -20.999981 0.000101 -0.000000 0.000000 -0.000000 
-2.573863 96.622345 38.724789 0.913143 0.000000 -0.000000 0.000000 -0.000000 0.000002 -0.000000 0.000000 -0.000000 -6.500005 -3.255142 10.015765 -0.000000 0.000000 -0.000000 -9.719192 -0.000012 5.172739 36.218891 0.000000 0.000001 -0.000001 -19.999977 0.000084 -53.282838 0.000000 -0.000001 0.000002 -21.000038 0.000074 -0.000002 -0.000000 -0.000000 -6.500001 -3.255150 -11.802596 -0.000001 0.000000 -0.000000 -9.719196 -0.000021 -5.185906 18.180907 -0.000001 -0.000000 0.000001 -19.999998 -0.000358 -50.462032 -0.000000 0.000001 0.000000 -20.999943 0.000347 0.000002 -0.000000 -0.000000 6.498628 -3.255150 10.007562 -0.000000 0.000000 -0.000000 9.737182 -0.000027 5.180933 2.610946 0.000000 -0.000000 -0.000002 -19.993612 -0.505197 -34.502987 -0.000000 -0.000000 -0.000002 -20.999950 0.017216 0.000001 -0.000000 -0.000000 6.500279 -3.255180 -11.808100 -0.000000 0.000000 -0.000000 9.735531 0.000003 -5.180396 22.417832 -0.000000 0.000000 0.000001 -19.999992 -0.000088 -36.472008 -0.000000 0.000000 0.000000 -20.999989 0.000098 -0.000000 -0.000000 0.000000 
-2.573863 96.474579 39.355862 1.092651 0.000000 -0.000000 0.000000 0.000000 -0.000000 -0.000000 0.000000 -0.000000 -6.500005 -3.255150 10.015761 -0.000000 0.000000 -0.000000 -9.719192 -0.000023 5.172732 37.587265 0.000000 0.000001 -0.000002 -19.999971 0.000071 -56.465048 0.000001 -0.000001 -0.000000 -21.000046 0.000067 -0.000000 0.000000 0.000000 -6.500001 -3.255150 -11.802597 -0.000001 0.000000 -0.000000 -9.719196 -0.000034 -5.185908 16.726723 -0.000001 -0.000000 0.000003 -20.000000 -0.000361 -50.910806 -0.000000 0.000001 0.000000 -20.999950 0.000345 0.000000 -0.000000 -0.000000 6.498628 -3.255157 10.007561 -0.000000 0.000000 -0.000000 9.737182 -0.000011 5.180936 2.928270 0.000001 -0.000000 -0.000001 -19.993599 -0.505192 -35.227879 0.000000 0.000000 0.000000 -20.999950 0.017220 -0.000001 0.000000 -0.000000 6.500279 -3.255180 -11.808104 -0.000000 0.000000 -0.000000 9.735531 -0.000007 -5.180390 23.338509 0.000000 -0.000000 0.000000 -19.999992 -0.000087 -36.816325 0.000000 -0.000000 -0.000001 -20.999981 0.000102 -0.000000 0.000000 -0.000000 
-2.573863 96.413139 39.986935 1.167724 0.000000 -0.000000 0.000000 0.000008 0.000001 -0.000000 0.000000 -0.000000 -6.500005 -3.255157 10.015763 -0.000000 0.000000 -0.000000 -9.719192 -0.000003 5.172739 38.453688 0.000000 0.000001 0.000002 -19.999975 0.000080 -58.704793 0.000001 -0.000001 -0.000000 -21.000038 0.000070 0.000002 0.000000 0.000000 -6.500001 -3.255157 -11.802598 -0.000001 0.000000 -0.000000 -9.719196 -0.000032 -5.185904 15.102527 -0.000001 -0.000000 0.000001 -20.000004 -0.000368 -50.760067 -0.000000 0.000001 0.000002 -20.999954 0.000344 -0.000001 -0.000000 -0.000000 6.498628 -3.255165 10.007558 -0.000000 0.000000 -0.000000 9.737182 -0.000019 5.180937 3.699317 0.000000 -0.000000 -0.000003 -19.993616 -0.505194 -36.086522 -0.000000 -0.000000 -0.000002 -20.999947 0.017220 0.000001 -0.000000 -0.000000 6.500279 -3.255188 -11.808105 -0.000000 0.000000 -0.000000 9.735531 -0.000003 -5.180394 24.067193 0.000000 -0.000000 0.000000 -19.999996 -0.000083 -36.581957 -0.000000 -0.000000 -0.000000 -20.999973 0.000103 -0.000000 0.000000 0.000000 
-2.573863 96.410553 40.618011 1.166216 0.000000 -0.000000 0.000000 0.000008 0.000001 -0.000000 0.000000 -0.000000 -6.500005 -3.255150 10.015765 -0.000000 0.000000 -0.000000 -9.719192 0.000001 5.172734 38.966472 0.000000 0.000001 -0.000000 -19.999990 0.000064 -60.316970 0.000001 -0.000001 -0.000000 -21.000034 0.000074 0.000002 0.000000 0.000000 -6.500001 -3.255142 -11.802597 -0.000001 0.000000 -0.000000 -9.719196 -0.000025 -5.185904 13.431146 -0.000001 -0.000000 0.000001 -20.000006 -0.000365 -50.000000 -0.000000 0.000001 -0.000000 -20.999943 0.000348 -0.000001 0.000000 0.000000 6.498628 -3.255157 10.007557 -0.000000 0.000000 -0.000000 9.737182 -0.000001 5.180939 4.690790 0.000000 -0.000000 0.000000 -19.993612 -0.505186 -36.837461 0.000000 -0.000000 -0.000001 -20.999947 0.017220 -0.000001 0.000000 -0.000000 6.500279 -3.255180 -11.808101 -0.000000 0.000000 -0.000000 9.735531 0.000021 -5.180396 24.650088 0.000001 -0.000000 -0.000001 -20.000000 -0.000083 -35.918486 -0.000000 0.000000 -0.000001 -20.999989 0.000105 0.000001 -0.000000 0.000000 
-2.573863 96.460655 41.249077 1.087903 0.000000 -0.000000 0.000000 0.000008 0.000002 -0.000000 0.000000 -0.000000 -6.500005 -3.255150 10.015767 -0.000000 0.000000 -0.000000 -9.719192 0.000002 5.172733 39.181298 0.000000 0.000001 -0.000000 -19.999979 0.000066 -61.413441 0.000001 -0.000001 -0.000002 -21.000038 0.000076 -0.000000 -0.000000 -0.000000 -6.500001 -3.255150 -11.802595 -0.000001 0.000000 -0.000000 -9.719196 -0.000012 -5.185904 11.849213 -0.000001 -0.000000 0.000001 -19.999987 -0.000358 -48.527784 -0.000000 0.000001 -0.000000 -20.999947 0.000340 -0.000001 0.000000 0.000000 6.498628 -3.255157 10.007564 -0.000000 0.000000 -0.000000 9.737182 -0.000013 5.180935 5.741518 0.000000 0.000000 -0.000001 -19.993616 -0.505190 -37.164699 -0.000000 -0.000000 -0.000002 -20.999947 0.017218 -0.000001 -0.000000 0.000000 6.500279 -3.255180 -11.808099 -0.000000 0.000000 -0.000000 9.735531 -0.000001 -5.180394 25.110412 0.000000 -0.000000 0.000000 -19.999994 -0.000091 -34.876274 0.000000 -0.000000 -0.000001 -20.999981 0.000102 0.000001 -0.000000 -0.000000 
-2.573863 96.546158 41.880150 0.961359 0.000000 -0.000000 0.000000 0.000000 0.000002 -0.000000 0.000000 -0.000000 -6.500005 -3.255150 10.015761 0.000000 0.000000 -0.000000 -9.719192 -0.000010 5.172740 39.143602 0.000000 0.000001 -0.000000 -19.999979 0.000074 -62.125857 0.000001 -0.000001 -0.000000 -21.000034 0.000070 -0.000000 -0.000000 0.000000 -6.500001 -3.255150 -11.802597 -0.000001 0.000000 -0.000000 -9.719196 -0.000014 -5.185906 10.279869 -0.000001 -0.000000 0.000003 -19.999989 -0.000355 -46.443620 -0.000000 0.000001 0.000000 -20.999947 0.000342 -0.000001 -0.000000 -0.000000 6.498628 -3.255157 10.007561 0.000000 0.000000 -0.000000 9.737182 -0.000018 5.180942 6.797456 0.000000 -0.000000 -0.000001 -19.993610 -0.505198 -37.195974 0.000000 -0.000000 -0.000001 -20.999954 0.017216 0.000001 0.000000 -0.000000 6.500279 -3.255180 -11.808103 0.000000 0.000000 -0.000000 9.735531 0.000008 -5.180394 25.440998 0.000000 -0.000000 0.000000 -19.999996 -0.000089 -33.499325 0.000000 -0.000000 -0.000001 -20.999985 0.000101 -0.000000 0.000000 -0.000000 
-2.573863 96.650322 42.511223 0.809748 0.000000 -0.000000 0.000000 0.000008 0.000001 -0.000000 0.000000 -0.000000 -6.500005 -3.255157 10.015765 -0.000000 0.000000 -0.000000 -9.719192 -0.000006 5.172731 38.928783 0.000000 0.000001 -0.000000 -19.999979 0.000069 -62.633251 0.000001 -0.000001 0.000002 -21.000031 0.000074 -0.000002 0.000000 0.000000 -6.500001 -3.255150 -11.802597 -0.000001 0.000000 -0.000000 -9.719196 -0.000032 -5.185906 8.695586 -0.000001 -0.000000 0.000001 -20.000004 -0.000358 -43.763976 -0.000000 0.000001 -0.000002 -20.999950 0.000346 0.000000 -0.000000 -0.000000 6.498628 -3.255157 10.007562 -0.000000 0.000000 -0.000000 9.737182 -0.000010 5.180934 7.721678 -0.000001 0.000000 0.000000 -19.993595 -0.505197 -36.901931 -0.000000 -0.000000 -0.000001 -20.999947 0.017219 -0.000001 0.000000 -0.000000 6.500279 -3.255180 -11.808105 -0.000000 0.000000 -0.000000 9.735531 0.000001 -5.180398 25.650948 -0.000000 0.000000 0.000000 -19.999996 -0.000084 -31.854250 -0.000000 -0.000000 0.000001 -20.999989 0.000097 -0.000001 -0.000000 -0.000000 
-2.573863 96.765343 43.142296 0.649076 0.000000 -0.000000 -0.000000 0.000000 0.000000 0.000000 0.000000 -0.000000 -6.500005 -3.255157 10.015762 0.000000 0.000000 -0.000000 -9.719192 -0.000008 5.172742 38.502388 -0.000000 0.000001 -0.000002 -19.999992 0.000078 -62.905346 0.000001 -0.000001 0.000000 -21.000038 0.000084 -0.000000 0.000000 -0.000000 -6.500001 -3.255150 -11.802601 -0.000001 0.000000 -0.000000 -9.719196 -0.000026 -5.185902 7.085007 -0.000001 -0.000000 -0.000003 -19.999998 -0.000359 -40.637221 -0.000000 0.000001 0.000000 -20.999947 0.000342 -0.000003 -0.000000 -0.000000 6.498628 -3.255157 10.007556 0.000000 0.000000 -0.000000 9.737182 -0.000014 5.180932 8.601654 -0.000001 0.000000 -0.000001 -19.993614 -0.505189 -36.437775 -0.000000 -0.000000 -0.000002 -20.999954 0.017209 0.000001 -0.000000 0.000000 6.500279 -3.255180 -11.808104 0.000000 0.000000 -0.000000 9.735531 0.000002 -5.180398 25.714796 0.000000 -0.000000 0.000000 -20.000008 -0.000090 -29.923704 0.000000 -0.000000 0.000000 -20.999985 0.000099 -0.000000 0.000000 -0.000000 
-2.573863 96.877792 43.773369 0.500910 0.000000 -0.000000 0.000000 0.000000 0.000002 -0.000000 0.000000 -0.000000 -6.500005 -3.255150 10.015766 -0.000000 0.000000 -0.000000 -9.719192 -0.000008 5.172731 37.870527 0.000000 0.000001 -0.000000 -19.999975 0.000068 -62.984972 0.000001 -0.000001 0.000004 -21.000038 0.000072 -0.000000 -0.000000 0.000000 -6.500001 -3.255150 -11.802598 -0.000001 0.000000 -0.000000 -9.719196 -0.000038 -5.185902 5.321561 -0.000001 -0.000000 -0.000001 -19.999998 -0.000353 -37.079608 -0.000000 0.000001 0.000000 -20.999950 0.000346 -0.000003 -0.000000 -0.000000 6.498628 -3.255157 10.007560 -0.000000 0.000000 -0.000000 9.737182 -0.000019 5.180935 9.494546 0.000000 0.000000 -0.000002 -19.993603 -0.505193 -35.952200 0.000000 0.000000 -0.000002 -20.999947 0.017213 0.000001 -0.000000 -0.000000 6.500279 -3.255180 -11.808103 -0.000000 0.000000 -0.000000 9.735531 0.000002 -5.180390 25.612639 0.000000 -0.000000 0.000000 -19.999973 -0.000085 -27.609897 0.000000 -0.000000 0.000001 -20.999985 0.000103 -0.000000 0.000000 -0.000000 
-2.573863 96.987869 44.404442 0.371740 0.000000 -0.000000 0.000000 0.000000 0.000000 -0.000000 0.000000 -0.000000 -6.500005 -3.255150 10.015766 -0.000000 0.000000 -0.000000 -9.719192 -0.000013 5.172744 36.986881 0.000000 0.000001 -0.000000 -19.999985 0.000074 -62.832085 0.000001 -0.000001 0.000002 -21.000042 0.000069 -0.000000 0.000000 0.000000 -6.500001 -3.255157 -11.802596 -0.000001 0.000000 -0.000000 -9.719194 -0.000026 -5.185904 3.723309 -0.000001 -0.000000 0.000001 -19.999998 -0.000362 -33.504065 -0.000000 0.000000 0.000002 -20.999943 0.000346 0.000000 -0.000000 -0.000000 6.498628 -3.255157 10.007560 -0.000000 0.000000 -0.000000 9.737182 -0.000016 5.180931 10.354357 0.000001 -0.000000 -0.000002 -19.993599 -0.505186 -35.435346 -0.000000 0.000000 -0.000001 -20.999950 0.017216 0.000001 -0.000000 -0.000000 6.500279 -3.255188 -11.808101 -0.000000 0.000000 -0.000000 9.735531 0.000003 -5.180396 25.336915 0.000000 -0.000000 0.000000 -19.999992 -0.000086 -25.220919 0.000000 -0.000000 -0.000001 -20.999985 0.000099 -0.000000 0.000000 -0.000000 
-2.573863 97.087433 45.035515 0.281587 0.000000 -0.000000 0.000000 0.000008 0.000005 -0.000000 0.000000 -0.000000 -6.500005 -3.255142 10.015759 -0.000000 0.000000 -0.000000 -9.719192 -0.000009 5.172739 35.809961 0.000000 0.000001 -0.000000 -19.999989 0.000074 -62.442546 0.000001 -0.000001 0.000002 -21.000046 0.000069 0.000002 0.000000 -0.000000 -6.500001 -3.255142 -11.802600 -0.000001 0.000000 -0.000000 -9.719196 -0.000011 -5.185907 2.561646 -0.000001 -0.000000 -0.000001 -19.999987 -0.000366 -30.254477 -0.000000 0.000000 -0.000000 -20.999943 0.000353 0.000000 -0.000000 0.000000 6.498628 -3.255150 10.007558 -0.000000 0.000000 -0.000000 9.737182 -0.000022 5.180935 11.160700 0.000000 -0.000000 -0.000000 -19.993599 -0.505198 -34.969705 -0.000000 0.000000 -0.000001 -20.999954 0.017213 0.000001 -0.000000 0.000000 6.500279 -3.255173 -11.808105 -0.000000 0.000000 -0.000000 9.735531 0.000020 -5.180396 24.783671 0.000000 -0.000000 0.000000 -19.999994 -0.000086 -22.845699 0.000000 -0.000000 0.000000 -20.999977 0.000103 0.000000 0.000000 -0.000000 
-2.573863 97.188034 45.666584 0.211430 0.000000 -0.000000 0.000000 0.000000 -0.000001 -0.000000 0.000000 -0.000000 -6.500005 -3.255150 10.015763 -0.000000 0.000000 -0.000000 -9.719192 -0.000011 5.172741 34.331505 0.000000 0.000001 0.000002 -19.999983 0.000073 -61.751815 0.000001 -0.000001 0.000002 -21.000042 0.000080 -0.000000 -0.000000 -0.000000 -6.500001 -3.255150 -11.802599 -0.000001 0.000000 -0.000000 -9.719194 -0.000023 -5.185904 1.849998 -0.000001 -0.000000 -0.000000 -20.000000 -0.000361 -27.554286 -0.000000 0.000000 0.000000 -20.999943 0.000344 -0.000001 -0.000000 -0.000000 6.498628 -3.255157 10.007558 -0.000000 0.000000 -0.000000 9.737182 -0.000015 5.180933 11.893925 -0.000001 0.000000 -0.000001 -19.993601 -0.505190 -34.426944 0.000000 0.000000 -0.000001 -20.999954 0.017209 -0.000001 -0.000000 0.000000 6.500279 -3.255180 -11.808107 -0.000000 0.000000 -0.000000 9.735531 0.000004 -5.180402 24.222376 0.000000 -0.000000 0.000000 -19.999990 -0.000086 -21.043943 0.000000 -0.000000 0.000001 -20.999973 0.000101 -0.000000 0.000000 -0.000000 
-2.573863 97.304276 46.297657 0.147266 0.000000 -0.000000 0.000000 0.000008 0.000001 -0.000000 0.000000 -0.000000 -6.500005 -3.255142 10.015769 -0.000000 0.000000 -0.000000 -9.719192 -0.000015 5.172732 32.481156 0.000000 0.000001 -0.000002 -19.999981 0.000073 -60.652012 0.000001 -0.000001 0.000002 -21.000038 0.000065 -0.000002 0.000000 0.000000 -6.500001 -3.255150 -11.802593 -0.000001 0.000000 -0.000000 -9.719196 -0.000028 -5.185905 1.742424 -0.000001 -0.000000 -0.000000 -19.999998 -0.000364 -25.798188 -0.000000 0.000000 -0.000000 -20.999947 0.000346 -0.000001 0.000000 0.000000 6.498628 -3.255150 10.007564 -0.000000 0.000000 -0.000000 9.737182 -0.000017 5.180931 12.503567 -0.000001 0.000000 -0.000001 -19.993593 -0.505192 -33.651973 0.000000 0.000000 -0.000002 -20.999939 0.017211 -0.000001 0.000000 0.000000 6.500279 -3.255180 -11.808098 -0.000000 0.000000 -0.000000 9.735531 0.000006 -5.180396 23.887999 0.000000 -0.000000 0.000000 -19.999996 -0.000086 -20.452346 -0.000000 -0.000000 -0.000001 -20.999977 0.000101 -0.000000 -0.000000 -0.000000 
-2.573863 97.418915 46.928730 0.094058 0.000000 -0.000000 0.000000 -0.000000 0.000004 -0.000000 0.000000 -0.000000 -6.500005 -3.255150 10.015762 -0.000000 0.000000 -0.000000 -9.719193 0.000006 5.172735 30.403645 0.000000 0.000000 -0.000000 -19.999994 0.000069 -59.269083 0.000001 -0.000001 -0.000000 -21.000042 0.000070 0.000002 0.000000 0.000000 -6.500001 -3.255150 -11.802603 -0.000001 0.000000 -0.000000 -9.719196 -0.000019 -5.185902 2.088422 -0.000001 -0.000000 -0.000000 -19.999989 -0.000357 -24.816253 -0.000000 0.000000 0.000000 -20.999939 0.000346 0.000000 -0.000000 0.000000 6.498628 -3.255157 10.007557 -0.000000 0.000000 -0.000000 9.737182 -0.000014 5.180932 13.061683 0.000000 -0.000000 -0.000001 -19.993614 -0.505183 -32.807509 0.000000 -0.000000 -0.000001 -20.999950 0.017218 0.000002 0.000000 -0.000000 6.500279 -3.255180 -11.808107 -0.000000 0.000000 -0.000000 9.735531 0.000010 -5.180394 23.780060 0.000000 -0.000000 -0.000001 -19.999981 -0.000088 -20.928869 0.000000 -0.000000 -0.000001 -20.999981 0.000101 -0.000000 0.000000 -0.000000 
-2.573863 97.523041 47.559799 0.051721 0.000000 -0.000000 -0.000000 0.000000 0.000002 -0.000000 0.000000 -0.000000 -6.500005 -3.255150 10.015766 -0.000000 0.000000 -0.000000 -9.719192 -0.000015 5.172734 28.181489 0.000000 0.000001 -0.000000 -19.999983 0.000071 -57.645875 0.000001 -0.000001 0.000004 -21.000034 0.000088 0.000002 -0.000000 -0.000000 -6.500001 -3.255157 -11.802596 -0.000001 0.000000 -0.000000 -9.719196 -0.000021 -5.185902 2.819381 -0.000001 -0.000000 0.000001 -19.999994 -0.000357 -24.673369 -0.000000 0.000000 -0.000000 -20.999939 0.000346 -0.000001 -0.000000 0.000000 6.498628 -3.255157 10.007561 -0.000000 0.000000 -0.000000 9.737182 -0.000013 5.180931 13.603151 0.000000 -0.000000 -0.000002 -19.993614 -0.505182 -31.965077 -0.000000 0.000000 -0.000001 -20.999954 0.017216 0.000001 -0.000000 -0.000000 6.500279 -3.255180 -11.808101 -0.000000 0.000000 -0.000000 9.735531 0.000002 -5.180400 24.067659 -0.000000 0.000000 -0.000000 -20.000000 -0.000086 -22.733147 0.000000 0.000000 0.000001 -20.999981 0.000099 0.000000 0.000000 0.000000 
-2.573863 97.606339 48.190872 0.021383 0.000000 -0.000000 0.000000 0.000000 0.000000 -0.000000 0.000000 -0.000000 -6.500005 -3.255150 10.015766 -0.000000 0.000000 -0.000000 -9.719192 -0.000012 5.172736 25.931056 0.000000 0.000001 -0.000000 -19.999990 0.000075 -55.923615 0.000001 -0.000001 0.000000 -21.000031 0.000076 -0.000000 -0.000000 -0.000000 -6.500001 -3.255150 -11.802597 -0.000001 0.000000 -0.000000 -9.719196 -0.000026 -5.185908 3.843689 -0.000001 -0.000000 0.000001 -19.999994 -0.000360 -25.059792 -0.000000 0.000000 0.000000 -20.999939 0.000340 0.000000 -0.000000 0.000000 6.498628 -3.255157 10.007561 -0.000000 0.000000 -0.000000 9.737182 -0.000015 5.180934 14.189156 0.000000 -0.000000 -0.000001 -19.993603 -0.505186 -31.243174 0.000000 -0.000000 -0.000003 -20.999950 0.017210 0.000001 0.000000 -0.000000 6.500279 -3.255173 -11.808102 -0.000000 0.000000 -0.000000 9.735531 -0.000006 -5.180404 24.476980 -0.000001 0.000000 0.000002 -19.999994 -0.000086 -25.296816 -0.000000 -0.000000 -0.000001 -20.999985 0.000101 -0.000000 0.000000 -0.000000 
-2.573863 97.655212 48.821945 0.006149 0.000000 -0.000000 0.000000 0.000000 0.000003 -0.000000 0.000000 -0.000000 -6.500005 -3.255150 10.015763 -0.000000 0.000000 -0.000000 -9.719192 -0.000016 5.172735 23.842329 0.000000 0.000000 -0.000000 -19.999989 0.000069 -54.285305 0.000001 -0.000001 0.000000 -21.000046 0.000086 0.000002 -0.000000 -0.000000 -6.500001 -3.255150 -11.802596 -0.000001 0.000000 -0.000000 -9.719196 -0.000025 -5.185898 5.053049 -0.000001 -0.000000 0.000001 -20.000011 -0.000359 -25.664528 -0.000000 0.000000 -0.000002 -20.999947 0.000346 -0.000001 -0.000000 -0.000000 6.498628 -3.255157 10.007562 -0.000000 0.000000 -0.000000 9.737182 -0.000031 5.180935 14.892097 -0.000000 0.000000 -0.000001 -19.993614 -0.505182 -30.789321 0.000000 0.000000 -0.000002 -20.999950 0.017213 0.000001 -0.000000 0.000000 6.500279 -3.255180 -11.808105 -0.000000 0.000000 -0.000000 9.735531 0.000005 -5.180396 24.772666 -0.000000 0.000000 0.000000 -20.000004 -0.000080 -28.196838 -0.000000 -0.000000 -0.000000 -20.999985 0.000101 -0.000000 0.000000 -0.000000 
-2.573863 97.670486 49.453018 -0.000000 0.000000 -0.000000 0.000000 0.000000 0.000001 -0.000000 0.000000 -0.000000 -6.500005 -3.255150 10.015763 -0.000000 0.000000 -0.000000 -9.719193 -0.000008 5.172734 21.777003 0.000000 0.000000 -0.000001 -19.999981 0.000081 -52.648772 0.000000 -0.000001 0.000000 -21.000034 0.000080 0.000002 -0.000000 -0.000000 -6.500001 -3.255150 -11.802596 -0.000001 0.000000 -0.000000 -9.719196 -0.000030 -5.185901 6.428907 -0.000001 -0.000000 -0.000000 -20.000000 -0.000360 -26.556216 -0.000000 0.000000 0.000000 -20.999935 0.000344 -0.000001 -0.000000 -0.000000 6.498628 -3.255157 10.007562 -0.000000 0.000000 -0.000000 9.737182 -0.000020 5.180934 15.713185 0.000000 -0.000000 -0.000002 -19.993620 -0.505192 -30.587944 0.000000 -0.000000 -0.000001 -20.999954 0.017220 0.000001 0.000000 -0.000000 6.500279 -3.255180 -11.808105 -0.000000 0.000000 -0.000000 9.735531 0.000004 -5.180392 25.008379 0.000000 -0.000000 -0.000001 -20.000000 -0.000083 -31.256950 0.000000 -0.000000 0.000000 -20.999977 0.000099 0.000000 0.000000 -0.000000 
-2.573863 97.645164 50.084091 -0.001336 0.000000 -0.000000 0.000000 0.000000 0.000001 -0.000000 0.000000 -0.000000 -6.500005 -3.255150 10.015764 -0.000000 0.000000 -0.000000 -9.719192 -0.000008 5.172732 19.645581 0.000000 0.000001 -0.000001 -19.999985 0.000080 -51.008973 0.000000 -0.000001 -0.000002 -21.000042 0.000084 0.000002 0.000000 0.000000 -6.500001 -3.255150 -11.802595 -0.000001 0.000000 -0.000000 -9.719196 -0.000026 -5.185906 7.926893 -0.000001 -0.000000 0.000001 -19.999998 -0.000359 -27.733927 -0.000000 0.000000 0.000002 -20.999947 0.000351 0.000000 0.000000 0.000000 6.498628 -3.255157 10.007563 -0.000000 0.000000 -0.000000 9.737182 -0.000015 5.180937 16.686926 0.000000 -0.000000 0.000000 -19.993599 -0.505184 -30.633067 -0.000000 -0.000000 -0.000002 -20.999958 0.017215 0.000001 0.000000 0.000000 6.500279 -3.255180 -11.808104 -0.000000 0.000000 -0.000000 9.735531 0.000003 -5.180392 25.161816 0.000000 -0.000000 -0.000000 -19.999989 -0.000087 -34.140516 0.000000 0.000000 0.000000 -20.999973 0.000102 -0.000000 0.000000 -0.000000 
-2.573863 97.589104 50.715164 -0.000000 0.000000 -0.000000 0.000000 0.000000 0.000001 -0.000000 0.000000 -0.000000 -6.500005 -3.255150 10.015763 -0.000000 0.000000 -0.000000 -9.719192 -0.000015 5.172729 17.491624 -0.000000 0.000001 -0.000002 -19.999985 0.000070 -49.317576 0.000000 -0.000001 0.000002 -21.000034 0.000078 -0.000000 -0.000000 0.000000 -6.500001 -3.255150 -11.802596 -0.000001 0.000000 -0.000000 -9.719196 -0.000021 -5.185903 9.516161 -0.000001 -0.000000 -0.000002 -20.000002 -0.000358 -29.095298 -0.000000 0.000000 -0.000000 -20.999947 0.000351 -0.000001 0.000000 0.000000 6.498628 -3.255157 10.007562 -0.000000 0.000000 -0.000000 9.737182 -0.000012 5.180934 17.785867 0.000001 -0.000000 -0.000002 -19.993607 -0.505187 -31.043329 -0.000000 0.000000 -0.000002 -20.999962 0.017213 0.000001 -0.000000 0.000000 6.500279 -3.255180 -11.808105 -0.000000 0.000000 -0.000000 9.735531 -0.000000 -5.180396 25.225413 0.000000 -0.000000 0.000000 -20.000000 -0.000085 -36.905688 0.000000 -0.000000 0.000000 -20.999985 0.000102 -0.000000 0.000000 -0.000000 
-2.573863 97.508293 51.346237 -0.000000 0.000000 -0.000000 0.000000 0.000000 0.000001 -0.000000 0.000000 -0.000000 -6.500005 -3.255150 10.015763 -0.000000 0.000000 -0.000000 -9.719192 -0.000016 5.172732 15.252770 -0.000000 0.000001 -0.000003 -19.999985 0.000078 -47.459604 0.000000 -0.000001 -0.000002 -21.000038 0.000070 0.000002 0.000000 0.000000 -6.500001 -3.255150 -11.802596 -0.000001 0.000000 -0.000000 -9.719196 -0.000024 -5.185900 11.159875 -0.000001 -0.000000 0.000001 -20.000008 -0.000358 -30.554636 -0.000000 0.000000 0.000000 -20.999939 0.000349 -0.000001 -0.000000 -0.000000 6.498628 -3.255157 10.007562 -0.000000 0.000000 -0.000000 9.737182 -0.000010 5.180937 19.006844 0.000000 -0.000000 0.000000 -19.993610 -0.505187 -31.976265 -0.000000 -0.000000 -0.000001 -20.999954 0.017215 -0.000000 -0.000000 -0.000000 6.500279 -3.255180 -11.808105 -0.000000 0.000000 -0.000000 9.735531 0.000004 -5.180398 25.186611 0.000000 -0.000000 0.000000 -20.000004 -0.000081 -39.499315 0.000000 -0.000000 -0.000001 -20.999989 0.000101 0.000001 0.000000 -0.000000 
-2.573863 97.407425 51.977306 -0.000000 0.000000 -0.000000 0.000000 0.000000 0.000001 -0.000000 0.000000 -0.000000 -6.500005 -3.255150 10.015763 -0.000000 0.000000 -0.000000 -9.719192 -0.000012 5.172733 13.157362 -0.000000 0.000001 -0.000001 -19.999979 0.000061 -45.629953 0.000000 -0.000001 0.000000 -21.000038 0.000074 0.000002 -0.000000 -0.000000 -6.500001 -3.255150 -11.802596 -0.000001 0.000000 -0.000000 -9.719196 -0.000025 -5.185900 12.831612 -0.000001 -0.000000 -0.000001 -19.999998 -0.000361 -32.061045 -0.000000 0.000000 0.000000 -20.999943 0.000345 0.000000 -0.000000 -0.000000 6.498628 -3.255157 10.007558 -0.000000 0.000000 -0.000000 9.737182 -0.000017 5.180934 20.311582 0.000000 -0.000000 -0.000001 -19.993603 -0.505186 -33.309231 0.000000 -0.000000 -0.000001 -20.999954 0.017217 0.000001 0.000000 -0.000000 6.500279 -3.255180 -11.808101 -0.000000 0.000000 -0.000000 9.735531 0.000002 -5.180394 25.038090 0.000000 -0.000000 0.000000 -20.000006 -0.000088 -41.918749 0.000000 -0.000000 0.000000 -20.999985 0.000104 -0.000001 0.000000 -0.000000 
-2.573863 97.291519 52.608379 -0.003843 0.000000 -0.000000 0.000000 0.000000 0.000003 -0.000000 0.000000 -0.000000 -6.500005 -3.255150 10.015764 -0.000000 0.000000 -0.000000 -9.719192 -0.000018 5.172734 11.377190 -0.000000 0.000001 0.000001 -19.999975 0.000070 -43.935171 0.000000 -0.000001 0.000000 -21.000034 0.000082 -0.000000 0.000000 0.000000 -6.500001 -3.255157 -11.802595 -0.000001 0.000000 -0.000000 -9.719196 -0.000026 -5.185904 14.507423 -0.000001 -0.000000 -0.000001 -20.000002 -0.000358 -33.556351 -0.000000 0.000000 0.000000 -20.999943 0.000348 -0.000001 0.000000 -0.000000 6.498628 -3.255157 10.007559 -0.000000 0.000000 -0.000000 9.737182 -0.000012 5.180931 21.681720 -0.000000 0.000000 -0.000001 -19.993616 -0.505198 -34.979919 -0.000000 -0.000000 0.000000 -20.999958 0.017219 0.000001 0.000000 0.000000 6.500279 -3.255188 -11.808100 -0.000000 0.000000 -0.000000 9.735531 0.000006 -5.180392 24.778926 0.000000 -0.000000 0.000000 -19.999992 -0.000080 -44.156196 0.000000 -0.000000 0.000000 -20.999985 0.000102 -0.000001 0.000000 -0.000000 
-2.573863 97.165573 53.239452 -0.000000 0.000000 -0.000000 0.000000 0.000000 0.000001 -0.000000 0.000000 -0.000000 -6.500005 -3.255150 10.015763 -0.000000 0.000000 -0.000000 -9.719192 -0.000015 5.172733 10.019585 0.000000 0.000000 -0.000001 -19.999977 0.000076 -42.525215 0.000000 -0.000001 -0.000000 -21.000038 0.000080 -0.000000 -0.000000 -0.000000 -6.500001 -3.255150 -11.802596 -0.000001 0.000000 -0.000000 -9.719196 -0.000022 -5.185902 16.143046 -0.000001 -0.000000 -0.000001 -20.000006 -0.000361 -34.976777 -0.000000 0.000000 -0.000002 -20.999947 0.000348 -0.000001 0.000000 -0.000000 6.498628 -3.255157 10.007558 -0.000000 0.000000 -0.000000 9.737182 -0.000019 5.180937 23.054323 0.000000 -0.000000 -0.000001 -19.993599 -0.505196 -36.964827 0.000000 -0.000000 -0.000001 -20.999947 0.017212 -0.000000 0.000000 -0.000000 6.500279 -3.255180 -11.808101 -0.000000 0.000000 -0.000000 9.735531 -0.000006 -5.180398 24.377398 0.000000 -0.000000 0.000000 -20.000004 -0.000086 -46.173841 0.000000 -0.000000 -0.000001 -20.999985 0.000096 -0.000003 0.000000 -0.000000 
-2.573863 97.034615 53.870522 0.007004 0.000000 -0.000000 0.000000 0.000000 0.000003 -0.000000 0.000000 -0.000000 -6.500005 -3.255142 10.015766 -0.000000 0.000000 -0.000000 -9.719192 -0.000014 5.172738 9.367087 0.000000 0.000000 -0.000001 -19.999977 0.000082 -41.672518 0.000000 -0.000001 0.000002 -21.000038 0.000066 0.000002 0.000000 0.000000 -6.500001 -3.255150 -11.802593 -0.000001 0.000000 -0.000000 -9.719196 -0.000026 -5.185908 17.726004 -0.000001 -0.000000 -0.000003 -19.999996 -0.000355 -36.284092 -0.000000 0.000001 0.000002 -20.999943 0.000349 0.000000 0.000000 -0.000000 6.498628 -3.255150 10.007565 -0.000000 0.000000 -0.000000 9.737182 -0.000016 5.180932 24.336353 -0.000000 0.000000 -0.000001 -19.993616 -0.505192 -39.191424 -0.000000 0.000000 -0.000001 -20.999958 0.017217 0.000001 0.000000 0.000000 6.500279 -3.255180 -11.808102 -0.000000 0.000000 -0.000000 9.735531 0.000012 -5.180396 23.833701 0.000000 -0.000000 0.000000 -19.999994 -0.000083 -47.966158 0.000000 -0.000000 -0.000000 -20.999985 0.000102 0.000001 0.000000 -0.000000 
-2.573863 96.903664 54.501595 0.061481 0.000000 -0.000000 0.000000 0.000000 -0.000004 -0.000000 0.000000 -0.000000 -6.500005 -3.255150 10.015761 0.000000 0.000000 -0.000000 -9.719192 -0.000011 5.172738 9.065842 0.000000 0.000000 0.000001 -19.999981 0.000081 -41.116325 0.000000 -0.000001 0.000000 -21.000034 0.000074 -0.000000 0.000000 0.000000 -6.500001 -3.255150 -11.802597 -0.000001 0.000000 -0.000000 -9.719196 -0.000026 -5.185914 19.136986 -0.000001 -0.000000 -0.000001 -20.000002 -0.000360 -37.343557 -0.000000 0.000001 -0.000002 -20.999943 0.000349 -0.000001 -0.000000 0.000000 6.498628 -3.255165 10.007560 0.000000 0.000000 -0.000000 9.737182 -0.000023 5.180936 25.599735 0.000000 -0.000000 0.000000 -19.993608 -0.505191 -41.744579 0.000000 -0.000000 -0.000002 -20.999950 0.017220 0.000001 0.000000 -0.000000 6.500279 -3.255180 -11.808105 0.000000 0.000000 -0.000000 9.735531 0.000017 -5.180398 23.051233 0.000000 -0.000000 0.000000 -19.999992 -0.000085 -49.428511 0.000000 -0.000000 0.000001 -20.999992 0.000098 0.000001 0.000000 -0.000000 
-2.573863 96.777718 55.132668 0.225641 0.000000 -0.000000 -0.000000 0.000000 -0.000000 -0.000000 0.000000 -0.000000 -6.500005 -3.255157 10.015767 -0.000000 0.000000 -0.000000 -9.719192 -0.000002 5.172741 8.825974 -0.000000 0.000000 0.000001 -19.999985 0.000083 -40.671324 0.000000 -0.000001 0.000002 -21.000038 0.000070 0.000002 -0.000000 0.000000 -6.500001 -3.255157 -11.802599 -0.000001 0.000000 -0.000000 -9.719194 -0.000022 -5.185904 20.212461 -0.000001 -0.000000 0.000001 -20.000002 -0.000352 -37.968356 -0.000000 0.000001 0.000000 -20.999939 0.000346 0.000000 0.000000 -0.000000 6.498628 -3.255165 10.007565 -0.000000 0.000000 -0.000000 9.737182 -0.000014 5.180941 26.931002 0.000000 -0.000000 -0.000001 -19.993601 -0.505192 -44.800474 -0.000000 -0.000000 -0.000002 -20.999962 0.017220 -0.000001 0.000000 0.000000 6.500279 -3.255188 -11.808107 -0.000000 0.000000 -0.000000 9.735531 -0.000003 -5.180396 21.896067 -0.000000 0.000000 -0.000000 -20.000004 -0.000086 -50.428342 0.000000 0.000000 -0.000001 -20.999996 0.000101 0.000002 0.000000 0.000000 
-2.573863 96.661804 55.763741 0.441263 0.000000 -0.000000 0.000000 0.000000 -0.000001 -0.000000 0.000000 -0.000000 -6.500005 -3.255150 10.015762 -0.000000 0.000000 -0.000000 -9.719192 -0.000016 5.172735 8.738103 -0.000000 0.000001 0.000001 -19.999979 0.000080 -40.383603 0.000000 -0.000001 -0.000002 -21.000038 0.000056 0.000003 -0.000000 -0.000000 -6.500001 -3.255150 -11.802598 -0.000001 0.000000 -0.000000 -9.719196 -0.000030 -5.185904 21.072588 -0.000001 -0.000000 -0.000001 -20.000004 -0.000349 -38.276445 -0.000000 0.000001 0.000000 -20.999947 0.000349 0.000000 -0.000000 -0.000000 6.498628 -3.255157 10.007561 -0.000000 0.000000 -0.000000 9.737182 -0.000016 5.180938 28.193187 0.000001 -0.000000 -0.000002 -19.993622 -0.505184 -48.012463 -0.000000 -0.000000 -0.000001 -20.999954 0.017220 0.000001 0.000000 0.000000 6.500279 -3.255173 -11.808103 -0.000000 0.000000 -0.000000 9.735531 -0.000005 -5.180402 20.480382 -0.000001 0.000000 -0.000001 -20.000002 -0.000084 -51.043947 0.000000 0.000000 -0.000000 -20.999981 0.000098 -0.000003 0.000000 0.000000 
-2.573863 96.560944 56.394814 0.684852 0.000000 -0.000000 0.000000 0.000008 0.000002 -0.000000 0.000000 -0.000000 -6.500005 -3.255150 10.015759 -0.000000 0.000000 -0.000000 -9.719192 -0.000007 5.172739 8.770152 -0.000000 0.000000 0.000001 -19.999981 0.000072 -40.223527 0.000000 -0.000001 0.000000 -21.000042 0.000079 0.000003 -0.000000 -0.000000 -6.500001 -3.255142 -11.802592 -0.000001 0.000000 -0.000000 -9.719196 -0.000016 -5.185900 21.758602 -0.000001 -0.000000 -0.000001 -20.000008 -0.000358 -38.305012 -0.000000 0.000001 0.000002 -20.999947 0.000346 -0.000001 -0.000000 -0.000000 6.498628 -3.255150 10.007557 -0.000000 0.000000 -0.000000 9.737182 -0.000010 5.180934 29.292001 0.000000 -0.000000 -0.000002 -19.993612 -0.505180 -51.138579 0.000000 -0.000000 -0.000001 -20.999950 0.017212 -0.000001 -0.000000 -0.000000 6.500279 -3.255180 -11.808101 -0.000000 0.000000 -0.000000 9.735531 0.000008 -5.180394 18.841739 -0.000001 0.000000 -0.000001 -20.000004 -0.000085 -51.308999 0.000000 0.000000 -0.000000 -20.999981 0.000101 0.000001 -0.000000 0.000000 
-2.573863 96.480133 57.025887 0.914433 0.000000 -0.000000 0.000000 0.000008 0.000001 -0.000000 0.000000 -0.000000 -6.500005 -3.255142 10.015772 0.000000 0.000000 -0.000000 -9.719192 -0.000013 5.172729 9.000373 0.000000 0.000000 0.000001 -19.999969 0.000075 -40.232860 0.000000 -0.000001 -0.000002 -21.000038 0.000077 0.000002 -0.000000 -0.000000 -6.500001 -3.255142 -11.802594 -0.000001 0.000000 -0.000000 -9.719196 -0.000027 -5.185904 22.343699 -0.000001 -0.000000 0.000001 -20.000004 -0.000349 -38.109522 -0.000000 0.000001 0.000000 -20.999943 0.000354 0.000000 -0.000000 -0.000000 6.498628 -3.255157 10.007568 0.000000 0.000000 -0.000000 9.737182 -0.000014 5.180923 30.185902 0.000000 -0.000000 -0.000002 -19.993608 -0.505189 -54.041133 0.000000 -0.000000 -0.000001 -20.999947 0.017203 -0.000001 0.000000 -0.000000 6.500279 -3.255180 -11.808100 0.000000 0.000000 -0.000000 9.735531 0.000001 -5.180396 17.070092 -0.000001 0.000000 0.000000 -20.000011 -0.000085 -51.224691 0.000000 -0.000000 -0.000000 -20.999985 0.000099 0.000001 0.000000 0.000000 
-2.573863 96.424957 57.656960 1.080585 0.000000 -0.000000 -0.000000 0.000000 0.000001 -0.000000 0.000000 -0.000000 -6.500005 -3.255150 10.015768 -0.000000 0.000000 -0.000000 -9.719192 -0.000000 5.172729 9.492778 -0.000000 0.000000 0.000003 -19.999979 0.000067 -40.471586 0.000000 -0.000001 -0.000002 -21.000034 0.000074 -0.000000 -0.000000 -0.000000 -6.500001 -3.255150 -11.802596 -0.000001 0.000000 -0.000000 -9.719196 -0.000020 -5.185898 22.920996 -0.000001 -0.000000 0.000001 -20.000004 -0.000348 -37.769679 -0.000000 0.000001 0.000000 -20.999950 0.000349 0.000000 0.000000 -0.000000 6.498628 -3.255157 10.007556 -0.000000 0.000000 -0.000000 9.737182 -0.000005 5.180924 30.805605 -0.000000 0.000000 -0.000002 -19.993603 -0.505186 -56.492054 0.000000 -0.000000 -0.000002 -20.999943 0.017228 -0.000003 0.000000 0.000000 6.500279 -3.255180 -11.808105 -0.000000 0.000000 -0.000000 9.735531 0.000006 -5.180398 15.240075 -0.000000 0.000000 -0.000000 -19.999992 -0.000089 -50.852889 -0.000000 0.000000 -0.000000 -20.999977 0.000102 -0.000001 -0.000000 0.000000 
-2.573863 96.398750 58.288029 1.182148 0.000000 -0.000000 0.000000 0.000000 0.000002 -0.000000 0.000000 -0.000000 -6.500005 -3.255157 10.015763 -0.000000 0.000000 -0.000000 -9.719192 -0.000004 5.172727 10.257986 -0.000000 0.000001 -0.000001 -19.999983 0.000088 -40.855432 0.000000 -0.000001 -0.000000 -21.000042 0.000070 0.000002 -0.000000 0.000000 -6.500001 -3.255150 -11.802598 -0.000001 0.000000 -0.000000 -9.719194 -0.000027 -5.185902 23.472046 -0.000001 -0.000000 -0.000001 -20.000010 -0.000357 -37.249960 -0.000000 0.000001 0.000000 -20.999947 0.000339 -0.000000 -0.000000 -0.000000 6.498628 -3.255165 10.007565 -0.000000 0.000000 -0.000000 9.737182 -0.000010 5.180919 31.140031 -0.000001 0.000000 -0.000002 -19.993614 -0.505191 -58.520651 -0.000000 -0.000000 -0.000001 -20.999954 0.017213 0.000001 0.000000 0.000000 6.500279 -3.255180 -11.808105 -0.000000 0.000000 -0.000000 9.735531 -0.000001 -5.180394 13.435215 0.000000 -0.000000 0.000000 -20.000000 -0.000083 -50.045230 0.000000 -0.000000 -0.000001 -20.999985 0.000104 -0.000001 0.000000 -0.000000 
-2.573863 96.408676 58.919102 1.186447 0.000000 -0.000000 -0.000000 0.000000 0.000002 -0.000000 0.000000 -0.000000 -6.500005 -3.255150 10.015766 -0.000000 0.000000 -0.000000 -9.719192 -0.000006 5.172732 11.442289 -0.000000 0.000000 0.000001 -19.999989 0.000076 -41.424503 0.000000 -0.000001 0.000002 -21.000034 0.000078 0.000002 0.000000 0.000000 -6.500001 -3.255150 -11.802598 -0.000001 0.000000 -0.000000 -9.719196 -0.000024 -5.185902 24.041405 -0.000001 -0.000000 -0.000001 -20.000006 -0.000360 -36.570452 -0.000000 0.000001 -0.000000 -20.999950 0.000342 0.000000 0.000000 0.000000 6.498628 -3.255157 10.007562 -0.000000 0.000000 -0.000000 9.737182 -0.000011 5.180923 31.143467 -0.000000 0.000000 -0.000002 -19.993603 -0.505194 -60.038073 0.000000 -0.000000 -0.000001 -20.999950 0.017214 -0.000001 -0.000000 -0.000000 6.500278 -3.255180 -11.808104 -0.000000 0.000000 -0.000000 9.735531 -0.000000 -5.180396 11.811110 0.000000 -0.000000 0.000001 -20.000000 -0.000083 -48.674759 0.000000 0.000000 -0.000001 -20.999985 0.000100 -0.000001 -0.000000 -0.000000 
-2.573863 96.448814 59.550175 1.138615 0.000000 -0.000000 0.000000 0.000000 0.000001 -0.000000 0.000000 -0.000000 -6.500005 -3.255150 10.015763 -0.000000 0.000000 -0.000000 -9.719192 -0.000009 5.172734 12.702690 0.000000 0.000000 0.000001 -19.999989 0.000078 -41.865730 0.000000 -0.000001 -0.000002 -21.000046 0.000084 -0.000002 -0.000000 -0.000000 -6.500001 -3.255150 -11.802594 -0.000001 0.000000 -0.000000 -9.719196 -0.000028 -5.185904 24.533150 -0.000001 -0.000000 0.000001 -20.000002 -0.000357 -35.644100 -0.000000 0.000000 0.000000 -20.999943 0.000344 -0.000000 -0.000000 -0.000000 6.498628 -3.255157 10.007558 -0.000000 0.000000 -0.000000 9.737182 -0.000002 5.180924 30.850503 0.000000 -0.000000 -0.000001 -19.993610 -0.505202 -61.171031 0.000000 -0.000000 -0.000002 -20.999954 0.017209 -0.000001 0.000000 -0.000000 6.500279 -3.255180 -11.808101 -0.000000 0.000000 -0.000000 9.735531 0.000008 -5.180398 10.226204 0.000000 -0.000000 0.000000 -20.000004 -0.000090 -46.738844 0.000000 -0.000000 0.000001 -20.999981 0.000100 -0.000001 0.000000 -0.000000 
-2.573863 96.517715 60.181244 1.074651 0.000000 -0.000000 -0.000000 0.000000 0.000002 -0.000000 0.000000 -0.000000 -6.500005 -3.255150 10.015763 -0.000000 0.000000 -0.000000 -9.719192 -0.000016 5.172725 13.701389 0.000000 0.000000 0.000001 -19.999966 0.000083 -41.819684 0.000000 -0.000001 -0.000002 -21.000042 0.000070 -0.000002 -0.000000 -0.000000 -6.500000 -3.255150 -11.802596 -0.000000 -0.000000 -0.000000 -9.719196 -0.000021 -5.185896 24.859805 -0.000001 0.000000 -0.000002 -20.000010 -0.000349 -34.382001 -0.000000 0.000000 -0.000002 -20.999939 0.000344 -0.000000 -0.000000 -0.000000 6.498628 -3.255165 10.007559 -0.000000 0.000000 -0.000000 9.737182 -0.000016 5.180922 30.268000 0.000000 -0.000000 -0.000000 -19.993610 -0.505190 -62.048027 -0.000000 0.000000 0.000000 -20.999947 0.017218 -0.000001 0.000000 -0.000000 6.500279 -3.255188 -11.808102 -0.000000 0.000000 -0.000000 9.735531 0.000019 -5.180400 8.584436 0.000000 -0.000000 0.000000 -19.999994 -0.000077 -44.137417 0.000000 -0.000000 0.000001 -20.999977 0.000100 -0.000001 0.000000 -0.000000 
-2.573863 96.609184 60.812317 0.989290 0.000000 -0.000000 0.000000 -0.000000 -0.000004 -0.000000 0.000000 -0.000000 -6.500005 -3.255157 10.015760 -0.000000 0.000000 -0.000000 -9.719192 -0.000006 5.172732 14.569147 0.000000 0.000000 0.000001 -19.999985 0.000085 -41.465587 0.000000 -0.000001 -0.000002 -21.000042 0.000078 0.000002 -0.000000 -0.000000 -6.500001 -3.255157 -11.802603 0.000000 0.000000 -0.000000 -9.719196 -0.000015 -5.185898 25.040491 -0.000001 -0.000000 -0.000001 -20.000008 -0.000353 -32.809971 -0.000000 0.000000 0.000002 -20.999943 0.000349 0.000000 -0.000000 -0.000000 6.498628 -3.255157 10.007549 -0.000000 0.000000 -0.000000 9.737182 -0.000018 5.180940 29.433590 0.000001 -0.000000 0.000001 -19.993633 -0.505195 -62.574641 -0.000000 -0.000000 0.000000 -20.999950 0.017208 0.000002 0.000000 -0.000000 6.500279 -3.255188 -11.808105 -0.000000 0.000000 -0.000000 9.735531 0.000002 -5.180399 6.904937 0.000000 -0.000000 0.000001 -20.000000 -0.000082 -41.035578 0.000000 -0.000000 0.000001 -20.999973 0.000110 -0.000003 0.000000 -0.000000 
-2.573863 96.718201 61.443390 0.887779 0.000000 -0.000000 0.000000 0.000000 -0.000000 -0.000000 0.000000 -0.000000 -6.500005 -3.255142 10.015755 -0.000000 0.000000 -0.000000 -9.719192 -0.000009 5.172731 15.320227 0.000000 0.000000 0.000001 -19.999983 0.000072 -40.850829 0.000000 -0.000001 0.000002 -21.000053 0.000076 -0.000000 0.000000 0.000000 -6.500000 -3.255142 -11.802597 -0.000000 -0.000000 -0.000000 -9.719196 -0.000039 -5.185900 25.073638 -0.000000 -0.000000 0.000001 -20.000000 -0.000350 -30.937905 -0.000000 0.000000 0.000000 -20.999939 0.000348 -0.000000 -0.000000 0.000000 6.498628 -3.255157 10.007559 -0.000000 0.000000 -0.000000 9.737182 -0.000011 5.180930 28.371974 0.000000 -0.000000 -0.000001 -19.993587 -0.505200 -62.703076 -0.000000 0.000000 -0.000001 -20.999950 0.017218 0.000002 -0.000000 0.000000 6.500279 -3.255173 -11.808099 -0.000000 0.000000 -0.000000 9.735531 -0.000003 -5.180394 5.064054 -0.000000 0.000000 -0.000000 -19.999994 -0.000090 -37.418150 0.000000 0.000000 -0.000000 -20.999977 0.000100 -0.000001 0.000000 0.000000 
-2.573863 96.839752 62.074463 0.774593 0.000000 -0.000000 0.000000 0.000000 -0.000001 -0.000000 0.000000 -0.000000 -6.500005 -3.255142 10.015760 -0.000000 0.000000 -0.000000 -9.719192 -0.000013 5.172729 15.966416 0.000000 0.000000 0.000003 -19.999975 0.000076 -40.011375 0.000000 -0.000001 -0.000000 -21.000038 0.000086 -0.000000 -0.000000 0.000000 -6.500001 -3.255157 -11.802600 -0.000001 0.000000 -0.000000 -9.719194 -0.000015 -5.185904 24.933899 -0.000000 -0.000000 0.000001 -19.999985 -0.000363 -28.724736 -0.000000 0.000000 0.000000 -20.999939 0.000345 -0.000000 -0.000000 -0.000000 6.498628 -3.255157 10.007557 -0.000000 0.000000 -0.000000 9.737182 -0.000015 5.180926 27.128811 0.000000 -0.000000 -0.000002 -19.993599 -0.505196 -62.421864 0.000000 -0.000000 -0.000001 -20.999950 0.017229 0.000002 0.000000 -0.000000 6.500279 -3.255180 -11.808105 -0.000000 0.000000 -0.000000 9.735531 -0.000006 -5.180399 3.394085 0.000000 -0.000000 -0.000001 -20.000010 -0.000088 -33.725862 0.000000 -0.000000 -0.000002 -20.999989 0.000102 -0.000001 0.000000 -0.000000 
-2.573863 96.968826 62.705536 0.654404 0.000000 -0.000000 0.000000 0.000008 0.000002 -0.000000 0.000000 -0.000000 -6.500005 -3.255150 10.015759 0.000000 0.000000 -0.000000 -9.719192 -0.000008 5.172736 16.518650 0.000000 0.000000 0.000001 -19.999985 0.000083 -38.984459 0.000000 -0.000001 0.000002 -21.000042 0.000070 0.000002 -0.000000 -0.000000 -6.500001 -3.255150 -11.802592 -0.000001 0.000000 -0.000000 -9.719194 -0.000023 -5.185904 24.585276 -0.000000 -0.000000 0.000001 -20.000002 -0.000357 -26.008203 -0.000000 0.000000 0.000000 -20.999935 0.000343 -0.000000 -0.000000 -0.000000 6.498628 -3.255157 10.007557 0.000000 0.000000 -0.000000 9.737182 -0.000016 5.180941 25.753309 0.000000 -0.000000 -0.000002 -19.993599 -0.505184 -61.655503 -0.000000 -0.000000 -0.000002 -20.999954 0.017210 0.000001 0.000000 0.000000 6.500278 -3.255180 -11.808102 0.000000 0.000000 -0.000000 9.735531 0.000016 -5.180404 2.168950 0.000000 -0.000000 -0.000001 -19.999996 -0.000094 -30.276801 -0.000000 -0.000000 -0.000001 -20.999989 0.000096 0.000001 0.000000 0.000000 
-2.573863 97.100410 63.336617 0.531879 0.000000 -0.000000 0.000000 0.000000 0.000001 -0.000000 0.000000 -0.000000 -6.500005 -3.255157 10.015764 -0.000000 0.000000 -0.000000 -9.719193 -0.000010 5.172731 16.993765 0.000000 0.000000 0.000001 -19.999975 0.000069 -37.813696 0.000000 -0.000001 -0.000002 -21.000034 0.000070 0.000002 -0.000000 -0.000000 -6.500001 -3.255157 -11.802598 -0.000001 0.000000 -0.000000 -9.719196 -0.000023 -5.185902 24.058250 -0.000001 -0.000000 -0.000000 -20.000008 -0.000351 -23.161733 -0.000000 0.000000 0.000000 -20.999939 0.000349 0.000000 -0.000000 -0.000000 6.498628 -3.255165 10.007554 -0.000000 0.000000 -0.000000 9.737182 -0.000019 5.180935 24.259427 0.000001 -0.000000 -0.000001 -19.993610 -0.505177 -60.548432 0.000000 0.000000 -0.000001 -20.999958 0.017211 -0.000001 -0.000000 -0.000000 6.500279 -3.255196 -11.808104 -0.000000 0.000000 -0.000000 9.735531 0.000007 -5.180395 1.440111 0.000001 -0.000000 -0.000001 -20.000000 -0.000079 -27.423708 0.000000 0.000000 -0.000000 -20.999985 0.000096 0.000001 0.000000 0.000000 
-2.573863 97.229477 63.967682 0.411690 0.000000 -0.000000 -0.000000 0.000000 0.000000 -0.000000 0.000000 -0.000000 -6.500005 -3.255157 10.015761 -0.000000 0.000000 -0.000000 -9.719193 -0.000005 5.172727 17.404053 0.000000 0.000000 0.000003 -19.999964 0.000081 -36.536348 0.000000 -0.000001 -0.000002 -21.000042 0.000074 0.000002 0.000000 0.000000 -6.500001 -3.255142 -11.802595 -0.000001 0.000000 -0.000000 -9.719196 -0.000023 -5.185904 23.231843 -0.000001 0.000000 -0.000000 -20.000013 -0.000353 -20.207043 -0.000000 0.000000 -0.000000 -20.999950 0.000347 -0.000000 0.000000 0.000000 6.498628 -3.255157 10.007560 -0.000000 0.000000 -0.000000 9.737182 -0.000024 5.180932 22.687254 0.000001 -0.000000 -0.000002 -19.993603 -0.505200 -59.245314 0.000000 -0.000000 -0.000000 -20.999941 0.017210 -0.000005 0.000000 0.000000 6.500279 -3.255173 -11.808104 -0.000000 0.000000 -0.000000 9.735531 0.000003 -5.180399 1.421704 0.000000 -0.000000 -0.000002 -20.000008 -0.000074 -25.726179 -0.000000 -0.000000 -0.000001 -20.999992 0.000096 -0.000001 -0.000000 0.000000 
-2.573863 97.351036 64.598755 0.298504 0.000000 -0.000000 0.000000 0.000000 0.000003 -0.000000 0.000000 -0.000000 -6.500005 -3.255142 10.015761 -0.000000 0.000000 -0.000000 -9.719193 -0.000012 5.172730 17.774031 0.000000 0.000000 0.000003 -19.999981 0.000071 -35.208526 0.000000 -0.000001 -0.000002 -21.000034 0.000070 -0.000000 0.000000 0.000000 -6.500001 -3.255142 -11.802595 -0.000001 0.000000 -0.000000 -9.719196 -0.000024 -5.185898 22.524388 -0.000001 -0.000000 -0.000000 -20.000004 -0.000355 -18.037037 -0.000000 0.000000 0.000000 -20.999947 0.000347 -0.000000 -0.000000 0.000000 6.498628 -3.255157 10.007559 -0.000000 0.000000 -0.000000 9.737182 -0.000017 5.180937 21.007638 0.000001 -0.000000 -0.000001 -19.993624 -0.505184 -57.669794 0.000000 -0.000000 -0.000001 -20.999950 0.017207 -0.000001 -0.000000 -0.000000 6.500279 -3.255180 -11.808100 -0.000000 0.000000 -0.000000 9.735531 0.000013 -5.180397 1.899621 0.000000 -0.000000 -0.000001 -20.000000 -0.000092 -24.881703 0.000000 -0.000000 0.000001 -20.999985 0.000094 -0.000001 0.000000 -0.000000 
-2.573863 97.460052 65.229828 0.196992 0.000000 -0.000000 0.000000 0.000000 0.000001 -0.000000 0.000000 -0.000000 -6.500005 -3.255165 10.015759 -0.000000 0.000000 -0.000000 -9.719192 -0.000007 5.172745 18.120063 -0.000000 0.000000 0.000001 -19.999977 0.000073 -33.872899 0.000000 -0.000001 -0.000000 -21.000042 0.000078 0.000002 0.000000 0.000000 -6.500001 -3.255157 -11.802603 -0.000001 0.000000 -0.000000 -9.719196 -0.000021 -5.185909 22.370470 -0.000000 -0.000000 -0.000002 -19.999996 -0.000359 -17.706053 -0.000000 0.000000 0.000000 -20.999939 0.000345 0.000000 -0.000000 -0.000000 6.498628 -3.255173 10.007557 -0.000000 0.000000 -0.000000 9.737182 -0.000015 5.180942 19.158479 0.000001 -0.000000 -0.000001 -19.993618 -0.505188 -55.717289 0.000000 0.000000 -0.000002 -20.999954 0.017207 -0.000003 -0.000000 0.000000 6.500279 -3.255196 -11.808107 -0.000000 0.000000 -0.000000 9.735531 0.000013 -5.180400 2.778008 -0.000000 0.000000 -0.000002 -20.000011 -0.000080 -24.907436 0.000000 0.000000 -0.000001 -20.999973 0.000100 -0.000001 0.000000 -0.000000 
-2.573863 97.551521 65.860893 0.111824 0.000000 -0.000000 -0.000000 0.000000 0.000003 -0.000000 0.000000 -0.000000 -6.500005 -3.255157 10.015762 -0.000000 0.000000 -0.000000 -9.719192 0.000004 5.172738 18.478896 -0.000000 0.000000 0.000001 -19.999973 0.000076 -32.607217 0.000000 -0.000001 0.000002 -21.000034 0.000072 -0.000000 0.000000 0.000000 -6.500001 -3.255157 -11.802596 -0.000001 0.000000 -0.000000 -9.719196 -0.000024 -5.185898 22.600430 -0.000000 -0.000000 0.000002 -19.999998 -0.000355 -18.751478 -0.000000 0.000000 -0.000000 -20.999943 0.000345 0.000000 0.000000 0.000000 6.498628 -3.255165 10.007553 -0.000000 0.000000 -0.000000 9.737182 -0.000011 5.180941 17.278750 0.000001 -0.000000 -0.000000 -19.993601 -0.505193 -53.617190 -0.000000 0.000000 -0.000001 -20.999950 0.017211 -0.000001 0.000000 0.000000 6.500279 -3.255180 -11.808105 -0.000000 0.000000 -0.000000 9.735531 -0.000001 -5.180397 3.916244 0.000000 -0.000000 0.000000 -19.999996 -0.000084 -25.403898 0.000000 -0.000000 0.000000 -20.999981 0.000100 -0.000001 0.000000 -0.000000 
-2.573863 97.619873 66.491966 0.049415 0.000000 -0.000000 0.000000 0.000000 -0.000002 -0.000000 0.000000 -0.000000 -6.500005 -3.255150 10.015760 -0.000000 0.000000 -0.000000 -9.719193 -0.000006 5.172723 18.872484 0.000000 0.000000 0.000003 -20.000000 0.000077 -31.450333 0.000000 -0.000001 -0.000000 -21.000034 0.000077 -0.000001 -0.000000 -0.000000 -6.500001 -3.255150 -11.802600 -0.000001 0.000000 -0.000000 -9.719194 -0.000029 -5.185907 23.312467 -0.000000 -0.000000 0.000002 -20.000015 -0.000353 -21.312970 -0.000000 0.000000 0.000002 -20.999950 0.000343 -0.000000 0.000000 0.000000 6.498628 -3.255150 10.007551 -0.000000 0.000000 -0.000000 9.737182 -0.000031 5.180931 15.483639 0.000000 -0.000000 0.000000 -19.993610 -0.505195 -51.563198 0.000000 -0.000000 -0.000001 -20.999958 0.017214 0.000001 0.000000 -0.000000 6.500279 -3.255180 -11.808105 -0.000000 0.000000 -0.000000 9.735531 0.000011 -5.180402 5.141517 0.000000 -0.000000 0.000000 -20.000000 -0.000088 -25.936972 0.000000 -0.000000 0.000000 -20.999981 0.000102 -0.000001 0.000000 -0.000000 
-2.573863 97.661736 67.123039 0.009193 0.000000 -0.000000 0.000000 0.000000 0.000002 -0.000000 0.000000 -0.000000 -6.500005 -3.255157 10.015768 -0.000000 0.000000 -0.000000 -9.719193 -0.000008 5.172736 19.361520 0.000000 0.000000 -0.000001 -19.999977 0.000086 -30.561729 0.000000 -0.000001 0.000002 -21.000038 0.000080 -0.000001 0.000000 0.000000 -6.500001 -3.255157 -11.802595 -0.000001 0.000000 -0.000000 -9.719196 -0.000026 -5.185894 24.137557 -0.000001 -0.000000 0.000001 -20.000002 -0.000357 -24.638138 -0.000000 0.000000 -0.000000 -20.999943 0.000347 -0.000000 0.000000 0.000000 6.498628 -3.255157 10.007566 -0.000000 0.000000 -0.000000 9.737182 -0.000015 5.180935 13.782387 0.000000 -0.000000 -0.000002 -19.993620 -0.505206 -49.557691 0.000000 -0.000000 -0.000001 -20.999954 0.017206 -0.000003 0.000000 -0.000000 6.500279 -3.255188 -11.808104 -0.000000 0.000000 -0.000000 9.735531 0.000006 -5.180398 6.454552 0.000000 -0.000000 0.000000 -19.999998 -0.000088 -26.627662 0.000000 -0.000000 0.000000 -20.999985 0.000098 -0.000001 0.000000 -0.000000 
-2.573863 97.668831 67.754112 -0.001818 0.000000 -0.000000 0.000000 0.000000 0.000002 -0.000000 0.000000 -0.000000 -6.500005 -3.255142 10.015768 -0.000000 0.000000 -0.000000 -9.719193 -0.000019 5.172735 19.979471 0.000000 0.000000 0.000001 -19.999973 0.000077 -30.079487 0.000000 -0.000001 -0.000000 -21.000042 0.000073 0.000001 0.000000 0.000000 -6.500001 -3.255150 -11.802595 -0.000001 0.000000 -0.000000 -9.719196 -0.000023 -5.185902 24.707484 -0.000001 0.000000 0.000001 -20.000013 -0.000360 -28.059426 -0.000000 0.000000 0.000002 -20.999947 0.000339 0.000000 0.000000 0.000000 6.498628 -3.255150 10.007566 -0.000000 0.000000 -0.000000 9.737182 -0.000013 5.180935 12.227564 -0.000000 0.000000 -0.000001 -19.993610 -0.505199 -47.668372 0.000000 0.000000 -0.000002 -20.999954 0.017210 -0.000001 0.000000 -0.000000 6.500279 -3.255180 -11.808104 -0.000000 0.000000 -0.000000 9.735531 0.000007 -5.180395 7.792154 0.000000 -0.000000 -0.000001 -20.000000 -0.000088 -27.463176 0.000000 -0.000000 -0.000001 -20.999996 0.000088 -0.000001 0.000000 -0.000000 
-2.573863 97.650284 68.385185 -0.000000 0.000000 -0.000000 0.000000 0.000000 0.000001 -0.000000 0.000000 -0.000000 -6.500005 -3.255150 10.015763 -0.000000 0.000000 -0.000000 -9.719193 -0.000010 5.172738 20.829982 0.000000 0.000000 0.000003 -19.999973 0.000085 -30.106682 0.000000 -0.000001 -0.000002 -21.000046 0.000073 0.000001 0.000000 0.000000 -6.500001 -3.255150 -11.802596 -0.000001 0.000000 -0.000000 -9.719196 -0.000029 -5.185898 25.118161 -0.000001 -0.000000 -0.000001 -20.000000 -0.000358 -31.461962 -0.000000 0.000000 0.000002 -20.999939 0.000346 -0.000000 0.000000 0.000000 6.498628 -3.255157 10.007562 -0.000000 0.000000 -0.000000 9.737182 -0.000017 5.180940 10.804343 -0.000001 0.000000 -0.000002 -19.993608 -0.505207 -45.893069 -0.000000 -0.000000 0.000000 -20.999962 0.017210 0.000001 0.000000 -0.000000 6.500279 -3.255180 -11.808105 -0.000000 0.000000 -0.000000 9.735531 0.000008 -5.180398 9.173277 0.000000 -0.000000 -0.000001 -19.999998 -0.000086 -28.410701 0.000000 -0.000000 0.000000 -20.999981 0.000102 -0.000001 0.000000 -0.000000 
-2.573863 97.609268 69.016258 -0.000575 0.000000 -0.000000 0.000000 0.000000 0.000003 -0.000000 0.000000 -0.000000 -6.500005 -3.255150 10.015763 -0.000000 0.000000 -0.000000 -9.719193 -0.000015 5.172740 22.125658 0.000000 0.000000 0.000001 -19.999975 0.000084 -30.960021 0.000000 -0.000001 -0.000000 -21.000042 0.000071 0.000001 0.000000 0.000000 -6.500000 -3.255150 -11.802592 -0.000000 -0.000000 -0.000000 -9.719196 -0.000018 -5.185904 25.341293 -0.000001 -0.000000 0.000001 -20.000004 -0.000351 -34.478549 -0.000000 0.000000 -0.000000 -20.999943 0.000349 -0.000000 0.000000 0.000000 6.498628 -3.255157 10.007562 -0.000000 0.000000 -0.000000 9.737182 -0.000020 5.180942 9.529523 -0.000000 0.000000 0.000000 -19.993599 -0.505193 -44.278047 -0.000000 -0.000000 -0.000002 -20.999950 0.017222 0.000001 0.000000 -0.000000 6.500279 -3.255180 -11.808101 -0.000000 0.000000 -0.000000 9.735531 0.000000 -5.180392 10.615959 0.000000 -0.000000 -0.000000 -20.000004 -0.000083 -29.470805 0.000000 0.000000 -0.000000 -20.999985 0.000102 -0.000001 0.000000 0.000000 
-2.573863 97.555466 69.647331 -0.000000 0.000000 -0.000000 0.000000 0.000000 0.000001 -0.000000 0.000000 -0.000000 -6.500005 -3.255150 10.015763 -0.000000 0.000000 -0.000000 -9.719193 -0.000013 5.172739 23.573177 0.000000 0.000000 0.000003 -19.999975 0.000070 -32.136685 0.000000 -0.000001 0.000000 -21.000046 0.000073 -0.000000 -0.000000 -0.000000 -6.500001 -3.255150 -11.802596 -0.000000 0.000000 -0.000000 -9.719196 -0.000024 -5.185902 25.381246 -0.000001 -0.000000 -0.000001 -19.999998 -0.000357 -37.198518 -0.000000 0.000001 -0.000002 -20.999939 0.000348 0.000000 -0.000000 -0.000000 6.498628 -3.255157 10.007562 -0.000000 0.000000 -0.000000 9.737182 -0.000014 5.180941 8.360777 0.000000 -0.000000 -0.000001 -19.993607 -0.505190 -42.745595 0.000000 -0.000000 0.000000 -20.999947 0.017215 -0.000003 0.000000 -0.000000 6.500279 -3.255180 -11.808105 -0.000000 0.000000 -0.000000 9.735531 0.000008 -5.180396 12.059755 0.000000 -0.000000 0.000000 -20.000011 -0.000091 -30.530621 0.000000 -0.000000 0.000000 -20.999981 0.000098 -0.000001 0.000000 -0.000000 
-2.573863 97.496964 70.278404 -0.000000 0.000000 -0.000000 0.000000 0.000000 0.000001 -0.000000 0.000000 -0.000000 -6.500005 -3.255150 10.015763 -0.000000 0.000000 -0.000000 -9.719193 -0.000006 5.172741 25.004231 0.000000 0.000000 0.000001 -19.999983 0.000061 -33.271562 0.000000 -0.000001 0.000002 -21.000038 0.000072 -0.000000 -0.000000 -0.000000 -6.500000 -3.255150 -11.802596 -0.000000 -0.000000 -0.000000 -9.719196 -0.000021 -5.185898 25.236174 -0.000001 0.000000 -0.000001 -20.000000 -0.000353 -39.593418 -0.000000 0.000001 0.000000 -20.999947 0.000344 0.000000 -0.000000 -0.000000 6.498628 -3.255157 10.007562 -0.000000 0.000000 -0.000000 9.737182 -0.000018 5.180941 7.247919 0.000000 -0.000000 -0.000001 -19.993603 -0.505205 -41.235389 -0.000000 0.000000 -0.000001 -20.999954 0.017220 0.000002 -0.000000 -0.000000 6.500279 -3.255180 -11.808105 -0.000000 0.000000 -0.000000 9.735531 0.000004 -5.180396 13.461766 -0.000000 0.000000 -0.000001 -20.000008 -0.000078 -31.498978 0.000000 -0.000000 -0.000001 -20.999989 0.000094 0.000001 0.000000 0.000000 
-2.573863 97.441681 70.909477 -0.000000 0.000000 -0.000000 0.000000 0.000000 0.000001 -0.000000 0.000000 -0.000000 -6.500005 -3.255150 10.015763 -0.000000 0.000000 -0.000000 -9.719193 -0.000007 5.172742 26.256521 0.000000 0.000000 0.000003 -19.999983 0.000065 -34.268292 0.000000 -0.000001 0.000000 -21.000046 0.000085 0.000001 -0.000000 -0.000000 -6.500001 -3.255150 -11.802596 -0.000001 0.000000 -0.000000 -9.719196 -0.000025 -5.185898 24.896367 -0.000001 -0.000000 -0.000001 -20.000008 -0.000353 -41.649203 -0.000000 0.000001 0.000000 -20.999950 0.000347 0.000000 -0.000000 -0.000000 6.498628 -3.255157 10.007562 -0.000000 0.000000 -0.000000 9.737182 -0.000018 5.180942 6.231376 0.000000 -0.000000 -0.000001 -19.993610 -0.505191 -39.741534 0.000000 -0.000000 -0.000001 -20.999950 0.017212 0.000002 0.000000 -0.000000 6.500279 -3.255180 -11.808105 -0.000000 0.000000 -0.000000 9.735531 0.000003 -5.180398 14.787390 -0.000001 0.000000 0.000001 -19.999992 -0.000082 -32.311347 -0.000000 0.000000 0.000000 -20.999981 0.000104 -0.000001 0.000000 -0.000000 
-2.573863 97.411400 71.540543 -0.013814 0.000000 -0.000000 0.000000 0.000008 0.000003 -0.000000 0.000000 -0.000000 -6.500005 -3.255142 10.015767 -0.000000 0.000000 -0.000000 -9.719192 -0.000015 5.172737 26.863554 -0.000000 0.000000 -0.000001 -19.999973 0.000076 -34.434423 0.000000 -0.000001 0.000002 -21.000046 0.000069 0.000001 0.000000 0.000000 -6.500001 -3.255150 -11.802589 -0.000001 0.000000 -0.000000 -9.719196 -0.000014 -5.185904 24.336283 -0.000000 -0.000000 0.000001 -20.000004 -0.000352 -43.285040 -0.000000 0.000001 0.000000 -20.999947 0.000353 0.000000 0.000000 -0.000000 6.498628 -3.255157 10.007565 -0.000000 0.000000 -0.000000 9.737182 -0.000018 5.180937 5.349563 -0.000000 0.000000 -0.000002 -19.993595 -0.505191 -38.201077 0.000000 -0.000000 -0.000003 -20.999954 0.017226 -0.000001 0.000000 0.000000 6.500279 -3.255180 -11.808098 -0.000000 0.000000 -0.000000 9.735531 0.000004 -5.180398 15.965516 -0.000000 0.000000 0.000001 -20.000004 -0.000076 -32.801314 -0.000000 -0.000000 0.000000 -20.999981 0.000100 -0.000001 -0.000000 -0.000000 
-2.573863 97.372627 72.171616 -0.000000 0.000000 -0.000000 0.000000 0.000000 0.000001 -0.000000 0.000000 -0.000000 -6.500005 -3.255150 10.015763 -0.000000 0.000000 -0.000000 -9.719192 -0.000020 5.172733 27.569644 -0.000000 0.000000 -0.000001 -19.999992 0.000076 -35.193035 0.000000 -0.000001 -0.000000 -21.000042 0.000074 0.000001 -0.000000 -0.000000 -6.500001 -3.255150 -11.802596 -0.000001 0.000000 -0.000000 -9.719195 -0.000028 -5.185900 23.601527 -0.000000 -0.000000 -0.000001 -20.000013 -0.000357 -44.672750 -0.000000 0.000001 0.000000 -20.999943 0.000342 0.000000 -0.000000 -0.000000 6.498628 -3.255157 10.007562 -0.000000 0.000000 -0.000000 9.737182 -0.000022 5.180941 4.558337 0.000000 -0.000000 -0.000002 -19.993603 -0.505184 -36.724797 0.000000 -0.000000 -0.000001 -20.999958 0.017216 0.000002 0.000000 -0.000000 6.500279 -3.255180 -11.808105 -0.000000 0.000000 -0.000000 9.735531 0.000006 -5.180396 17.062803 0.000000 -0.000000 -0.000001 -20.000000 -0.000090 -33.183306 0.000000 -0.000000 0.000000 -20.999992 0.000094 0.000001 0.000000 -0.000000 
-2.573863 97.301308 72.802689 0.081521 0.000000 -0.000000 0.000000 0.000000 0.000003 -0.000000 0.000000 -0.000000 -6.500005 -3.255150 10.015763 -0.000000 0.000000 -0.000000 -9.719192 -0.000002 5.172734 29.168675 -0.000000 0.000001 -0.000001 -19.999981 0.000076 -38.213341 0.000000 -0.000001 -0.000002 -21.000038 0.000072 -0.000000 -0.000000 -0.000000 -6.500000 -3.255150 -11.802598 -0.000000 -0.000000 -0.000000 -9.719196 -0.000028 -5.185902 22.718177 -0.000000 -0.000000 0.000003 -20.000011 -0.000352 -45.941048 -0.000000 0.000001 -0.000000 -20.999943 0.000348 0.000000 0.000000 -0.000000 6.498628 -3.255157 10.007554 -0.000000 0.000000 -0.000000 9.737182 -0.000016 5.180936 3.786943 0.000000 -0.000000 -0.000001 -19.993595 -0.505195 -35.305098 0.000000 0.000000 -0.000001 -20.999954 0.017213 0.000002 0.000000 0.000000 6.500279 -3.255180 -11.808103 -0.000000 0.000000 -0.000000 9.735531 0.000001 -5.180398 18.105629 0.000000 -0.000000 0.000000 -19.999994 -0.000084 -33.589877 0.000000 -0.000000 0.000002 -20.999981 0.000098 -0.000001 0.000000 0.000000 
-2.573863 97.190971 73.433762 0.221020 0.000000 -0.000000 0.000000 0.000000 0.000000 -0.000000 0.000000 -0.000000 -6.500005 -3.255150 10.015758 -0.000000 0.000000 -0.000000 -9.719192 -0.000006 5.172732 31.045498 -0.000000 0.000001 0.000001 -19.999992 0.000080 -42.064454 0.000000 -0.000001 0.000002 -21.000034 0.000078 0.000001 0.000000 0.000000 -6.500001 -3.255150 -11.802602 -0.000000 0.000000 -0.000000 -9.719196 -0.000022 -5.185900 21.719334 -0.000001 -0.000000 0.000003 -20.000008 -0.000355 -47.138202 -0.000000 0.000001 -0.000000 -20.999947 0.000348 0.000000 0.000000 0.000000 6.498628 -3.255157 10.007556 -0.000000 0.000000 -0.000000 9.737182 -0.000017 5.180937 3.153605 0.000001 -0.000000 -0.000003 -19.993595 -0.505194 -34.234189 -0.000000 0.000000 -0.000002 -20.999947 0.017209 0.000001 -0.000000 -0.000000 6.500279 -3.255188 -11.808106 -0.000000 0.000000 -0.000000 9.735531 0.000002 -5.180400 19.143731 0.000000 -0.000000 0.000000 -20.000000 -0.000088 -34.100232 0.000000 -0.000000 -0.000001 -20.999985 0.000107 -0.000000 0.000000 -0.000000 
-2.573863 97.009949 74.064835 0.441263 0.000000 -0.000000 0.000000 0.000000 0.000003 -0.000000 0.000000 -0.000000 -6.500005 -3.255150 10.015763 -0.000000 0.000000 -0.000000 -9.719192 -0.000012 5.172729 32.842589 -0.000000 0.000001 0.000001 -19.999996 0.000075 -45.852716 0.000000 -0.000001 0.000000 -21.000031 0.000073 -0.000001 0.000000 0.000000 -6.500000 -3.255157 -11.802593 -0.000000 -0.000000 -0.000000 -9.719198 -0.000025 -5.185906 20.665642 -0.000001 0.000000 0.000001 -20.000006 -0.000345 -48.437099 -0.000000 0.000001 -0.000000 -20.999943 0.000352 -0.000001 0.000000 -0.000000 6.498628 -3.255165 10.007561 -0.000000 0.000000 -0.000000 9.737182 -0.000015 5.180935 2.760057 0.000001 -0.000000 -0.000003 -19.993618 -0.505187 -33.888967 -0.000000 -0.000000 -0.000001 -20.999950 0.017210 0.000002 0.000000 0.000000 6.500279 -3.255188 -11.808102 -0.000000 0.000000 -0.000000 9.735531 0.000005 -5.180394 20.270306 0.000000 -0.000000 0.000000 -20.000004 -0.000084 -34.945396 0.000000 -0.000000 0.000000 -20.999985 0.000098 0.000001 0.000000 -0.000000 
-2.573863 96.809746 74.695908 0.684852 0.000000 -0.000000 0.000000 0.000008 0.000004 -0.000000 0.000000 -0.000000 -6.500005 -3.255150 10.015765 -0.000000 0.000000 -0.000000 -9.719192 -0.000022 5.172737 34.580981 0.000000 0.000001 -0.000002 -19.999979 0.000076 -49.635705 0.000000 -0.000001 -0.000000 -21.000031 0.000084 -0.000000 0.000000 0.000000 -6.500001 -3.255150 -11.802590 -0.000001 0.000000 -0.000000 -9.719196 -0.000009 -5.185900 19.500497 -0.000001 -0.000000 0.000001 -20.000002 -0.000363 -49.592586 -0.000000 0.000001 -0.000000 -20.999943 0.000352 0.000000 0.000000 0.000000 6.498628 -3.255157 10.007563 -0.000000 0.000000 -0.000000 9.737182 -0.000027 5.180934 2.585010 0.000001 -0.000000 -0.000003 -19.993603 -0.505191 -34.007604 0.000000 -0.000000 -0.000000 -20.999950 0.017201 0.000001 0.000000 0.000000 6.500279 -3.255188 -11.808096 -0.000000 0.000000 -0.000000 9.735531 0.000008 -5.180394 21.381393 0.000000 -0.000000 0.000000 -20.000000 -0.000082 -35.802667 0.000000 -0.000000 0.000000 -20.999981 0.000099 -0.000000 0.000000 -0.000000 
-2.573863 96.622345 75.326981 0.913143 0.000000 -0.000000 0.000000 -0.000000 0.000002 -0.000000 0.000000 -0.000000 -6.500005 -3.255150 10.015758 -0.000000 0.000000 -0.000000 -9.719192 -0.000004 5.172724 36.218891 0.000000 0.000001 -0.000001 -19.999977 0.000076 -53.282838 0.000000 -0.000001 0.000002 -21.000034 0.000074 -0.000002 -0.000000 -0.000000 -6.500001 -3.255150 -11.802596 -0.000001 0.000000 -0.000000 -9.719196 -0.000029 -5.185908 18.180907 -0.000001 -0.000000 0.000001 -20.000006 -0.000358 -50.462032 -0.000000 0.000001 0.000000 -20.999947 0.000351 0.000002 -0.000000 -0.000000 6.498628 -3.255157 10.007562 -0.000000 0.000000 -0.000000 9.737182 -0.000019 5.180936 2.610946 0.000001 -0.000000 -0.000002 -19.993612 -0.505189 -34.502987 -0.000000 -0.000000 -0.000002 -20.999950 0.017216 0.000001 -0.000000 0.000000 6.500279 -3.255188 -11.808098 -0.000000 0.000000 -0.000000 9.735531 0.000011 -5.180396 22.417832 0.000000 -0.000000 0.000001 -19.999992 -0.000088 -36.472008 0.000000 -0.000000 0.000000 -20.999989 0.000102 -0.000000 0.000000 -0.000000 
-2.573863 96.474579 75.958054 1.092651 0.000000 -0.000000 0.000000 0.000000 -0.000000 -0.000000 0.000000 -0.000000 -6.500005 -3.255150 10.015754 -0.000000 0.000000 -0.000000 -9.719192 -0.000015 5.172725 37.587265 0.000000 0.000001 -0.000002 -19.999971 0.000063 -56.465048 0.000001 -0.000001 -0.000000 -21.000042 0.000074 -0.000000 0.000000 0.000000 -6.500001 -3.255142 -11.802605 -0.000001 0.000000 -0.000000 -9.719196 -0.000034 -5.185906 16.726723 -0.000001 -0.000000 0.000003 -20.000008 -0.000369 -50.910806 -0.000000 0.000001 0.000000 -20.999943 0.000334 0.000000 -0.000000 -0.000000 6.498628 -3.255150 10.007549 -0.000000 0.000000 -0.000000 9.737182 -0.000011 5.180936 2.928270 0.000001 -0.000000 -0.000002 -19.993599 -0.505207 -35.227879 0.000000 0.000000 -0.000001 -20.999950 0.017209 -0.000001 0.000000 -0.000000 6.500279 -3.255173 -11.808107 -0.000000 0.000000 -0.000000 9.735531 -0.000007 -5.180390 23.338509 0.000000 -0.000000 0.000000 -19.999992 -0.000087 -36.816325 0.000000 -0.000000 -0.000001 -20.999989 0.000098 -0.000000 0.000000 -0.000000 
-2.573863 96.413139 76.589127 1.167724 0.000000 -0.000000 0.000000 0.000008 -0.000003 -0.000000 0.000000 -0.000000 -6.500005 -3.255165 10.015763 -0.000000 0.000000 -0.000000 -9.719192 0.000005 5.172739 38.453688 0.000000 0.000001 0.000002 -19.999983 0.000073 -58.704793 0.000001 -0.000001 -0.000000 -21.000034 0.000074 0.000002 0.000000 0.000000 -6.500001 -3.255157 -11.802602 -0.000001 0.000000 -0.000000 -9.719196 -0.000024 -5.185904 15.102527 -0.000001 -0.000000 0.000001 -20.000004 -0.000360 -50.760067 -0.000000 0.000001 0.000002 -20.999954 0.000349 -0.000001 -0.000000 -0.000000 6.498628 -3.255165 10.007550 -0.000000 0.000000 -0.000000 9.737182 -0.000019 5.180937 3.699317 0.000000 -0.000000 -0.000002 -19.993616 -0.505194 -36.086522 0.000000 0.000000 -0.000002 -20.999943 0.017228 0.000001 0.000000 -0.000000 6.500279 -3.255188 -11.808105 -0.000000 0.000000 -0.000000 9.735531 -0.000003 -5.180394 24.067193 0.000000 -0.000000 0.000000 -20.000004 -0.000083 -36.581957 0.000000 -0.000000 0.000000 -20.999981 0.000105 -0.000000 0.000000 -0.000000 
-2.573863 96.410553 77.220200 1.166216 0.000000 -0.000000 0.000000 0.000008 0.000001 -0.000000 0.000000 -0.000000 -6.500005 -3.255150 10.015761 -0.000000 0.000000 -0.000000 -9.719192 -0.000007 5.172727 38.966472 0.000000 0.000001 0.000002 -19.999983 0.000064 -60.316970 0.000001 -0.000001 -0.000000 -21.000038 0.000070 0.000002 0.000000 0.000000 -6.500001 -3.255150 -11.802603 -0.000001 0.000000 -0.000000 -9.719196 -0.000032 -5.185904 13.431146 -0.000001 -0.000000 0.000001 -20.000006 -0.000358 -50.000000 -0.000000 0.000001 -0.000000 -20.999943 0.000342 -0.000001 0.000000 0.000000 6.498628 -3.255157 10.007557 -0.000000 0.000000 -0.000000 9.737182 -0.000009 5.180939 4.690790 0.000000 -0.000000 0.000000 -19.993597 -0.505182 -36.837461 0.000000 -0.000000 -0.000001 -20.999950 0.017212 -0.000001 0.000000 -0.000000 6.500279 -3.255188 -11.808105 -0.000000 0.000000 -0.000000 9.735531 0.000021 -5.180396 24.650088 0.000000 -0.000000 0.000000 -20.000000 -0.000083 -35.918486 0.000000 -0.000000 -0.000001 -20.999985 0.000097 0.000001 0.000000 -0.000000 
-2.573863 96.460655 77.851273 1.087903 0.000000 -0.000000 0.000000 0.000008 0.000002 -0.000000 0.000000 -0.000000 -6.500005 -3.255142 10.015767 -0.000000 0.000000 -0.000000 -9.719192 -0.000006 5.172726 39.181298 0.000000 0.000001 -0.000000 -19.999971 0.000067 -61.413441 0.000001 -0.000001 -0.000002 -21.000038 0.000069 -0.000000 -0.000000 -0.000000 -6.500001 -3.255142 -11.802599 -0.000001 0.000000 -0.000000 -9.719196 -0.000020 -5.185898 11.849213 -0.000001 0.000000 0.000001 -19.999994 -0.000358 -48.527784 -0.000000 0.000001 -0.000000 -20.999947 0.000346 -0.000001 0.000000 0.000000 6.498628 -3.255157 10.007556 -0.000000 0.000000 -0.000000 9.737182 -0.000013 5.180939 5.741518 0.000000 0.000000 -0.000001 -19.993616 -0.505186 -37.164699 -0.000000 -0.000000 -0.000002 -20.999950 0.017207 -0.000001 -0.000000 0.000000 6.500279 -3.255180 -11.808101 -0.000000 0.000000 -0.000000 9.735531 0.000007 -5.180398 25.110412 0.000000 -0.000000 0.000000 -19.999994 -0.000083 -34.876274 0.000000 -0.000000 -0.000001 -20.999981 0.000098 0.000001 0.000000 -0.000000 
-2.573863 96.546158 78.482338 0.961359 0.000000 -0.000000 0.000000 0.000000 -0.000002 -0.000000 0.000000 -0.000000 -6.500005 -3.255157 10.015754 0.000000 0.000000 -0.000000 -9.719192 -0.000010 5.172725 39.143602 -0.000000 0.000001 0.000002 -19.999979 0.000074 -62.125857 0.000001 -0.000001 0.000000 -21.000042 0.000074 -0.000000 -0.000000 -0.000000 -6.500001 -3.255150 -11.802599 -0.000001 0.000000 -0.000000 -9.719196 -0.000014 -5.185900 10.279869 -0.000001 -0.000000 0.000003 -19.999996 -0.000355 -46.443620 -0.000000 0.000001 0.000000 -20.999947 0.000350 -0.000001 -0.000000 -0.000000 6.498628 -3.255165 10.007557 0.000000 0.000000 -0.000000 9.737182 -0.000018 5.180938 6.797456 0.000000 -0.000000 -0.000001 -19.993603 -0.505198 -37.195974 0.000000 -0.000000 -0.000001 -20.999958 0.017220 0.000001 0.000000 -0.000000 6.500279 -3.255188 -11.808108 0.000000 0.000000 -0.000000 9.735531 0.000015 -5.180402 25.440998 0.000000 -0.000000 0.000000 -20.000004 -0.000089 -33.499325 0.000000 -0.000000 -0.000001 -20.999985 0.000093 -0.000000 0.000000 -0.000000 
-2.573863 96.650322 79.113411 0.809748 0.000000 -0.000000 0.000000 0.000008 0.000001 -0.000000 0.000000 -0.000000 -6.500005 -3.255157 10.015765 -0.000000 0.000000 -0.000000 -9.719192 -0.000006 5.172739 38.928783 -0.000000 0.000001 -0.000000 -19.999964 0.000069 -62.633251 0.000001 -0.000001 0.000000 -21.000034 0.000078 -0.000002 0.000000 -0.000000 -6.500001 -3.255150 -11.802603 -0.000001 0.000000 -0.000000 -9.719196 -0.000032 -5.185902 8.695586 -0.000000 -0.000000 0.000001 -20.000004 -0.000358 -43.763976 -0.000000 0.000001 -0.000002 -20.999947 0.000348 0.000000 -0.000000 -0.000000 6.498628 -3.255157 10.007562 -0.000000 0.000000 -0.000000 9.737182 -0.000010 5.180938 7.721678 -0.000000 0.000000 -0.000000 -19.993595 -0.505189 -36.901931 0.000000 0.000000 -0.000002 -20.999947 0.017223 -0.000001 0.000000 -0.000000 6.500279 -3.255180 -11.808105 -0.000000 0.000000 -0.000000 9.735531 0.000001 -5.180398 25.650948 0.000000 -0.000000 0.000000 -19.999996 -0.000084 -31.854250 0.000000 -0.000000 0.000001 -20.999981 0.000100 -0.000001 0.000000 -0.000000 
-2.573863 96.765343 79.744484 0.649076 0.000000 -0.000000 -0.000000 0.000000 0.000000 0.000000 0.000000 -0.000000 -6.500005 -3.255150 10.015766 0.000000 0.000000 -0.000000 -9.719192 -0.000008 5.172742 38.502388 -0.000000 0.000001 -0.000000 -19.999985 0.000078 -62.905346 0.000001 -0.000001 0.000000 -21.000042 0.000088 -0.000000 0.000000 -0.000000 -6.500001 -3.255142 -11.802593 -0.000001 0.000000 -0.000000 -9.719195 -0.000034 -5.185905 7.085007 -0.000000 -0.000000 -0.000003 -20.000006 -0.000359 -40.637221 -0.000000 0.000001 -0.000002 -20.999947 0.000348 -0.000003 0.000000 0.000000 6.498628 -3.255150 10.007571 0.000000 0.000000 -0.000000 9.737182 -0.000014 5.180936 8.601654 -0.000001 0.000000 -0.000001 -19.993614 -0.505189 -36.437775 -0.000000 -0.000000 -0.000001 -20.999954 0.017209 0.000001 -0.000000 0.000000 6.500279 -3.255173 -11.808094 0.000000 0.000000 -0.000000 9.735531 -0.000005 -5.180402 25.714796 0.000000 -0.000000 0.000000 -20.000008 -0.000082 -29.923704 0.000000 -0.000000 0.000000 -20.999985 0.000105 -0.000000 0.000000 -0.000000 
-2.573863 96.877792 80.375557 0.500910 0.000000 -0.000000 0.000000 0.000000 0.000002 -0.000000 0.000000 -0.000000 -6.500005 -3.255150 10.015759 -0.000000 0.000000 -0.000000 -9.719192 -0.000008 5.172747 37.870527 -0.000000 0.000001 -0.000002 -19.999983 0.000076 -62.984972 0.000001 -0.000001 0.000000 -21.000042 0.000072 -0.000000 -0.000000 -0.000000 -6.500001 -3.255150 -11.802598 -0.000001 0.000000 -0.000000 -9.719196 -0.000038 -5.185907 5.321561 -0.000000 -0.000000 -0.000001 -19.999998 -0.000360 -37.079608 -0.000000 0.000001 -0.000002 -20.999950 0.000344 -0.000003 0.000000 -0.000000 6.498628 -3.255157 10.007564 -0.000000 0.000000 -0.000000 9.737182 -0.000019 5.180943 9.494546 -0.000001 0.000000 -0.000002 -19.993603 -0.505189 -35.952200 -0.000000 -0.000000 -0.000003 -20.999943 0.017213 0.000001 0.000000 0.000000 6.500279 -3.255180 -11.808106 -0.000000 0.000000 -0.000000 9.735531 -0.000006 -5.180398 25.612639 0.000000 -0.000000 0.000000 -19.999989 -0.000085 -27.609897 0.000000 -0.000000 0.000001 -20.999985 0.000099 -0.000000 0.000000 -0.000000 
-2.573863 96.987869 81.006630 0.371740 0.000000 -0.000000 0.000000 0.000000 0.000004 -0.000000 0.000000 -0.000000 -6.500005 -3.255150 10.015770 -0.000000 0.000000 -0.000000 -9.719192 -0.000013 5.172744 36.986881 -0.000000 0.000001 -0.000002 -19.999992 0.000074 -62.832085 0.000001 -0.000001 -0.000002 -21.000046 0.000072 -0.000000 0.000000 -0.000000 -6.500001 -3.255157 -11.802600 -0.000001 0.000000 -0.000000 -9.719194 -0.000026 -5.185911 3.723309 -0.000001 -0.000000 0.000001 -19.999998 -0.000355 -33.504065 -0.000000 0.000000 0.000002 -20.999939 0.000342 0.000000 -0.000000 -0.000000 6.498628 -3.255157 10.007560 -0.000000 0.000000 -0.000000 9.737182 -0.000015 5.180941 10.354357 0.000000 -0.000000 -0.000002 -19.993614 -0.505190 -35.435346 0.000000 -0.000000 -0.000002 -20.999950 0.017208 0.000001 0.000000 -0.000000 6.500279 -3.255180 -11.808101 -0.000000 0.000000 -0.000000 9.735531 -0.000004 -5.180404 25.336915 0.000000 -0.000000 0.000000 -19.999992 -0.000090 -25.220919 0.000000 -0.000000 -0.000001 -20.999985 0.000099 -0.000000 0.000000 -0.000000 
-2.573863 97.087433 81.637703 0.281587 0.000000 -0.000000 0.000000 0.000008 0.000005 -0.000000 0.000000 -0.000000 -6.500005 -3.255142 10.015756 -0.000000 0.000000 -0.000000 -9.719192 -0.000009 5.172739 35.809961 -0.000000 0.000001 -0.000000 -19.999989 0.000067 -62.442546 0.000001 -0.000001 -0.000000 -21.000050 0.000069 0.000002 0.000000 0.000000 -6.500001 -3.255142 -11.802604 -0.000001 0.000000 -0.000000 -9.719196 -0.000011 -5.185900 2.561646 -0.000001 0.000000 -0.000001 -19.999994 -0.000366 -30.254477 -0.000000 0.000000 0.000000 -20.999943 0.000353 0.000000 -0.000000 -0.000000 6.498628 -3.255157 10.007554 -0.000000 0.000000 -0.000000 9.737182 -0.000014 5.180943 11.160700 0.000001 -0.000000 -0.000001 -19.993591 -0.505190 -34.969705 0.000000 0.000000 0.000000 -20.999958 0.017217 0.000001 -0.000000 -0.000000 6.500279 -3.255173 -11.808112 -0.000000 0.000000 -0.000000 9.735531 0.000020 -5.180388 24.783671 0.000000 -0.000000 0.000000 -20.000002 -0.000086 -22.845699 0.000000 -0.000000 0.000000 -20.999981 0.000097 0.000000 0.000000 -0.000000 
-2.573863 97.188034 82.268776 0.211430 0.000000 -0.000000 0.000000 0.000000 -0.000001 -0.000000 0.000000 -0.000000 -6.500005 -3.255142 10.015763 -0.000000 0.000000 -0.000000 -9.719192 -0.000011 5.172741 34.331505 -0.000000 0.000001 -0.000000 -19.999983 0.000073 -61.751815 0.000001 -0.000001 0.000000 -21.000034 0.000073 -0.000000 -0.000000 -0.000000 -6.500001 -3.255142 -11.802603 -0.000001 0.000000 -0.000000 -9.719194 -0.000031 -5.185904 1.849998 -0.000001 -0.000000 -0.000000 -20.000000 -0.000361 -27.554286 -0.000000 0.000000 0.000000 -20.999943 0.000344 -0.000001 -0.000000 -0.000000 6.498628 -3.255150 10.007562 -0.000000 0.000000 -0.000000 9.737182 -0.000016 5.180937 11.893925 0.000001 -0.000000 -0.000002 -19.993608 -0.505182 -34.426944 -0.000000 -0.000000 -0.000001 -20.999954 0.017201 -0.000001 0.000000 -0.000000 6.500279 -3.255180 -11.808104 -0.000000 0.000000 -0.000000 9.735531 0.000011 -5.180402 24.222376 0.000000 -0.000000 0.000000 -19.999998 -0.000086 -21.043943 0.000000 -0.000000 0.000001 -20.999973 0.000101 -0.000000 0.000000 -0.000000 
-2.573863 97.304276 82.899849 0.147266 0.000000 -0.000000 0.000000 0.000008 0.000001 -0.000000 0.000000 -0.000000 -6.500005 -3.255142 10.015758 -0.000000 0.000000 -0.000000 -9.719192 -0.000015 5.172740 32.481156 0.000000 0.000001 -0.000000 -19.999981 0.000065 -60.652012 0.000001 -0.000001 -0.000000 -21.000031 0.000065 -0.000002 0.000000 0.000000 -6.500001 -3.255150 -11.802601 -0.000001 0.000000 -0.000000 -9.719196 -0.000028 -5.185910 1.742424 -0.000001 -0.000000 -0.000000 -20.000006 -0.000372 -25.798188 -0.000000 0.000000 -0.000000 -20.999947 0.000350 -0.000001 0.000000 0.000000 6.498628 -3.255150 10.007556 -0.000000 0.000000 -0.000000 9.737182 -0.000017 5.180946 12.503567 0.000000 -0.000000 -0.000001 -19.993601 -0.505192 -33.651973 0.000000 -0.000000 -0.000001 -20.999947 0.017219 -0.000001 -0.000000 -0.000000 6.500279 -3.255180 -11.808109 -0.000000 0.000000 -0.000000 9.735531 0.000006 -5.180396 23.887999 0.000000 -0.000000 0.000000 -19.999996 -0.000086 -20.452346 0.000000 -0.000000 -0.000001 -20.999985 0.000099 -0.000000 0.000000 -0.000000 
-2.573863 97.418915 83.530922 0.094058 0.000000 -0.000000 0.000000 -0.000000 0.000004 -0.000000 0.000000 -0.000000 -6.500005 -3.255150 10.015766 -0.000000 0.000000 -0.000000 -9.719193 0.000006 5.172735 30.403645 0.000000 0.000000 -0.000000 -19.999994 0.000061 -59.269083 0.000001 -0.000001 -0.000000 -21.000038 0.000078 0.000002 0.000000 0.000000 -6.500001 -3.255142 -11.802599 -0.000001 0.000000 -0.000000 -9.719196 -0.000012 -5.185904 2.088422 -0.000001 -0.000000 -0.000000 -19.999989 -0.000357 -24.816253 -0.000000 0.000000 0.000000 -20.999935 0.000334 0.000000 -0.000000 0.000000 6.498628 -3.255150 10.007565 -0.000000 0.000000 -0.000000 9.737182 -0.000014 5.180940 13.061683 0.000000 -0.000000 -0.000001 -19.993622 -0.505195 -32.807509 0.000000 -0.000000 -0.000001 -20.999947 0.017210 0.000002 0.000000 -0.000000 6.500279 -3.255180 -11.808100 -0.000000 0.000000 -0.000000 9.735531 0.000018 -5.180398 23.780060 0.000000 -0.000000 -0.000001 -19.999981 -0.000088 -20.928869 0.000000 -0.000000 -0.000001 -20.999977 0.000101 -0.000000 0.000000 -0.000000 
-2.573863 97.523041 84.161987 0.051721 0.000000 -0.000000 -0.000000 0.000000 0.000002 -0.000000 0.000000 -0.000000 -6.500005 -3.255150 10.015766 -0.000000 0.000000 -0.000000 -9.719192 -0.000015 5.172742 28.181489 0.000000 0.000001 -0.000000 -19.999990 0.000071 -57.645875 0.000001 -0.000001 0.000002 -21.000031 0.000076 0.000002 0.000000 0.000000 -6.500000 -3.255157 -11.802604 -0.000000 -0.000000 -0.000000 -9.719196 -0.000029 -5.185898 2.819381 -0.000001 -0.000000 0.000001 -19.999994 -0.000362 -24.673367 -0.000000 0.000000 -0.000000 -20.999939 0.000346 -0.000001 0.000000 0.000000 6.498628 -3.255157 10.007557 -0.000000 0.000000 -0.000000 9.737182 -0.000013 5.180943 13.603151 -0.000000 0.000000 -0.000002 -19.993614 -0.505186 -31.965077 0.000000 -0.000000 -0.000001 -20.999954 0.017216 0.000001 0.000000 0.000000 6.500279 -3.255188 -11.808105 -0.000000 0.000000 -0.000000 9.735531 0.000010 -5.180396 24.067659 0.000000 -0.000000 0.000000 -20.000008 -0.000086 -22.733147 0.000000 -0.000000 0.000001 -20.999977 0.000101 0.000000 0.000000 -0.000000 
-2.573863 97.606339 84.793060 0.021383 0.000000 -0.000000 0.000000 0.000000 0.000004 -0.000000 0.000000 -0.000000 -6.500005 -3.255150 10.015762 -0.000000 0.000000 -0.000000 -9.719192 -0.000012 5.172725 25.931056 -0.000000 0.000001 -0.000002 -19.999983 0.000068 -55.923615 0.000001 -0.000001 -0.000000 -21.000027 0.000072 -0.000000 -0.000000 0.000000 -6.500001 -3.255157 -11.802601 -0.000000 0.000000 -0.000000 -9.719196 -0.000018 -5.185910 3.843689 -0.000001 -0.000000 0.000001 -19.999994 -0.000360 -25.059790 -0.000000 0.000000 -0.000000 -20.999943 0.000344 0.000000 0.000000 0.000000 6.498628 -3.255165 10.007561 -0.000000 0.000000 -0.000000 9.737182 -0.000007 5.180934 14.189156 0.000000 -0.000000 -0.000001 -19.993610 -0.505190 -31.243174 0.000000 -0.000000 -0.000003 -20.999950 0.017206 0.000001 0.000000 -0.000000 6.500279 -3.255180 -11.808109 -0.000000 0.000000 -0.000000 9.735531 0.000001 -5.180404 24.476980 0.000000 -0.000000 0.000001 -19.999994 -0.000086 -25.296816 0.000000 -0.000000 -0.000001 -20.999985 0.000101 -0.000000 0.000000 -0.000000 
-2.573863 97.655212 85.424133 0.006149 0.000000 -0.000000 0.000000 0.000000 0.000003 -0.000000 0.000000 -0.000000 -6.500005 -3.255150 10.015763 -0.000000 0.000000 -0.000000 -9.719192 -0.000016 5.172735 23.842329 0.000000 0.000001 -0.000000 -19.999989 0.000062 -54.285305 0.000001 -0.000001 0.000000 -21.000042 0.000071 0.000002 -0.000000 -0.000000 -6.500001 -3.255150 -11.802596 0.000000 0.000000 0.000000 -9.719196 -0.000025 -5.185902 5.053049 -0.000001 -0.000000 0.000001 -20.000011 -0.000362 -25.664528 -0.000000 0.000000 -0.000002 -20.999943 0.000349 -0.000001 -0.000000 -0.000000 6.498628 -3.255165 10.007562 -0.000000 0.000000 -0.000000 9.737182 -0.000024 5.180943 14.892097 0.000000 -0.000000 -0.000001 -19.993622 -0.505201 -30.789321 -0.000000 -0.000000 -0.000002 -20.999954 0.017206 0.000001 -0.000000 -0.000000 6.500279 -3.255180 -11.808105 -0.000000 0.000000 -0.000000 9.735531 0.000005 -5.180396 24.772666 0.000000 -0.000000 0.000000 -20.000004 -0.000080 -28.196838 0.000000 -0.000000 0.000000 -20.999985 0.000097 -0.000000 0.000000 -0.000000 
-2.573863 97.670486 86.055206 -0.000000 0.000000 -0.000000 0.000000 0.000000 0.000001 -0.000000 0.000000 -0.000000 -6.500005 -3.255150 10.015763 -0.000000 0.000000 -0.000000 -9.719193 -0.000008 5.172734 21.777003 0.000000 0.000000 -0.000001 -19.999981 0.000089 -52.648772 0.000000 -0.000001 -0.000002 -21.000031 0.000080 0.000002 -0.000000 -0.000000 -6.500001 -3.255150 -11.802596 -0.000000 0.000000 -0.000000 -9.719196 -0.000030 -5.185902 6.428907 -0.000001 -0.000000 -0.000000 -20.000000 -0.000368 -26.556216 -0.000000 0.000000 0.000000 -20.999939 0.000340 0.000000 -0.000000 -0.000000 6.498628 -3.255157 10.007562 -0.000000 0.000000 -0.000000 9.737182 -0.000020 5.180938 15.713185 0.000000 -0.000000 -0.000002 -19.993628 -0.505180 -30.587944 0.000000 -0.000000 -0.000001 -20.999954 0.017216 0.000001 0.000000 -0.000000 6.500279 -3.255180 -11.808105 -0.000000 0.000000 -0.000000 9.735531 0.000004 -5.180392 25.008379 0.000000 -0.000000 -0.000001 -20.000000 -0.000091 -31.256950 0.000000 -0.000000 0.000000 -20.999981 0.000094 0.000000 0.000000 -0.000000 
-2.573863 97.645164 86.686279 -0.001336 0.000000 -0.000000 0.000000 0.000000 -0.000003 -0.000000 0.000000 -0.000000 -6.500005 -3.255150 10.015760 -0.000000 0.000000 -0.000000 -9.719193 -0.000000 5.172725 19.645581 0.000000 0.000000 0.000001 -19.999977 0.000080 -51.008973 0.000000 -0.000001 -0.000002 -21.000038 0.000072 0.000002 -0.000000 -0.000000 -6.500001 -3.255150 -11.802599 -0.000000 0.000000 -0.000000 -9.719196 -0.000026 -5.185908 7.926893 -0.000001 -0.000000 -0.000000 -19.999998 -0.000369 -27.733925 -0.000000 0.000000 0.000002 -20.999939 0.000349 0.000000 0.000000 -0.000000 6.498628 -3.255157 10.007559 -0.000000 0.000000 -0.000000 9.737182 -0.000000 5.180937 16.686926 -0.000000 0.000000 0.000000 -19.993599 -0.505184 -30.633067 0.000000 -0.000000 -0.000001 -20.999958 0.017200 0.000001 -0.000000 -0.000000 6.500279 -3.255180 -11.808107 -0.000000 0.000000 -0.000000 9.735531 0.000003 -5.180396 25.161816 0.000000 -0.000000 0.000000 -19.999989 -0.000087 -34.140516 0.000000 -0.000000 0.000000 -20.999981 0.000098 -0.000000 0.000000 -0.000000 
-2.573863 97.589104 87.317352 -0.000000 0.000000 -0.000000 0.000000 0.000000 0.000001 -0.000000 0.000000 -0.000000 -6.500005 -3.255150 10.015763 -0.000000 0.000000 -0.000000 -9.719192 -0.000015 5.172729 17.491624 0.000000 0.000001 -0.000002 -19.999992 0.000063 -49.317576 0.000000 -0.000001 -0.000000 -21.000038 0.000086 -0.000000 0.000000 0.000000 -6.500001 -3.255150 -11.802596 -0.000000 0.000000 -0.000000 -9.719196 -0.000021 -5.185905 9.516161 -0.000001 -0.000000 -0.000002 -20.000002 -0.000365 -29.095298 -0.000000 0.000000 -0.000000 -20.999939 0.000344 -0.000001 0.000000 -0.000000 6.498628 -3.255157 10.007562 -0.000000 0.000000 -0.000000 9.737182 -0.000012 5.180934 17.785867 -0.000001 0.000000 -0.000001 -19.993599 -0.505187 -31.043329 0.000000 -0.000000 -0.000001 -20.999954 0.017201 0.000001 0.000000 -0.000000 6.500279 -3.255180 -11.808105 -0.000000 0.000000 -0.000000 9.735531 -0.000000 -5.180396 25.225413 0.000000 -0.000000 0.000000 -20.000000 -0.000085 -36.905688 0.000000 -0.000000 0.000000 -20.999985 0.000102 -0.000000 0.000000 -0.000000 
-2.573863 97.508293 87.948425 -0.000000 0.000000 -0.000000 0.000000 0.000000 0.000001 -0.000000 0.000000 -0.000000 -6.500005 -3.255150 10.015763 -0.000000 0.000000 -0.000000 -9.719192 -0.000016 5.172732 15.252770 -0.000000 0.000001 -0.000003 -19.999992 0.000070 -47.459604 0.000000 -0.000001 -0.000002 -21.000038 0.000074 0.000002 0.000000 0.000000 -6.500001 -3.255150 -11.802596 -0.000000 0.000000 -0.000000 -9.719196 -0.000024 -5.185902 11.159874 -0.000001 -0.000000 0.000001 -20.000008 -0.000358 -30.554636 -0.000000 0.000000 -0.000000 -20.999935 0.000349 -0.000001 0.000000 0.000000 6.498628 -3.255157 10.007562 -0.000000 0.000000 -0.000000 9.737182 -0.000011 5.180937 19.006844 -0.000001 0.000000 -0.000001 -19.993603 -0.505198 -31.976265 -0.000000 -0.000000 -0.000001 -20.999954 0.017215 -0.000000 0.000000 0.000000 6.500279 -3.255180 -11.808105 -0.000000 0.000000 -0.000000 9.735531 0.000004 -5.180398 25.186611 0.000000 -0.000000 0.000000 -20.000004 -0.000081 -39.499315 0.000000 -0.000000 -0.000001 -20.999996 0.000104 0.000001 0.000000 -0.000000 
-2.573863 97.407425 88.579498 -0.000000 0.000000 -0.000000 0.000000 0.000000 0.000001 -0.000000 0.000000 -0.000000 -6.500005 -3.255150 10.015763 -0.000000 0.000000 -0.000000 -9.719192 -0.000012 5.172733 13.157362 -0.000000 0.000001 0.000001 -19.999979 0.000061 -45.629953 0.000000 -0.000001 0.000002 -21.000042 0.000063 0.000002 -0.000000 -0.000000 -6.500001 -3.255150 -11.802596 -0.000000 0.000000 -0.000000 -9.719196 -0.000025 -5.185902 12.831612 -0.000001 -0.000000 -0.000001 -19.999998 -0.000369 -32.061045 -0.000000 0.000000 -0.000000 -20.999939 0.000343 0.000000 0.000000 0.000000 6.498628 -3.255157 10.007562 -0.000000 0.000000 -0.000000 9.737182 -0.000017 5.180938 20.311582 -0.000001 0.000000 -0.000002 -19.993610 -0.505194 -33.309231 -0.000000 -0.000000 0.000000 -20.999954 0.017221 0.000001 -0.000000 -0.000000 6.500279 -3.255180 -11.808105 -0.000000 0.000000 -0.000000 9.735531 0.000002 -5.180394 25.038090 0.000000 -0.000000 0.000000 -20.000006 -0.000088 -41.918749 0.000000 -0.000000 0.000000 -20.999992 0.000098 -0.000001 0.000000 -0.000000 
-2.573863 97.291519 89.210571 -0.003843 0.000000 -0.000000 0.000000 0.000000 0.000003 -0.000000 0.000000 -0.000000 -6.500005 -3.255150 10.015768 -0.000000 0.000000 -0.000000 -9.719192 -0.000018 5.172738 11.377190 -0.000000 0.000001 0.000001 -19.999968 0.000077 -43.935171 0.000000 -0.000001 -0.000000 -21.000034 0.000066 -0.000000 0.000000 0.000000 -6.500001 -3.255150 -11.802591 -0.000000 0.000000 -0.000000 -9.719196 -0.000033 -5.185908 14.507424 -0.000001 -0.000000 -0.000001 -20.000010 -0.000368 -33.556354 -0.000000 0.000000 -0.000000 -20.999939 0.000351 -0.000001 0.000000 0.000000 6.498628 -3.255157 10.007566 -0.000000 0.000000 -0.000000 9.737182 -0.000012 5.180935 21.681720 -0.000001 0.000000 -0.000002 -19.993616 -0.505194 -34.979919 -0.000000 -0.000000 0.000000 -20.999950 0.017219 0.000001 0.000000 -0.000000 6.500279 -3.255180 -11.808100 -0.000000 0.000000 -0.000000 9.735531 -0.000002 -5.180396 24.778926 0.000000 -0.000000 0.000000 -20.000000 -0.000080 -44.156196 0.000000 -0.000000 0.000000 -20.999985 0.000102 -0.000001 0.000000 -0.000000 
-2.573863 97.165573 89.841644 -0.000000 0.000000 -0.000000 0.000000 0.000000 0.000001 -0.000000 0.000000 -0.000000 -6.500005 -3.255150 10.015763 -0.000000 0.000000 -0.000000 -9.719192 -0.000015 5.172729 10.019585 0.000000 0.000000 -0.000001 -19.999977 0.000084 -42.525215 0.000000 -0.000001 -0.000000 -21.000038 0.000080 -0.000000 -0.000000 -0.000000 -6.500001 -3.255150 -11.802596 -0.000000 0.000000 -0.000000 -9.719196 -0.000022 -5.185904 16.143046 -0.000001 -0.000000 -0.000001 -20.000006 -0.000358 -34.976777 -0.000000 0.000000 -0.000002 -20.999939 0.000340 -0.000001 -0.000000 -0.000000 6.498628 -3.255157 10.007562 -0.000000 0.000000 -0.000000 9.737182 -0.000019 5.180941 23.054323 -0.000001 0.000000 -0.000003 -19.993607 -0.505192 -36.964827 0.000000 0.000000 0.000000 -20.999947 0.017204 -0.000000 -0.000000 -0.000000 6.500279 -3.255180 -11.808105 -0.000000 0.000000 -0.000000 9.735531 -0.000006 -5.180398 24.377398 0.000000 -0.000000 0.000000 -20.000004 -0.000086 -46.173841 0.000000 -0.000000 -0.000001 -20.999985 0.000100 -0.000003 0.000000 -0.000000 
-2.573863 97.034615 90.472717 0.007004 0.000000 -0.000000 0.000000 0.000000 0.000003 -0.000000 0.000000 -0.000000 -6.500005 -3.255150 10.015766 -0.000000 0.000000 -0.000000 -9.719192 -0.000014 5.172734 9.367087 -0.000000 0.000000 -0.000001 -19.999977 0.000074 -41.672518 0.000000 -0.000001 0.000002 -21.000042 0.000066 0.000002 0.000000 0.000000 -6.500001 -3.255150 -11.802593 0.000000 0.000000 0.000000 -9.719196 -0.000033 -5.185900 17.726006 -0.000001 -0.000000 -0.000003 -19.999996 -0.000370 -36.284092 -0.000000 0.000001 -0.000000 -20.999935 0.000340 0.000000 0.000000 -0.000000 6.498628 -3.255157 10.007565 -0.000000 0.000000 -0.000000 9.737182 -0.000016 5.180940 24.336353 -0.000000 0.000000 -0.000000 -19.993608 -0.505196 -39.191424 -0.000000 0.000000 -0.000001 -20.999962 0.017202 0.000001 -0.000000 0.000000 6.500279 -3.255188 -11.808102 -0.000000 0.000000 -0.000000 9.735531 0.000012 -5.180392 23.833701 0.000000 -0.000000 0.000000 -20.000002 -0.000075 -47.966158 0.000000 -0.000000 0.000000 -20.999981 0.000090 0.000001 0.000000 -0.000000 
-2.573863 96.903664 91.103783 0.061481 0.000000 -0.000000 0.000000 0.000000 -0.000000 -0.000000 0.000000 -0.000000 -6.500005 -3.255150 10.015765 0.000000 0.000000 -0.000000 -9.719192 -0.000011 5.172730 9.065842 -0.000000 0.000001 0.000001 -19.999981 0.000081 -41.116325 0.000000 -0.000001 0.000000 -21.000034 0.000074 -0.000000 0.000000 0.000000 -6.500001 -3.255150 -11.802597 0.000000 0.000000 -0.000000 -9.719196 -0.000027 -5.185904 19.136985 -0.000001 -0.000000 -0.000001 -20.000002 -0.000360 -37.343557 -0.000000 0.000001 -0.000002 -20.999939 0.000346 -0.000001 0.000000 0.000000 6.498628 -3.255165 10.007564 0.000000 0.000000 -0.000000 9.737182 -0.000023 5.180932 25.599735 0.000000 -0.000000 0.000000 -19.993593 -0.505191 -41.744579 0.000000 -0.000000 -0.000002 -20.999950 0.017205 0.000001 0.000000 -0.000000 6.500279 -3.255180 -11.808105 0.000000 0.000000 -0.000000 9.735531 0.000017 -5.180402 23.051233 0.000000 -0.000000 0.000000 -20.000000 -0.000085 -49.428511 0.000000 -0.000000 0.000001 -20.999989 0.000094 0.000001 0.000000 -0.000000 
-2.573863 96.777718 91.734856 0.225641 0.000000 -0.000000 -0.000000 0.000000 -0.000000 -0.000000 0.000000 -0.000000 -6.500005 -3.255157 10.015767 -0.000000 0.000000 -0.000000 -9.719192 -0.000002 5.172733 8.825974 -0.000000 0.000000 0.000001 -19.999985 0.000083 -40.671324 0.000000 -0.000001 0.000004 -21.000038 0.000078 0.000002 0.000000 0.000000 -6.500000 -3.255157 -11.802595 -0.000000 -0.000000 -0.000000 -9.719196 -0.000022 -5.185900 20.212461 -0.000001 -0.000000 0.000001 -20.000010 -0.000363 -37.968356 -0.000000 0.000001 0.000000 -20.999943 0.000346 0.000000 -0.000000 -0.000000 6.498628 -3.255165 10.007565 -0.000000 0.000000 -0.000000 9.737182 -0.000014 5.180937 26.931002 0.000000 -0.000000 -0.000001 -19.993608 -0.505192 -44.800474 -0.000000 0.000000 -0.000002 -20.999958 0.017197 -0.000001 -0.000000 0.000000 6.500279 -3.255188 -11.808104 -0.000000 0.000000 -0.000000 9.735531 -0.000003 -5.180396 21.896067 0.000000 -0.000000 0.000000 -20.000004 -0.000086 -50.428342 0.000000 -0.000000 -0.000001 -20.999992 0.000098 0.000002 0.000000 -0.000000 
-2.573863 96.661804 92.365929 0.441263 0.000000 -0.000000 0.000000 0.000000 -0.000001 -0.000000 0.000000 -0.000000 -6.500005 -3.255150 10.015759 -0.000000 0.000000 -0.000000 -9.719192 -0.000008 5.172735 8.738103 0.000000 0.000000 0.000001 -19.999979 0.000072 -40.383603 0.000000 -0.000001 -0.000002 -21.000042 0.000056 0.000003 -0.000000 -0.000000 -6.500001 -3.255150 -11.802598 -0.000001 0.000000 -0.000000 -9.719196 -0.000030 -5.185900 21.072588 -0.000001 -0.000000 -0.000001 -20.000004 -0.000357 -38.276445 -0.000000 0.000001 0.000000 -20.999943 0.000342 0.000000 -0.000000 -0.000000 6.498628 -3.255165 10.007557 -0.000000 0.000000 -0.000000 9.737182 -0.000008 5.180942 28.193187 0.000000 -0.000000 -0.000002 -19.993614 -0.505184 -48.012463 0.000000 -0.000000 -0.000001 -20.999950 0.017205 0.000001 0.000000 -0.000000 6.500279 -3.255180 -11.808106 -0.000000 0.000000 -0.000000 9.735531 0.000002 -5.180390 20.480382 0.000000 -0.000000 -0.000001 -20.000002 -0.000088 -51.043947 0.000000 -0.000000 -0.000001 -20.999977 0.000106 -0.000003 0.000000 -0.000000 
-2.573863 96.560944 92.997002 0.684852 0.000000 -0.000000 0.000000 0.000008 0.000002 -0.000000 0.000000 -0.000000 -6.500005 -3.255142 10.015756 -0.000000 0.000000 -0.000000 -9.719192 -0.000014 5.172739 8.770152 0.000000 0.000000 0.000001 -19.999981 0.000072 -40.223527 0.000000 -0.000001 0.000000 -21.000042 0.000071 0.000003 -0.000000 -0.000000 -6.500001 -3.255142 -11.802600 -0.000001 0.000000 -0.000000 -9.719196 -0.000016 -5.185908 21.758602 -0.000001 -0.000000 -0.000001 -20.000008 -0.000358 -38.305012 -0.000000 0.000001 0.000002 -20.999943 0.000349 -0.000001 0.000000 0.000000 6.498628 -3.255150 10.007561 -0.000000 0.000000 -0.000000 9.737182 -0.000010 5.180926 29.292001 0.000000 -0.000000 -0.000001 -19.993605 -0.505180 -51.138579 0.000000 -0.000000 -0.000002 -20.999950 0.017220 -0.000001 0.000000 -0.000000 6.500279 -3.255180 -11.808101 -0.000000 0.000000 -0.000000 9.735531 0.000008 -5.180398 18.841739 0.000000 -0.000000 -0.000001 -20.000004 -0.000081 -51.308999 0.000000 -0.000000 0.000000 -20.999985 0.000105 0.000001 0.000000 -0.000000 
-2.573863 96.480133 93.628075 0.914433 0.000000 -0.000000 0.000000 0.000008 -0.000003 -0.000000 0.000000 -0.000000 -6.500005 -3.255150 10.015764 0.000000 0.000000 -0.000000 -9.719192 -0.000013 5.172737 9.000373 0.000000 0.000000 0.000001 -19.999969 0.000068 -40.232860 0.000000 -0.000001 -0.000002 -21.000038 0.000069 0.000002 -0.000000 -0.000000 -6.500001 -3.255150 -11.802598 -0.000001 0.000000 -0.000000 -9.719196 -0.000019 -5.185896 22.343699 -0.000001 -0.000000 0.000001 -20.000004 -0.000349 -38.109522 -0.000000 0.000001 0.000000 -20.999943 0.000343 0.000000 -0.000000 -0.000000 6.498628 -3.255157 10.007561 0.000000 0.000000 -0.000000 9.737182 -0.000030 5.180935 30.185902 0.000000 -0.000000 -0.000002 -19.993586 -0.505189 -54.041133 0.000000 -0.000000 -0.000001 -20.999954 0.017211 -0.000001 0.000000 -0.000000 6.500279 -3.255180 -11.808107 0.000000 0.000000 -0.000000 9.735531 0.000000 -5.180408 17.070092 0.000000 -0.000000 0.000000 -20.000011 -0.000085 -51.224691 0.000000 -0.000000 0.000000 -20.999981 0.000107 0.000001 0.000000 -0.000000 
-2.573863 96.424957 94.259148 1.080585 0.000000 -0.000000 -0.000000 0.000000 0.000001 -0.000000 0.000000 -0.000000 -6.500005 -3.255150 10.015768 -0.000000 0.000000 -0.000000 -9.719192 -0.000000 5.172729 9.492778 0.000000 0.000000 0.000003 -19.999979 0.000074 -40.471586 0.000000 -0.000001 -0.000002 -21.000034 0.000074 -0.000000 -0.000000 -0.000000 -6.500000 -3.255150 -11.802600 -0.000000 -0.000000 -0.000000 -9.719196 -0.000028 -5.185902 22.920996 -0.000001 -0.000000 -0.000001 -20.000004 -0.000356 -37.769679 -0.000000 0.000001 -0.000000 -20.999950 0.000346 0.000000 0.000000 0.000000 6.498628 -3.255165 10.007556 -0.000000 0.000000 -0.000000 9.737182 0.000002 5.180936 30.805605 0.000000 -0.000000 -0.000002 -19.993595 -0.505186 -56.492054 -0.000000 -0.000000 -0.000001 -20.999947 0.017220 -0.000003 -0.000000 -0.000000 6.500279 -3.255180 -11.808109 -0.000000 0.000000 -0.000000 9.735531 -0.000001 -5.180398 15.240075 0.000000 -0.000000 0.000000 -20.000000 -0.000081 -50.852889 0.000000 -0.000000 0.000000 -20.999973 0.000102 -0.000001 0.000000 -0.000000 
-2.573863 96.398750 94.890221 1.182148 0.000000 -0.000000 0.000000 0.000000 -0.000001 -0.000000 0.000000 -0.000000 -6.500005 -3.255150 10.015763 -0.000000 0.000000 -0.000000 -9.719192 -0.000012 5.172734 10.257986 0.000000 0.000000 -0.000001 -19.999983 0.000072 -40.855432 0.000000 -0.000001 -0.000000 -21.000038 0.000070 0.000002 -0.000000 0.000000 -6.500001 -3.255150 -11.802598 -0.000000 0.000000 -0.000000 -9.719196 -0.000027 -5.185906 23.472048 -0.000001 -0.000000 -0.000001 -20.000017 -0.000364 -37.249960 -0.000000 0.000001 -0.000000 -20.999947 0.000338 -0.000000 0.000000 0.000000 6.498628 -3.255165 10.007550 -0.000000 0.000000 -0.000000 9.737182 -0.000010 5.180923 31.140031 0.000000 -0.000000 -0.000001 -19.993607 -0.505176 -58.520651 0.000000 -0.000000 -0.000001 -20.999947 0.017213 0.000001 0.000000 -0.000000 6.500279 -3.255173 -11.808101 -0.000000 0.000000 -0.000000 9.735531 -0.000009 -5.180406 13.435215 0.000000 -0.000000 0.000000 -20.000000 -0.000075 -50.045230 0.000000 -0.000000 -0.000001 -20.999981 0.000096 -0.000001 0.000000 -0.000000 
-2.573863 96.408676 95.521294 1.186447 0.000000 -0.000000 -0.000000 0.000000 0.000002 -0.000000 0.000000 -0.000000 -6.500005 -3.255157 10.015766 -0.000000 0.000000 -0.000000 -9.719192 -0.000006 5.172740 11.442289 0.000000 0.000000 0.000001 -19.999989 0.000076 -41.424503 0.000000 -0.000001 0.000002 -21.000034 0.000070 0.000002 -0.000000 -0.000000 -6.500001 -3.255157 -11.802602 0.000000 0.000000 0.000000 -9.719196 -0.000032 -5.185906 24.041405 -0.000001 -0.000000 -0.000001 -20.000006 -0.000368 -36.570452 -0.000000 0.000001 -0.000000 -20.999947 0.000353 0.000000 0.000000 -0.000000 6.498628 -3.255165 10.007554 -0.000000 0.000000 -0.000000 9.737182 -0.000011 5.180926 31.143467 -0.000000 0.000000 -0.000002 -19.993607 -0.505194 -60.038073 0.000000 -0.000000 -0.000001 -20.999947 0.017221 -0.000001 0.000000 0.000000 6.500278 -3.255188 -11.808104 -0.000000 0.000000 -0.000000 9.735531 -0.000000 -5.180404 11.811110 0.000000 -0.000000 0.000001 -20.000000 -0.000091 -48.674759 0.000000 -0.000000 -0.000001 -20.999985 0.000111 -0.000001 0.000000 -0.000000 
-2.573863 96.448814 96.152367 1.138615 0.000000 -0.000000 0.000000 0.000000 0.000005 -0.000000 0.000000 -0.000000 -6.500005 -3.255150 10.015759 -0.000000 0.000000 -0.000000 -9.719192 -0.000001 5.172742 12.702690 0.000000 0.000000 0.000001 -19.999973 0.000078 -41.865730 0.000000 -0.000001 -0.000002 -21.000042 0.000069 -0.000002 -0.000000 -0.000000 -6.500001 -3.255150 -11.802609 -0.000000 0.000000 -0.000000 -9.719196 -0.000028 -5.185896 24.533150 -0.000001 -0.000000 -0.000001 -19.999998 -0.000352 -35.644100 -0.000000 0.000000 0.000002 -20.999950 0.000348 -0.000000 0.000000 -0.000000 6.498628 -3.255157 10.007554 -0.000000 0.000000 -0.000000 9.737182 -0.000002 5.180936 30.850503 -0.000001 0.000000 -0.000001 -19.993603 -0.505195 -61.171031 0.000000 0.000000 -0.000001 -20.999950 0.017216 -0.000001 0.000000 0.000000 6.500279 -3.255180 -11.808105 -0.000000 0.000000 -0.000000 9.735531 0.000008 -5.180398 10.226204 0.000000 -0.000000 0.000000 -20.000004 -0.000082 -46.738844 0.000000 -0.000000 0.000001 -20.999981 0.000104 -0.000001 0.000000 -0.000000 
-2.573863 96.517715 96.783432 1.074651 0.000000 -0.000000 -0.000000 0.000000 -0.000002 -0.000000 0.000000 -0.000000 -6.500005 -3.255150 10.015756 -0.000000 0.000000 -0.000000 -9.719192 -0.000016 5.172732 13.701389 0.000000 0.000000 0.000001 -19.999966 0.000083 -41.819684 0.000000 -0.000001 -0.000002 -21.000034 0.000078 -0.000002 -0.000000 0.000000 -6.500001 -3.255150 -11.802604 0.000000 0.000000 0.000000 -9.719196 -0.000020 -5.185896 24.859807 -0.000001 -0.000000 -0.000001 -20.000017 -0.000357 -34.382001 -0.000000 0.000000 -0.000002 -20.999943 0.000340 -0.000000 0.000000 0.000000 6.498628 -3.255165 10.007551 -0.000000 0.000000 -0.000000 9.737182 -0.000016 5.180922 30.268000 -0.000000 -0.000000 -0.000001 -19.993603 -0.505190 -62.048027 0.000000 -0.000000 -0.000001 -20.999943 0.017218 -0.000001 -0.000000 0.000000 6.500279 -3.255188 -11.808113 -0.000000 0.000000 -0.000000 9.735531 0.000019 -5.180404 8.584436 0.000000 -0.000000 0.000000 -20.000002 -0.000077 -44.137417 0.000000 -0.000000 0.000001 -20.999977 0.000104 -0.000001 0.000000 -0.000000 
-2.573863 96.609184 97.414505 0.989290 0.000000 -0.000000 0.000000 -0.000000 0.000000 -0.000000 0.000000 -0.000000 -6.500005 -3.255157 10.015768 -0.000000 0.000000 -0.000000 -9.719192 -0.000006 5.172740 14.569147 0.000000 0.000000 0.000001 -19.999985 0.000085 -41.465587 0.000000 -0.000001 -0.000002 -21.000046 0.000078 0.000002 -0.000000 -0.000000 -6.500001 -3.255157 -11.802588 0.000000 0.000000 -0.000000 -9.719196 -0.000015 -5.185898 25.040491 -0.000001 -0.000000 -0.000001 -20.000008 -0.000345 -32.809971 -0.000000 0.000000 0.000002 -20.999943 0.000349 0.000000 -0.000000 -0.000000 6.498628 -3.255165 10.007557 -0.000000 0.000000 -0.000000 9.737182 -0.000010 5.180943 29.433590 0.000001 -0.000000 0.000000 -19.993610 -0.505195 -62.574641 -0.000000 -0.000000 -0.000001 -20.999950 0.017208 0.000002 0.000000 -0.000000 6.500279 -3.255196 -11.808105 -0.000000 0.000000 -0.000000 9.735531 0.000010 -5.180399 6.904937 0.000000 -0.000000 0.000001 -20.000000 -0.000090 -41.035578 0.000000 -0.000000 0.000001 -20.999973 0.000098 -0.000003 0.000000 -0.000000 
-2.573863 96.718201 98.045578 0.887779 0.000000 -0.000000 0.000000 0.000000 0.000003 -0.000000 0.000000 -0.000000 -6.500005 -3.255142 10.015759 -0.000000 0.000000 -0.000000 -9.719193 -0.000009 5.172731 15.320227 0.000000 0.000000 0.000001 -19.999975 0.000072 -40.850829 0.000000 -0.000001 0.000002 -21.000046 0.000076 -0.000000 0.000000 0.000000 -6.500000 -3.255142 -11.802597 -0.000000 -0.000000 -0.000000 -9.719196 -0.000039 -5.185904 25.073638 -0.000001 -0.000000 0.000001 -20.000008 -0.000365 -30.937905 -0.000000 0.000000 0.000000 -20.999943 0.000348 -0.000000 -0.000000 0.000000 6.498628 -3.255157 10.007555 -0.000000 0.000000 -0.000000 9.737182 -0.000011 5.180934 28.371974 0.000000 -0.000000 -0.000001 -19.993595 -0.505200 -62.703076 -0.000000 0.000000 -0.000001 -20.999954 0.017218 0.000002 -0.000000 -0.000000 6.500279 -3.255180 -11.808106 -0.000000 0.000000 -0.000000 9.735531 -0.000003 -5.180406 5.064054 0.000000 -0.000000 0.000000 -20.000002 -0.000097 -37.418150 0.000000 -0.000000 0.000000 -20.999977 0.000100 -0.000001 0.000000 -0.000000 
-2.573863 96.839752 98.676651 0.774593 0.000000 -0.000000 0.000000 0.000000 0.000003 -0.000000 0.000000 -0.000000 -6.500005 -3.255150 10.015768 -0.000000 0.000000 -0.000000 -9.719193 -0.000005 5.172736 15.966416 0.000000 0.000000 0.000003 -19.999968 0.000069 -40.011371 0.000000 -0.000001 -0.000000 -21.000034 0.000078 -0.000000 -0.000000 0.000000 -6.500001 -3.255157 -11.802596 -0.000001 0.000000 -0.000000 -9.719194 -0.000015 -5.185904 24.933899 -0.000001 -0.000000 0.000001 -19.999992 -0.000367 -28.724736 -0.000000 0.000000 -0.000000 -20.999943 0.000360 -0.000000 0.000000 0.000000 6.498628 -3.255157 10.007565 -0.000000 0.000000 -0.000000 9.737182 -0.000015 5.180938 27.128811 0.000000 -0.000000 -0.000002 -19.993591 -0.505196 -62.421864 0.000000 -0.000000 -0.000001 -20.999958 0.017221 0.000002 0.000000 -0.000000 6.500279 -3.255188 -11.808098 -0.000000 0.000000 -0.000000 9.735531 0.000001 -5.180399 3.394085 0.000000 -0.000000 -0.000001 -20.000002 -0.000088 -33.725862 0.000000 -0.000000 -0.000002 -20.999985 0.000098 -0.000001 0.000000 -0.000000 
-2.573863 96.968826 99.307724 0.654404 0.000000 -0.000000 0.000000 0.000008 0.000002 -0.000000 0.000000 -0.000000 -6.500005 -3.255150 10.015763 0.000000 0.000000 -0.000000 -9.719193 -0.000008 5.172736 16.518650 0.000000 0.000000 0.000001 -19.999985 0.000091 -38.984459 0.000000 -0.000001 0.000002 -21.000042 0.000055 0.000002 0.000000 0.000000 -6.500000 -3.255142 -11.802588 -0.000000 -0.000000 -0.000000 -9.719196 -0.000031 -5.185900 24.585276 -0.000001 -0.000000 -0.000000 -19.999994 -0.000364 -26.008203 -0.000000 0.000000 0.000000 -20.999931 0.000347 -0.000000 -0.000000 0.000000 6.498628 -3.255150 10.007561 0.000000 0.000000 -0.000000 9.737182 -0.000024 5.180944 25.753309 -0.000000 0.000000 -0.000001 -19.993599 -0.505184 -61.655503 0.000000 -0.000000 -0.000001 -20.999958 0.017218 0.000001 0.000000 -0.000000 6.500278 -3.255173 -11.808098 0.000000 0.000000 -0.000000 9.735531 0.000008 -5.180404 2.168950 0.000000 -0.000000 0.000000 -20.000004 -0.000094 -30.276801 0.000000 -0.000000 0.000000 -20.999985 0.000096 0.000001 0.000000 -0.000000 
-2.573863 97.100410 99.938797 0.531879 0.000000 -0.000000 0.000000 0.000000 0.000001 -0.000000 0.000000 -0.000000 -6.500005 -3.255157 10.015760 -0.000000 0.000000 -0.000000 -9.719193 -0.000010 5.172731 16.993765 0.000000 0.000000 0.000001 -19.999975 0.000069 -37.813696 0.000000 -0.000001 -0.000002 -21.000034 0.000078 0.000002 -0.000000 -0.000000 -6.500001 -3.255157 -11.802609 -0.000000 0.000000 -0.000000 -9.719196 -0.000022 -5.185898 24.058254 -0.000001 -0.000000 -0.000002 -20.000006 -0.000362 -23.161733 -0.000000 0.000000 0.000002 -20.999943 0.000343 0.000000 0.000000 0.000000 6.498628 -3.255165 10.007550 -0.000000 0.000000 -0.000000 9.737182 -0.000019 5.180935 24.259427 0.000000 -0.000000 -0.000001 -19.993618 -0.505184 -60.548432 0.000000 -0.000000 -0.000002 -20.999947 0.017211 -0.000001 0.000000 -0.000000 6.500279 -3.255196 -11.808111 -0.000000 0.000000 -0.000000 9.735531 0.000007 -5.180399 1.440111 0.000000 -0.000000 -0.000001 -20.000000 -0.000079 -27.423708 0.000000 -0.000000 0.000000 -20.999985 0.000096 0.000001 0.000000 -0.000000 
-2.573863 97.229477 100.569870 0.411690 0.000000 -0.000000 -0.000000 0.000000 0.000004 -0.000000 0.000000 -0.000000 -6.500005 -3.255157 10.015761 -0.000000 0.000000 -0.000000 -9.719192 -0.000013 5.172727 17.404053 -0.000000 0.000000 0.000001 -19.999971 0.000081 -36.536348 0.000000 -0.000001 -0.000000 -21.000038 0.000074 0.000002 0.000000 0.000000 -6.500000 -3.255150 -11.802595 -0.000000 -0.000000 -0.000000 -9.719196 -0.000023 -5.185896 23.231842 -0.000001 -0.000000 -0.000000 -20.000029 -0.000360 -20.207043 -0.000000 0.000000 -0.000000 -20.999950 0.000351 -0.000000 0.000000 0.000000 6.498628 -3.255165 10.007560 -0.000000 0.000000 -0.000000 9.737182 -0.000024 5.180932 22.687254 -0.000000 0.000000 -0.000001 -19.993599 -0.505193 -59.245314 0.000000 0.000000 -0.000000 -20.999937 0.017210 -0.000005 -0.000000 -0.000000 6.500279 -3.255180 -11.808104 -0.000000 0.000000 -0.000000 9.735531 0.000003 -5.180407 1.421704 0.000000 -0.000000 -0.000001 -20.000008 -0.000078 -25.726179 0.000000 -0.000000 0.000000 -20.999989 0.000096 -0.000001 0.000000 -0.000000 
-2.573863 97.351036 101.200943 0.298504 0.000000 -0.000000 0.000000 0.000000 0.000003 -0.000000 0.000000 -0.000000 -6.500005 -3.255150 10.015769 -0.000000 0.000000 -0.000000 -9.719192 -0.000004 5.172738 17.774031 -0.000000 0.000000 0.000001 -19.999981 0.000079 -35.208526 0.000000 -0.000001 0.000000 -21.000038 0.000078 -0.000000 -0.000000 -0.000000 -6.500001 -3.255142 -11.802595 -0.000001 0.000000 -0.000000 -9.719196 -0.000024 -5.185902 22.524388 -0.000001 -0.000000 -0.000000 -20.000011 -0.000362 -18.037037 -0.000000 0.000000 0.000000 -20.999939 0.000354 -0.000000 -0.000000 0.000000 6.498628 -3.255157 10.007566 -0.000000 0.000000 -0.000000 9.737182 -0.000017 5.180944 21.007638 0.000000 -0.000000 -0.000001 -19.993608 -0.505199 -57.669794 0.000000 -0.000000 -0.000002 -20.999947 0.017214 -0.000001 0.000000 -0.000000 6.500279 -3.255180 -11.808104 -0.000000 0.000000 -0.000000 9.735531 0.000005 -5.180400 1.899621 0.000000 -0.000000 -0.000001 -20.000000 -0.000092 -24.881703 0.000000 -0.000000 0.000001 -20.999985 0.000110 -0.000001 0.000000 -0.000000 
-2.573863 97.460052 101.832016 0.196992 0.000000 -0.000000 0.000000 0.000000 0.000001 -0.000000 0.000000 -0.000000 -6.500005 -3.255157 10.015767 -0.000000 0.000000 -0.000000 -9.719193 -0.000007 5.172745 18.120063 0.000000 0.000000 0.000001 -19.999985 0.000081 -33.872899 0.000000 -0.000001 -0.000000 -21.000046 0.000070 0.000002 -0.000000 -0.000000 -6.500000 -3.255157 -11.802599 -0.000000 -0.000000 -0.000000 -9.719196 -0.000022 -5.185910 22.370468 -0.000001 -0.000000 -0.000000 -20.000004 -0.000362 -17.706053 -0.000000 0.000000 0.000000 -20.999943 0.000345 0.000000 -0.000000 -0.000000 6.498628 -3.255165 10.007565 -0.000000 0.000000 -0.000000 9.737182 -0.000015 5.180942 19.158479 0.000000 -0.000000 -0.000001 -19.993618 -0.505188 -55.717289 0.000000 0.000000 -0.000001 -20.999943 0.017199 -0.000003 0.000000 0.000000 6.500279 -3.255188 -11.808107 -0.000000 0.000000 -0.000000 9.735531 0.000005 -5.180408 2.778008 -0.000000 0.000000 -0.000002 -20.000011 -0.000088 -24.907436 0.000000 0.000000 -0.000001 -20.999977 0.000108 -0.000001 0.000000 0.000000 
-2.573863 97.551521 102.463089 0.111824 0.000000 -0.000000 -0.000000 0.000000 0.000003 -0.000000 0.000000 -0.000000 -6.500005 -3.255150 10.015762 -0.000000 0.000000 -0.000000 -9.719193 -0.000003 5.172738 18.478896 0.000000 0.000000 0.000001 -19.999973 0.000069 -32.607217 0.000000 -0.000001 0.000002 -21.000038 0.000072 -0.000000 0.000000 0.000000 -6.500001 -3.255157 -11.802604 -0.000000 0.000000 -0.000000 -9.719196 -0.000016 -5.185894 22.600432 -0.000001 -0.000000 -0.000000 -20.000006 -0.000360 -18.751478 -0.000000 0.000000 0.000000 -20.999939 0.000353 0.000000 0.000000 0.000000 6.498628 -3.255157 10.007553 -0.000000 0.000000 -0.000000 9.737182 -0.000019 5.180941 17.278750 0.000001 -0.000000 -0.000001 -19.993608 -0.505193 -53.617190 -0.000000 0.000000 -0.000001 -20.999950 0.017211 -0.000001 0.000000 0.000000 6.500279 -3.255180 -11.808112 -0.000000 0.000000 -0.000000 9.735531 -0.000001 -5.180400 3.916244 0.000000 -0.000000 0.000000 -19.999996 -0.000084 -25.403898 0.000000 -0.000000 0.000000 -20.999977 0.000104 -0.000001 0.000000 -0.000000 
-2.573863 97.619873 103.094162 0.049415 0.000000 -0.000000 0.000000 0.000000 -0.000002 -0.000000 0.000000 -0.000000 -6.500005 -3.255142 10.015768 -0.000000 0.000000 -0.000000 -9.719193 -0.000006 5.172723 18.872484 0.000000 0.000000 0.000001 -19.999992 0.000073 -31.450333 0.000000 -0.000001 0.000000 -21.000034 0.000070 -0.000001 -0.000000 -0.000000 -6.500001 -3.255142 -11.802600 0.000000 0.000000 0.000000 -9.719194 -0.000036 -5.185896 23.312467 -0.000001 -0.000000 -0.000000 -20.000006 -0.000357 -21.312968 -0.000000 0.000000 0.000002 -20.999947 0.000339 -0.000000 0.000000 0.000000 6.498628 -3.255150 10.007559 -0.000000 0.000000 -0.000000 9.737182 -0.000023 5.180931 15.483639 0.000000 -0.000000 0.000001 -19.993603 -0.505202 -51.563198 -0.000000 0.000000 -0.000001 -20.999958 0.017207 0.000001 -0.000000 0.000000 6.500279 -3.255173 -11.808101 -0.000000 0.000000 -0.000000 9.735531 0.000003 -5.180398 5.141517 0.000000 -0.000000 -0.000000 -20.000008 -0.000092 -25.936972 -0.000000 0.000000 -0.000000 -20.999981 0.000090 -0.000001 -0.000000 0.000000 
-2.573863 97.661736 103.725227 0.009193 0.000000 -0.000000 0.000000 0.000000 0.000002 -0.000000 0.000000 -0.000000 -6.500005 -3.255150 10.015768 -0.000000 0.000000 -0.000000 -9.719193 -0.000008 5.172736 19.361520 0.000000 0.000000 -0.000001 -19.999977 0.000090 -30.561729 0.000000 -0.000001 0.000002 -21.000034 0.000072 -0.000001 -0.000000 -0.000000 -6.500001 -3.255150 -11.802591 -0.000000 0.000000 -0.000000 -9.719196 -0.000027 -5.185906 24.137556 -0.000001 -0.000000 -0.000000 -20.000010 -0.000357 -24.638138 -0.000000 0.000000 0.000000 -20.999947 0.000362 -0.000000 0.000000 0.000000 6.498628 -3.255150 10.007566 -0.000000 0.000000 -0.000000 9.737182 -0.000015 5.180935 13.782387 0.000000 -0.000000 -0.000002 -19.993620 -0.505198 -49.557691 0.000000 -0.000000 -0.000001 -20.999950 0.017199 -0.000003 0.000000 -0.000000 6.500279 -3.255180 -11.808100 -0.000000 0.000000 -0.000000 9.735531 0.000006 -5.180402 6.454552 0.000001 -0.000000 -0.000001 -19.999994 -0.000088 -26.627663 0.000000 -0.000000 -0.000000 -20.999989 0.000098 -0.000001 0.000000 -0.000000 
-2.573863 97.668831 104.356300 -0.001818 0.000000 -0.000000 0.000000 0.000000 0.000002 -0.000000 0.000000 -0.000000 -6.500005 -3.255150 10.015768 -0.000000 0.000000 -0.000000 -9.719193 -0.000012 5.172735 19.979471 0.000000 0.000000 0.000001 -19.999973 0.000073 -30.079487 0.000000 -0.000001 -0.000000 -21.000042 0.000073 0.000001 0.000000 0.000000 -6.500001 -3.255150 -11.802591 -0.000000 0.000000 -0.000000 -9.719196 -0.000023 -5.185906 24.707482 -0.000001 -0.000000 -0.000000 -20.000006 -0.000363 -28.059426 -0.000000 0.000000 0.000002 -20.999947 0.000341 0.000000 0.000000 0.000000 6.498628 -3.255157 10.007566 -0.000000 0.000000 -0.000000 9.737182 -0.000006 5.180935 12.227564 -0.000000 0.000000 -0.000001 -19.993610 -0.505203 -47.668372 0.000000 0.000000 -0.000002 -20.999950 0.017210 -0.000001 -0.000000 0.000000 6.500279 -3.255180 -11.808100 -0.000000 0.000000 -0.000000 9.735531 0.000007 -5.180399 7.792154 0.000001 -0.000000 -0.000002 -20.000000 -0.000088 -27.463178 -0.000000 -0.000000 -0.000001 -20.999992 0.000092 -0.000001 -0.000000 -0.000000 
-2.573863 97.650284 104.987373 -0.000000 0.000000 -0.000000 0.000000 0.000000 0.000001 -0.000000 0.000000 -0.000000 -6.500005 -3.255150 10.015763 -0.000000 0.000000 -0.000000 -9.719193 -0.000010 5.172738 20.829982 0.000000 0.000000 0.000003 -19.999973 0.000077 -30.106682 0.000000 -0.000001 -0.000002 -21.000042 0.000073 0.000001 0.000000 0.000000 -6.500001 -3.255150 -11.802596 -0.000000 0.000000 -0.000000 -9.719196 -0.000029 -5.185902 25.118161 -0.000001 -0.000000 -0.000002 -20.000008 -0.000365 -31.461962 -0.000000 0.000000 0.000002 -20.999939 0.000346 -0.000000 -0.000000 -0.000000 6.498628 -3.255157 10.007562 -0.000000 0.000000 -0.000000 9.737182 -0.000017 5.180940 10.804343 -0.000001 0.000000 -0.000002 -19.993608 -0.505184 -45.893069 -0.000000 -0.000000 -0.000001 -20.999954 0.017203 0.000001 0.000000 -0.000000 6.500279 -3.255180 -11.808105 -0.000000 0.000000 -0.000000 9.735531 0.000008 -5.180398 9.173277 0.000001 -0.000000 -0.000001 -19.999998 -0.000078 -28.410701 -0.000000 -0.000000 -0.000001 -20.999985 0.000110 -0.000001 0.000000 -0.000000 
-2.573863 97.609268 105.618446 -0.000575 0.000000 -0.000000 0.000000 0.000000 0.000003 -0.000000 0.000000 -0.000000 -6.500005 -3.255150 10.015763 -0.000000 0.000000 -0.000000 -9.719193 -0.000015 5.172740 22.125658 0.000000 0.000000 0.000001 -19.999968 0.000084 -30.960021 0.000000 -0.000001 0.000000 -21.000046 0.000079 0.000001 0.000000 0.000000 -6.500001 -3.255150 -11.802596 -0.000000 0.000000 -0.000000 -9.719196 -0.000018 -5.185904 25.341294 -0.000001 -0.000000 -0.000002 -20.000011 -0.000353 -34.478549 -0.000000 0.000000 -0.000000 -20.999943 0.000342 -0.000000 0.000000 -0.000000 6.498628 -3.255157 10.007562 -0.000000 0.000000 -0.000000 9.737182 -0.000020 5.180942 9.529523 -0.000001 0.000000 -0.000001 -19.993599 -0.505189 -44.278047 -0.000000 -0.000000 -0.000002 -20.999950 0.017214 0.000001 0.000000 0.000000 6.500279 -3.255180 -11.808105 -0.000000 0.000000 -0.000000 9.735531 0.000000 -5.180396 10.615959 0.000000 -0.000000 -0.000000 -19.999996 -0.000091 -29.470805 0.000000 0.000000 -0.000000 -20.999985 0.000105 -0.000001 0.000000 -0.000000 
-2.573863 97.555466 106.249519 -0.000000 0.000000 -0.000000 0.000000 0.000000 0.000001 -0.000000 0.000000 -0.000000 -6.500005 -3.255150 10.015763 -0.000000 0.000000 -0.000000 -9.719193 -0.000013 5.172739 23.573177 0.000000 0.000000 0.000003 -19.999983 0.000066 -32.136685 0.000000 -0.000001 0.000000 -21.000050 0.000073 -0.000000 -0.000000 -0.000000 -6.500001 -3.255150 -11.802596 -0.000000 0.000000 -0.000000 -9.719196 -0.000024 -5.185902 25.381246 -0.000001 -0.000000 -0.000001 -19.999998 -0.000364 -37.198518 -0.000000 0.000001 -0.000002 -20.999947 0.000355 0.000000 -0.000000 -0.000000 6.498628 -3.255157 10.007562 -0.000000 0.000000 -0.000000 9.737182 -0.000014 5.180941 8.360777 -0.000001 0.000000 -0.000002 -19.993607 -0.505194 -42.745595 -0.000000 0.000000 0.000000 -20.999943 0.017207 -0.000003 0.000000 -0.000000 6.500279 -3.255180 -11.808105 -0.000000 0.000000 -0.000000 9.735531 0.000008 -5.180396 12.059755 0.000000 -0.000000 0.000000 -20.000011 -0.000091 -30.530621 0.000000 -0.000000 0.000000 -20.999981 0.000105 -0.000001 0.000000 -0.000000 
-2.573863 97.496964 106.880592 -0.000000 0.000000 -0.000000 0.000000 0.000000 0.000001 -0.000000 0.000000 -0.000000 -6.500005 -3.255150 10.015763 -0.000000 0.000000 -0.000000 -9.719192 -0.000006 5.172741 25.004231 -0.000000 0.000000 0.000001 -19.999975 0.000065 -33.271562 0.000000 -0.000001 0.000002 -21.000038 0.000066 -0.000000 -0.000000 -0.000000 -6.500001 -3.255150 -11.802596 -0.000000 0.000000 -0.000000 -9.719196 -0.000021 -5.185898 25.236174 -0.000001 0.000000 -0.000001 -19.999992 -0.000360 -39.593418 -0.000000 0.000001 0.000000 -20.999947 0.000344 0.000000 -0.000000 -0.000000 6.498628 -3.255157 10.007562 -0.000000 0.000000 -0.000000 9.737182 -0.000018 5.180941 7.247919 -0.000000 0.000000 -0.000001 -19.993610 -0.505198 -41.235389 -0.000000 -0.000000 -0.000001 -20.999947 0.017212 0.000002 0.000000 0.000000 6.500279 -3.255180 -11.808105 -0.000000 0.000000 -0.000000 9.735531 0.000004 -5.180396 13.461766 -0.000000 0.000000 -0.000001 -20.000008 -0.000093 -31.498978 0.000000 0.000000 -0.000001 -20.999985 0.000098 0.000001 0.000000 0.000000 
-2.573863 97.441681 107.511665 -0.000000 0.000000 -0.000000 0.000000 0.000000 0.000001 -0.000000 0.000000 -0.000000 -6.500005 -3.255150 10.015763 -0.000000 0.000000 -0.000000 -9.719192 -0.000007 5.172742 26.256521 -0.000000 0.000000 0.000001 -19.999983 0.000072 -34.268292 0.000000 -0.000001 -0.000000 -21.000038 0.000078 0.000001 0.000000 0.000000 -6.500001 -3.255150 -11.802596 -0.000000 0.000000 -0.000000 -9.719196 -0.000025 -5.185902 24.896367 -0.000001 -0.000000 -0.000001 -20.000015 -0.000368 -41.649203 -0.000000 0.000001 0.000000 -20.999943 0.000343 0.000000 -0.000000 -0.000000 6.498628 -3.255157 10.007562 -0.000000 0.000000 -0.000000 9.737182 -0.000018 5.180942 6.231376 0.000000 -0.000000 -0.000001 -19.993610 -0.505202 -39.741534 0.000000 -0.000000 -0.000001 -20.999966 0.017205 0.000002 0.000000 -0.000000 6.500279 -3.255180 -11.808105 -0.000000 0.000000 -0.000000 9.735531 0.000003 -5.180398 14.787390 0.000000 -0.000000 0.000000 -19.999992 -0.000082 -32.311347 0.000000 -0.000000 0.000001 -20.999981 0.000104 -0.000001 0.000000 -0.000000 
-2.573863 97.411400 108.142738 -0.013814 0.000000 -0.000000 0.000000 0.000008 0.000003 -0.000000 0.000000 -0.000000 -6.500005 -3.255150 10.015767 -0.000000 0.000000 -0.000000 -9.719192 -0.000007 5.172729 26.863554 -0.000000 0.000000 -0.000003 -19.999981 0.000072 -34.434423 0.000000 -0.000001 -0.000000 -21.000038 0.000069 0.000001 0.000000 0.000000 -6.500001 -3.255150 -11.802593 0.000000 0.000000 0.000000 -9.719196 -0.000021 -5.185904 24.336285 -0.000000 -0.000000 0.000003 -20.000010 -0.000360 -43.285036 -0.000000 0.000001 -0.000002 -20.999943 0.000343 0.000000 0.000000 -0.000000 6.498628 -3.255165 10.007565 -0.000000 0.000000 -0.000000 9.737182 -0.000010 5.180937 5.349563 0.000000 0.000000 -0.000002 -19.993595 -0.505191 -38.201077 -0.000000 -0.000000 -0.000003 -20.999954 0.017218 -0.000001 0.000000 -0.000000 6.500279 -3.255180 -11.808102 -0.000000 0.000000 -0.000000 9.735531 -0.000003 -5.180394 15.965516 0.000000 -0.000000 0.000001 -19.999996 -0.000084 -32.801314 0.000000 -0.000000 0.000000 -20.999981 0.000100 -0.000001 0.000000 -0.000000 
-2.573863 97.372627 108.773811 -0.000000 0.000000 -0.000000 0.000000 0.000000 0.000001 -0.000000 0.000000 -0.000000 -6.500005 -3.255150 10.015763 -0.000000 0.000000 -0.000000 -9.719192 -0.000020 5.172741 27.569644 -0.000000 0.000000 -0.000001 -19.999977 0.000076 -35.193035 0.000000 -0.000001 -0.000000 -21.000038 0.000074 0.000001 -0.000000 -0.000000 -6.500001 -3.255150 -11.802596 -0.000000 0.000000 -0.000000 -9.719195 -0.000027 -5.185904 23.601529 -0.000000 -0.000000 0.000001 -20.000013 -0.000357 -44.672750 -0.000000 0.000001 -0.000000 -20.999947 0.000338 0.000000 0.000000 0.000000 6.498628 -3.255157 10.007562 -0.000000 0.000000 -0.000000 9.737182 -0.000022 5.180941 4.558337 0.000000 -0.000000 -0.000002 -19.993603 -0.505184 -36.724797 0.000000 -0.000000 -0.000001 -20.999954 0.017216 0.000002 0.000000 -0.000000 6.500279 -3.255180 -11.808105 -0.000000 0.000000 -0.000000 9.735531 0.000006 -5.180396 17.062803 0.000000 -0.000000 -0.000001 -19.999992 -0.000082 -33.183306 0.000000 -0.000000 0.000000 -20.999992 0.000109 0.000001 0.000000 -0.000000 
-2.573863 97.301308 109.404877 0.081521 0.000000 -0.000000 0.000000 0.000000 0.000003 -0.000000 0.000000 -0.000000 -6.500005 -3.255150 10.015763 -0.000000 0.000000 -0.000000 -9.719192 -0.000002 5.172734 29.168675 -0.000000 0.000000 -0.000001 -19.999981 0.000069 -38.213341 0.000000 -0.000001 0.000000 -21.000038 0.000065 -0.000000 0.000000 0.000000 -6.500000 -3.255150 -11.802594 -0.000000 -0.000000 -0.000000 -9.719195 -0.000028 -5.185894 22.718177 -0.000000 -0.000000 0.000001 -20.000011 -0.000359 -45.941048 -0.000000 0.000001 -0.000000 -20.999947 0.000336 0.000000 0.000000 0.000000 6.498628 -3.255157 10.007554 -0.000000 0.000000 -0.000000 9.737182 -0.000016 5.180936 3.786943 0.000000 -0.000000 -0.000001 -19.993595 -0.505187 -35.305098 0.000000 0.000000 -0.000001 -20.999962 0.017213 0.000002 0.000000 0.000000 6.500279 -3.255180 -11.808103 -0.000000 0.000000 -0.000000 9.735531 0.000001 -5.180390 18.105629 0.000000 -0.000000 0.000000 -20.000002 -0.000084 -33.589877 0.000000 -0.000000 0.000002 -20.999981 0.000102 -0.000001 0.000000 -0.000000 
-2.573863 97.190971 110.035950 0.221020 0.000000 -0.000000 0.000000 0.000000 0.000000 -0.000000 0.000000 -0.000000 -6.500005 -3.255157 10.015758 -0.000000 0.000000 -0.000000 -9.719192 0.000001 5.172740 31.045498 0.000000 0.000000 0.000001 -19.999992 0.000080 -42.064454 0.000000 -0.000001 0.000002 -21.000038 0.000070 0.000001 -0.000000 -0.000000 -6.500001 -3.255150 -11.802606 -0.000001 0.000000 -0.000000 -9.719193 -0.000023 -5.185904 21.719332 -0.000000 -0.000000 0.000003 -20.000008 -0.000346 -47.138206 -0.000000 0.000001 0.000002 -20.999939 0.000342 -0.000001 0.000000 0.000000 6.498628 -3.255165 10.007556 -0.000000 0.000000 -0.000000 9.737182 -0.000010 5.180945 3.153605 0.000001 -0.000000 -0.000002 -19.993587 -0.505186 -34.234189 -0.000000 -0.000000 -0.000001 -20.999950 0.017209 0.000001 -0.000000 0.000000 6.500279 -3.255188 -11.808106 -0.000000 0.000000 -0.000000 9.735531 0.000002 -5.180400 19.143731 0.000000 -0.000000 0.000000 -19.999992 -0.000088 -34.100232 0.000000 -0.000000 -0.000001 -20.999985 0.000092 -0.000000 0.000000 -0.000000 
-2.573863 97.009949 110.667023 0.441263 0.000000 -0.000000 0.000000 0.000000 -0.000004 -0.000000 0.000000 -0.000000 -6.500005 -3.255157 10.015763 -0.000000 0.000000 -0.000000 -9.719192 -0.000004 5.172729 32.842589 0.000000 0.000000 -0.000001 -19.999989 0.000068 -45.852716 0.000000 -0.000001 0.000000 -21.000031 0.000065 -0.000001 -0.000000 -0.000000 -6.500000 -3.255157 -11.802593 -0.000000 -0.000000 -0.000000 -9.719197 -0.000025 -5.185902 20.665641 -0.000000 -0.000000 0.000003 -20.000017 -0.000353 -48.437103 -0.000000 0.000001 0.000000 -20.999939 0.000357 0.000000 -0.000000 -0.000000 6.498628 -3.255165 10.007561 -0.000000 0.000000 -0.000000 9.737182 -0.000015 5.180935 2.760057 0.000001 -0.000000 -0.000001 -19.993603 -0.505202 -33.888967 0.000000 -0.000000 -0.000001 -20.999950 0.017195 0.000002 0.000000 0.000000 6.500279 -3.255188 -11.808102 -0.000000 0.000000 -0.000000 9.735531 0.000005 -5.180394 20.270306 0.000000 -0.000000 0.000000 -20.000004 -0.000092 -34.945396 0.000000 -0.000000 0.000000 -20.999985 0.000098 0.000001 0.000000 -0.000000 
-2.573863 96.809746 111.298096 0.684852 0.000000 -0.000000 0.000000 0.000008 0.000004 -0.000000 0.000000 -0.000000 -6.500005 -3.255150 10.015765 -0.000000 0.000000 -0.000000 -9.719192 -0.000022 5.172745 34.580981 0.000000 0.000001 -0.000002 -19.999979 0.000076 -49.635705 0.000000 -0.000001 -0.000000 -21.000031 0.000069 -0.000000 0.000000 0.000000 -6.500001 -3.255150 -11.802598 -0.000000 0.000000 -0.000000 -9.719195 -0.000017 -5.185900 19.500497 -0.000000 -0.000000 0.000001 -20.000010 -0.000355 -49.592590 -0.000000 0.000001 -0.000000 -20.999939 0.000348 0.000000 0.000000 0.000000 6.498628 -3.255157 10.007563 -0.000000 0.000000 -0.000000 9.737182 -0.000027 5.180942 2.585010 0.000001 -0.000000 -0.000002 -19.993603 -0.505198 -34.007604 0.000000 -0.000000 -0.000000 -20.999950 0.017201 0.000001 0.000000 0.000000 6.500279 -3.255188 -11.808100 -0.000000 0.000000 -0.000000 9.735531 0.000008 -5.180398 21.381393 0.000000 -0.000000 0.000000 -20.000000 -0.000082 -35.802667 0.000000 -0.000000 0.000000 -20.999981 0.000099 -0.000000 0.000000 -0.000000 
-2.573863 96.622345 111.929169 0.913143 0.000000 -0.000000 0.000000 0.000008 -0.000005 -0.000000 0.000000 -0.000000 -6.500005 -3.255142 10.015765 -0.000000 0.000000 -0.000000 -9.719192 -0.000004 5.172739 36.218891 0.000000 0.000001 -0.000001 -19.999992 0.000076 -53.282838 0.000000 -0.000001 0.000002 -21.000038 0.000074 -0.000002 0.000000 0.000000 -6.500001 -3.255150 -11.802604 0.000000 0.000000 0.000000 -9.719196 -0.000022 -5.185890 18.180905 -0.000000 -0.000000 0.000001 -20.000006 -0.000361 -50.462032 -0.000000 0.000001 0.000000 -20.999943 0.000351 0.000002 -0.000000 -0.000000 6.498628 -3.255150 10.007562 -0.000000 0.000000 -0.000000 9.737182 -0.000019 5.180944 2.610946 0.000000 -0.000000 -0.000001 -19.993597 -0.505189 -34.502987 -0.000000 0.000000 -0.000002 -20.999958 0.017224 0.000001 -0.000000 0.000000 6.500279 -3.255180 -11.808098 -0.000000 0.000000 -0.000000 9.735531 0.000003 -5.180392 22.417832 -0.000000 0.000000 0.000001 -19.999992 -0.000080 -36.472008 -0.000000 0.000000 0.000000 -20.999989 0.000109 -0.000000 -0.000000 -0.000000 
-2.573863 96.474579 112.560242 1.092651 0.000000 -0.000000 0.000000 0.000000 -0.000000 -0.000000 0.000000 -0.000000 -6.500005 -3.255150 10.015761 -0.000000 0.000000 -0.000000 -9.719192 -0.000015 5.172732 37.587265 0.000000 0.000001 -0.000002 -19.999956 0.000063 -56.465048 0.000001 -0.000001 -0.000000 -21.000046 0.000059 -0.000000 0.000000 0.000000 -6.500001 -3.255142 -11.802597 -0.000000 0.000000 -0.000000 -9.719196 -0.000034 -5.185906 16.726723 -0.000001 -0.000000 0.000003 -20.000000 -0.000369 -50.910806 -0.000000 0.000001 0.000000 -20.999943 0.000334 0.000000 -0.000000 -0.000000 6.498628 -3.255150 10.007557 -0.000000 0.000000 -0.000000 9.737182 -0.000011 5.180944 2.928270 0.000000 -0.000000 -0.000001 -19.993591 -0.505199 -35.227879 0.000000 -0.000000 0.000000 -20.999950 0.017216 -0.000001 0.000000 -0.000000 6.500279 -3.255173 -11.808100 -0.000000 0.000000 -0.000000 9.735531 -0.000007 -5.180402 23.338509 0.000000 -0.000000 0.000000 -20.000000 -0.000094 -36.816325 0.000000 -0.000000 -0.000001 -20.999989 0.000102 -0.000000 0.000000 -0.000000 
-2.573863 96.413139 113.191315 1.167724 0.000000 -0.000000 0.000000 0.000008 -0.000003 -0.000000 0.000000 -0.000000 -6.500005 -3.255157 10.015763 -0.000000 0.000000 -0.000000 -9.719192 -0.000003 5.172731 38.453688 0.000000 0.000001 -0.000000 -19.999975 0.000080 -58.704793 0.000001 -0.000001 -0.000000 -21.000034 0.000074 0.000002 0.000000 0.000000 -6.500000 -3.255157 -11.802602 -0.000000 -0.000000 -0.000000 -9.719196 -0.000024 -5.185900 15.102527 -0.000001 0.000000 0.000001 -20.000004 -0.000360 -50.760067 -0.000000 0.000001 0.000002 -20.999950 0.000346 -0.000001 -0.000000 -0.000000 6.498628 -3.255165 10.007558 -0.000000 0.000000 -0.000000 9.737182 -0.000019 5.180929 3.699317 -0.000000 0.000000 -0.000002 -19.993616 -0.505186 -36.086522 -0.000000 0.000000 -0.000001 -20.999958 0.017228 0.000001 0.000000 -0.000000 6.500279 -3.255180 -11.808105 -0.000000 0.000000 -0.000000 9.735531 -0.000003 -5.180394 24.067193 0.000000 -0.000000 0.000000 -19.999996 -0.000083 -36.581957 -0.000000 -0.000000 -0.000000 -20.999981 0.000108 -0.000000 0.000000 0.000000 
-2.573863 96.410553 113.822388 1.166216 0.000000 -0.000000 0.000000 0.000008 0.000001 -0.000000 0.000000 -0.000000 -6.500005 -3.255150 10.015761 -0.000000 0.000000 -0.000000 -9.719192 0.000001 5.172727 38.966472 0.000000 0.000001 -0.000000 -19.999968 0.000064 -60.316970 0.000001 -0.000001 -0.000000 -21.000034 0.000070 0.000002 0.000000 0.000000 -6.500001 -3.255150 -11.802603 -0.000001 0.000000 -0.000000 -9.719196 -0.000025 -5.185896 13.431146 -0.000001 -0.000000 0.000001 -20.000006 -0.000373 -50.000000 -0.000000 0.000001 -0.000000 -20.999947 0.000338 -0.000001 0.000000 0.000000 6.498628 -3.255157 10.007557 -0.000000 0.000000 -0.000000 9.737182 -0.000001 5.180939 4.690790 0.000000 -0.000000 0.000000 -19.993605 -0.505167 -36.837461 0.000000 -0.000000 -0.000001 -20.999962 0.017220 -0.000001 0.000000 -0.000000 6.500279 -3.255180 -11.808105 -0.000000 0.000000 -0.000000 9.735531 0.000021 -5.180396 24.650088 0.000001 -0.000000 0.000000 -20.000000 -0.000091 -35.918486 -0.000000 0.000000 -0.000001 -20.999989 0.000097 0.000001 -0.000000 0.000000 
-2.573863 96.460655 114.453461 1.087903 0.000000 -0.000000 0.000000 0.000008 0.000002 -0.000000 0.000000 -0.000000 -6.500005 -3.255142 10.015767 -0.000000 0.000000 -0.000000 -9.719192 0.000002 5.172741 39.181298 0.000000 0.000001 -0.000000 -19.999964 0.000074 -61.413441 0.000001 -0.000001 -0.000002 -21.000038 0.000076 -0.000000 0.000000 -0.000000 -6.500000 -3.255142 -11.802599 -0.000000 -0.000000 -0.000000 -9.719196 -0.000020 -5.185896 11.849211 -0.000001 -0.000000 0.000001 -19.999994 -0.000350 -48.527784 -0.000000 0.000001 -0.000000 -20.999943 0.000338 -0.000001 0.000000 0.000000 6.498628 -3.255150 10.007556 -0.000000 0.000000 -0.000000 9.737182 -0.000013 5.180939 5.741518 -0.000000 0.000000 -0.000001 -19.993616 -0.505186 -37.164699 0.000000 -0.000000 -0.000002 -20.999954 0.017222 -0.000001 -0.000000 0.000000 6.500279 -3.255180 -11.808101 -0.000000 0.000000 -0.000000 9.735531 -0.000001 -5.180402 25.110412 0.000000 -0.000000 0.000000 -20.000002 -0.000083 -34.876274 0.000000 -0.000000 -0.000001 -20.999985 0.000109 0.000001 -0.000000 -0.000000 
-2.573863 96.546158 115.084534 0.961359 0.000000 -0.000000 0.000000 0.000000 -0.000002 -0.000000 0.000000 -0.000000 -6.500005 -3.255150 10.015746 0.000000 0.000000 -0.000000 -9.719192 -0.000010 5.172740 39.143602 0.000000 0.000001 0.000002 -19.999979 0.000082 -62.125857 0.000001 -0.000001 0.000002 -21.000038 0.000067 -0.000000 -0.000000 0.000000 -6.500001 -3.255150 -11.802607 0.000000 0.000000 -0.000000 -9.719196 -0.000014 -5.185902 10.279870 -0.000001 -0.000000 0.000001 -20.000002 -0.000358 -46.443620 -0.000000 0.000001 0.000000 -20.999939 0.000346 -0.000003 -0.000000 0.000000 6.498628 -3.255157 10.007549 0.000000 0.000000 -0.000000 9.737182 -0.000018 5.180953 6.797456 0.000000 -0.000000 -0.000001 -19.993610 -0.505182 -37.195974 0.000000 -0.000000 -0.000001 -20.999954 0.017205 0.000001 0.000000 -0.000000 6.500279 -3.255180 -11.808116 0.000000 0.000000 -0.000000 9.735531 0.000008 -5.180402 25.440998 0.000000 -0.000000 0.000000 -20.000004 -0.000089 -33.499325 0.000000 -0.000000 -0.000001 -20.999985 0.000105 -0.000000 0.000000 -0.000000 
-2.573863 96.650322 115.715607 0.809748 0.000000 -0.000000 0.000000 0.000008 0.000001 -0.000000 0.000000 -0.000000 -6.500005 -3.255157 10.015758 -0.000000 0.000000 -0.000000 -9.719192 -0.000006 5.172739 38.928783 0.000000 0.000001 -0.000000 -19.999979 0.000068 -62.633258 0.000001 -0.000001 -0.000002 -21.000023 0.000063 -0.000002 -0.000000 -0.000000 -6.500001 -3.255150 -11.802603 0.000000 0.000000 0.000000 -9.719196 -0.000032 -5.185902 8.695586 -0.000001 -0.000000 0.000003 -20.000004 -0.000366 -43.763973 -0.000000 0.000001 0.000002 -20.999943 0.000351 0.000000 0.000000 -0.000000 6.498628 -3.255157 10.007554 -0.000000 0.000000 -0.000000 9.737182 -0.000011 5.180938 7.721678 0.000000 -0.000000 -0.000001 -19.993595 -0.505197 -36.901931 0.000000 0.000000 -0.000002 -20.999947 0.017223 -0.000001 -0.000000 -0.000000 6.500279 -3.255180 -11.808105 -0.000000 0.000000 -0.000000 9.735531 0.000001 -5.180394 25.650948 -0.000000 0.000000 0.000000 -19.999996 -0.000084 -31.854250 -0.000000 -0.000000 0.000001 -20.999985 0.000108 -0.000001 -0.000000 -0.000000 
-2.573863 96.765343 116.346672 0.649076 0.000000 -0.000000 -0.000000 0.000000 0.000000 0.000000 0.000000 -0.000000 -6.500005 -3.255150 10.015766 0.000000 0.000000 -0.000000 -9.719192 -0.000008 5.172742 38.502388 0.000000 0.000001 -0.000000 -19.999977 0.000086 -62.905346 0.000001 -0.000001 0.000000 -21.000038 0.000073 -0.000000 -0.000000 -0.000000 -6.500001 -3.255150 -11.802601 0.000000 0.000000 -0.000000 -9.719196 -0.000027 -5.185893 7.085006 -0.000001 -0.000000 -0.000003 -19.999998 -0.000359 -40.637221 -0.000000 0.000001 0.000000 -20.999939 0.000340 -0.000003 -0.000000 -0.000000 6.498628 -3.255150 10.007564 0.000000 0.000000 -0.000000 9.737182 -0.000014 5.180951 8.601654 0.000001 -0.000000 -0.000000 -19.993614 -0.505197 -36.437775 0.000000 0.000000 -0.000001 -20.999954 0.017209 0.000001 0.000000 -0.000000 6.500279 -3.255180 -11.808102 0.000000 0.000000 -0.000000 9.735531 0.000002 -5.180394 25.714796 0.000000 -0.000000 0.000000 -20.000008 -0.000082 -29.923704 0.000000 -0.000000 0.000000 -20.999985 0.000109 -0.000000 0.000000 -0.000000 
-2.573863 96.877792 116.977745 0.500910 0.000000 -0.000000 0.000000 0.000000 0.000002 -0.000000 0.000000 -0.000000 -6.500005 -3.255150 10.015766 -0.000000 0.000000 -0.000000 -9.719192 -0.000008 5.172747 37.870527 0.000000 0.000001 -0.000002 -19.999975 0.000076 -62.984972 0.000001 -0.000001 0.000000 -21.000042 0.000072 -0.000000 -0.000000 -0.000000 -6.500001 -3.255150 -11.802598 0.000000 0.000000 0.000000 -9.719196 -0.000038 -5.185914 5.321561 -0.000001 -0.000000 -0.000001 -20.000006 -0.000353 -37.079608 -0.000000 0.000001 0.000000 -20.999943 0.000332 -0.000003 -0.000000 -0.000000 6.498628 -3.255157 10.007564 -0.000000 0.000000 -0.000000 9.737182 -0.000019 5.180943 9.494546 0.000001 -0.000000 -0.000001 -19.993610 -0.505197 -35.952200 -0.000000 -0.000000 -0.000003 -20.999943 0.017221 0.000001 -0.000000 -0.000000 6.500279 -3.255180 -11.808106 -0.000000 0.000000 -0.000000 9.735531 -0.000006 -5.180402 25.612639 0.000000 -0.000000 0.000000 -19.999989 -0.000085 -27.609897 0.000000 -0.000000 0.000001 -20.999981 0.000107 -0.000000 0.000000 -0.000000 
-2.573863 96.987869 117.608818 0.371740 0.000000 -0.000000 0.000000 0.000000 0.000004 -0.000000 0.000000 -0.000000 -6.500005 -3.255150 10.015770 -0.000000 0.000000 -0.000000 -9.719192 -0.000013 5.172744 36.986881 0.000000 0.000001 -0.000002 -19.999977 0.000081 -62.832085 0.000001 -0.000001 -0.000002 -21.000046 0.000080 -0.000000 0.000000 0.000000 -6.500001 -3.255157 -11.802600 -0.000000 0.000000 -0.000000 -9.719196 -0.000026 -5.185890 3.723309 -0.000001 -0.000000 0.000001 -20.000006 -0.000374 -33.504065 -0.000000 0.000000 0.000002 -20.999939 0.000334 0.000000 -0.000000 0.000000 6.498628 -3.255157 10.007560 -0.000000 0.000000 -0.000000 9.737182 -0.000016 5.180943 10.354357 0.000001 -0.000000 -0.000001 -19.993614 -0.505186 -35.435346 -0.000000 0.000000 -0.000001 -20.999958 0.017216 0.000001 -0.000000 -0.000000 6.500279 -3.255188 -11.808101 -0.000000 0.000000 -0.000000 9.735531 0.000003 -5.180388 25.336915 0.000000 -0.000000 0.000000 -19.999992 -0.000082 -25.220919 0.000000 -0.000000 -0.000001 -20.999989 0.000088 -0.000000 0.000000 -0.000000 
-2.573863 97.087433 118.239891 0.281587 0.000000 -0.000000 0.000000 0.000008 -0.000003 -0.000000 0.000000 -0.000000 -6.500005 -3.255142 10.015763 -0.000000 0.000000 -0.000000 -9.719192 -0.000009 5.172739 35.809961 0.000000 0.000001 -0.000002 -19.999981 0.000067 -62.442546 0.000001 -0.000001 0.000002 -21.000050 0.000076 0.000002 0.000000 0.000000 -6.500000 -3.255142 -11.802604 -0.000000 -0.000000 -0.000000 -9.719196 -0.000011 -5.185907 2.561646 -0.000001 -0.000000 -0.000001 -20.000002 -0.000374 -30.254477 -0.000000 0.000000 0.000000 -20.999943 0.000338 0.000000 -0.000000 0.000000 6.498628 -3.255157 10.007554 -0.000000 0.000000 -0.000000 9.737182 -0.000014 5.180943 11.160700 0.000000 -0.000000 -0.000001 -19.993599 -0.505209 -34.969705 -0.000000 -0.000000 0.000000 -20.999954 0.017209 0.000001 -0.000000 -0.000000 6.500279 -3.255173 -11.808112 -0.000000 0.000000 -0.000000 9.735531 0.000020 -5.180396 24.783671 0.000000 -0.000000 0.000000 -19.999994 -0.000093 -22.845699 0.000000 -0.000000 0.000000 -20.999977 0.000097 0.000000 0.000000 -0.000000 
-2.573863 97.188034 118.870964 0.211430 0.000000 -0.000000 0.000000 0.000000 -0.000001 -0.000000 0.000000 -0.000000 -6.500005 -3.255150 10.015771 -0.000000 0.000000 -0.000000 -9.719192 -0.000011 5.172726 34.331505 -0.000000 0.000001 0.000002 -19.999975 0.000081 -61.751815 0.000001 -0.000001 0.000002 -21.000042 0.000080 -0.000000 -0.000000 -0.000000 -6.500001 -3.255150 -11.802595 -0.000001 0.000000 -0.000000 -9.719194 -0.000023 -5.185904 1.849998 -0.000001 -0.000000 -0.000000 -19.999992 -0.000361 -27.554286 -0.000000 0.000000 0.000000 -20.999943 0.000344 -0.000001 -0.000000 -0.000000 6.498628 -3.255157 10.007562 -0.000000 0.000000 -0.000000 9.737182 -0.000015 5.180929 11.893925 0.000000 -0.000000 -0.000001 -19.993593 -0.505198 -34.426944 0.000000 -0.000000 -0.000001 -20.999958 0.017201 -0.000001 0.000000 -0.000000 6.500279 -3.255180 -11.808096 -0.000000 0.000000 -0.000000 9.735531 0.000004 -5.180402 24.222376 0.000000 -0.000000 0.000000 -19.999998 -0.000090 -21.043943 0.000000 -0.000000 0.000001 -20.999973 0.000097 -0.000000 0.000000 -0.000000 
-2.573863 97.304276 119.502037 0.147266 0.000000 -0.000000 0.000000 0.000008 0.000001 -0.000000 0.000000 -0.000000 -6.500005 -3.255142 10.015765 -0.000000 0.000000 -0.000000 -9.719192 -0.000015 5.172740 32.481156 -0.000000 0.000001 -0.000000 -19.999981 0.000073 -60.652012 0.000001 -0.000001 0.000002 -21.000038 0.000096 -0.000002 0.000000 0.000000 -6.500001 -3.255150 -11.802601 -0.000001 0.000000 -0.000000 -9.719196 -0.000028 -5.185910 1.742424 -0.000001 -0.000000 -0.000000 -20.000006 -0.000380 -25.798188 -0.000000 0.000000 -0.000000 -20.999947 0.000350 -0.000001 0.000000 0.000000 6.498628 -3.255150 10.007571 -0.000000 0.000000 -0.000000 9.737182 -0.000017 5.180946 12.503567 -0.000000 0.000000 -0.000001 -19.993601 -0.505192 -33.651973 0.000000 0.000000 -0.000002 -20.999943 0.017204 -0.000001 0.000000 0.000000 6.500279 -3.255180 -11.808109 -0.000000 0.000000 -0.000000 9.735531 0.000006 -5.180396 23.887999 0.000000 -0.000000 0.000000 -19.999989 -0.000086 -20.452346 0.000000 -0.000000 -0.000001 -20.999985 0.000103 -0.000000 0.000000 -0.000000 
-2.573863 97.418915 120.133110 0.094058 0.000000 -0.000000 0.000000 -0.000000 0.000004 -0.000000 0.000000 -0.000000 -6.500005 -3.255150 10.015766 -0.000000 0.000000 -0.000000 -9.719192 0.000006 5.172750 30.403645 -0.000000 0.000001 -0.000000 -19.999979 0.000077 -59.269083 0.000001 -0.000001 0.000002 -21.000046 0.000085 0.000002 0.000000 0.000000 -6.500001 -3.255150 -11.802599 -0.000001 0.000000 -0.000000 -9.719196 -0.000019 -5.185904 2.088422 -0.000001 -0.000000 -0.000000 -19.999989 -0.000357 -24.816253 -0.000000 0.000000 0.000000 -20.999935 0.000342 0.000000 -0.000000 0.000000 6.498628 -3.255157 10.007557 -0.000000 0.000000 -0.000000 9.737182 -0.000014 5.180940 13.061683 0.000000 -0.000000 -0.000001 -19.993614 -0.505195 -32.807509 0.000000 -0.000000 -0.000001 -20.999950 0.017203 0.000002 0.000000 -0.000000 6.500279 -3.255180 -11.808100 -0.000000 0.000000 -0.000000 9.735531 0.000010 -5.180398 23.780060 0.000000 -0.000000 -0.000001 -19.999981 -0.000088 -20.928869 0.000000 -0.000000 -0.000001 -20.999977 0.000105 -0.000000 0.000000 -0.000000 
-2.573863 97.523041 120.764183 0.051721 0.000000 -0.000000 -0.000000 0.000000 0.000002 -0.000000 0.000000 -0.000000 -6.500005 -3.255157 10.015751 -0.000000 0.000000 -0.000000 -9.719192 -0.000015 5.172719 28.181489 0.000000 0.000001 0.000001 -19.999975 0.000078 -57.645875 0.000001 -0.000001 0.000004 -21.000038 0.000076 0.000002 0.000000 0.000000 -6.500001 -3.255157 -11.802588 -0.000001 0.000000 -0.000000 -9.719196 -0.000029 -5.185896 2.819381 -0.000001 -0.000000 0.000001 -19.999994 -0.000360 -24.673369 -0.000000 0.000000 -0.000000 -20.999939 0.000346 -0.000001 0.000000 0.000000 6.498628 -3.255165 10.007557 -0.000000 0.000000 -0.000000 9.737182 -0.000013 5.180923 13.603151 0.000000 -0.000000 -0.000002 -19.993614 -0.505205 -31.965077 0.000000 -0.000000 -0.000001 -20.999954 0.017201 0.000001 -0.000000 0.000000 6.500279 -3.255188 -11.808097 -0.000000 0.000000 -0.000000 9.735531 0.000002 -5.180396 24.067659 0.000000 -0.000000 0.000000 -20.000008 -0.000090 -22.733147 0.000000 -0.000000 0.000001 -20.999977 0.000097 0.000000 0.000000 -0.000000 
-2.573863 97.606339 121.395256 0.021383 0.000000 -0.000000 0.000000 0.000000 0.000004 -0.000000 0.000000 -0.000000 -6.500005 -3.255150 10.015747 -0.000000 0.000000 -0.000000 -9.719192 -0.000012 5.172725 25.931056 0.000000 0.000001 -0.000002 -19.999983 0.000075 -55.923615 0.000001 -0.000001 0.000002 -21.000031 0.000072 -0.000000 -0.000000 -0.000000 -6.500001 -3.255150 -11.802593 -0.000001 0.000000 -0.000000 -9.719196 -0.000026 -5.185908 3.843689 -0.000001 -0.000000 0.000001 -19.999994 -0.000364 -25.059792 -0.000000 0.000000 0.000000 -20.999943 0.000344 0.000000 -0.000000 0.000000 6.498628 -3.255157 10.007553 -0.000000 0.000000 -0.000000 9.737182 -0.000015 5.180934 14.189156 0.000000 -0.000000 -0.000001 -19.993610 -0.505209 -31.243174 0.000000 -0.000000 -0.000003 -20.999950 0.017190 0.000001 0.000000 -0.000000 6.500279 -3.255173 -11.808102 -0.000000 0.000000 -0.000000 9.735531 -0.000006 -5.180396 24.476980 0.000000 -0.000000 0.000001 -19.999987 -0.000090 -25.296816 0.000000 -0.000000 -0.000001 -20.999985 0.000093 -0.000000 0.000000 -0.000000 
-2.573863 97.655212 122.026321 0.006149 0.000000 -0.000000 0.000000 0.000000 0.000003 -0.000000 0.000000 -0.000000 -6.500005 -3.255150 10.015763 -0.000000 0.000000 -0.000000 -9.719192 -0.000016 5.172735 23.842329 0.000000 0.000000 -0.000000 -19.999973 0.000085 -54.285305 0.000001 -0.000001 0.000000 -21.000042 0.000063 0.000002 -0.000000 -0.000000 -6.500000 -3.255150 -11.802596 -0.000000 -0.000000 -0.000000 -9.719196 -0.000018 -5.185902 5.053049 -0.000001 -0.000000 0.000001 -20.000011 -0.000362 -25.664528 -0.000000 0.000000 -0.000002 -20.999947 0.000349 -0.000001 -0.000000 -0.000000 6.498628 -3.255165 10.007554 -0.000000 0.000000 -0.000000 9.737182 -0.000016 5.180939 14.892097 -0.000000 0.000000 -0.000001 -19.993614 -0.505201 -30.789321 -0.000000 0.000000 -0.000002 -20.999950 0.017206 0.000001 0.000000 0.000000 6.500279 -3.255180 -11.808105 -0.000000 0.000000 -0.000000 9.735531 0.000005 -5.180396 24.772666 0.000000 -0.000000 -0.000000 -20.000004 -0.000080 -28.196838 0.000000 0.000000 0.000000 -20.999985 0.000105 -0.000000 0.000000 0.000000 
-2.573863 97.670486 122.657394 -0.000000 0.000000 -0.000000 0.000000 0.000000 0.000001 -0.000000 0.000000 -0.000000 -6.500005 -3.255150 10.015763 -0.000000 0.000000 -0.000000 -9.719193 -0.000008 5.172734 21.777003 0.000000 0.000000 -0.000001 -19.999981 0.000089 -52.648772 0.000000 -0.000001 -0.000002 -21.000031 0.000080 0.000002 -0.000000 -0.000000 -6.500001 -3.255150 -11.802596 -0.000000 0.000000 -0.000000 -9.719196 -0.000030 -5.185902 6.428907 -0.000001 -0.000000 -0.000000 -19.999992 -0.000368 -26.556216 -0.000000 0.000000 0.000000 -20.999935 0.000340 0.000000 -0.000000 -0.000000 6.498628 -3.255157 10.007554 -0.000000 0.000000 -0.000000 9.737182 -0.000020 5.180938 15.713185 -0.000001 0.000000 -0.000001 -19.993612 -0.505188 -30.587944 -0.000000 0.000000 -0.000001 -20.999954 0.017201 0.000001 0.000000 0.000000 6.500279 -3.255180 -11.808105 -0.000000 0.000000 -0.000000 9.735531 0.000004 -5.180392 25.008379 0.000000 -0.000000 -0.000001 -20.000000 -0.000083 -31.256950 0.000000 -0.000000 0.000000 -20.999977 0.000097 0.000000 0.000000 -0.000000 
-2.573863 97.645164 123.288467 -0.001336 0.000000 -0.000000 0.000000 0.000000 -0.000003 -0.000000 0.000000 -0.000000 -6.500005 -3.255150 10.015760 -0.000000 0.000000 -0.000000 -9.719192 -0.000000 5.172732 19.645581 0.000000 0.000000 -0.000001 -19.999969 0.000095 -51.008973 0.000000 -0.000001 -0.000002 -21.000042 0.000087 0.000002 -0.000000 -0.000000 -6.500001 -3.255150 -11.802599 0.000000 0.000000 0.000000 -9.719196 -0.000026 -5.185908 7.926893 -0.000001 -0.000000 -0.000000 -19.999990 -0.000377 -27.733925 -0.000000 0.000000 0.000002 -20.999947 0.000357 0.000000 -0.000000 -0.000000 6.498628 -3.255157 10.007551 -0.000000 0.000000 -0.000000 9.737182 -0.000000 5.180944 16.686926 -0.000001 0.000000 -0.000001 -19.993599 -0.505184 -30.633067 0.000000 0.000000 -0.000001 -20.999958 0.017208 0.000001 0.000000 -0.000000 6.500279 -3.255180 -11.808107 -0.000000 0.000000 -0.000000 9.735531 0.000003 -5.180396 25.161816 -0.000000 0.000000 -0.000000 -19.999981 -0.000087 -34.140516 0.000000 -0.000000 0.000000 -20.999981 0.000094 -0.000000 -0.000000 0.000000 
-2.573863 97.589104 123.919540 -0.000000 0.000000 -0.000000 0.000000 0.000000 0.000001 -0.000000 0.000000 -0.000000 -6.500005 -3.255150 10.015763 -0.000000 0.000000 -0.000000 -9.719192 -0.000015 5.172729 17.491624 0.000000 0.000001 -0.000001 -19.999985 0.000070 -49.317576 0.000000 -0.000001 -0.000000 -21.000038 0.000070 -0.000000 0.000000 0.000000 -6.500001 -3.255150 -11.802596 -0.000000 0.000000 -0.000000 -9.719196 -0.000021 -5.185905 9.516161 -0.000001 -0.000000 -0.000002 -19.999994 -0.000365 -29.095298 -0.000000 0.000000 -0.000000 -20.999939 0.000344 -0.000001 0.000000 -0.000000 6.498628 -3.255157 10.007554 -0.000000 0.000000 -0.000000 9.737182 -0.000012 5.180934 17.785867 -0.000001 0.000000 -0.000001 -19.993599 -0.505179 -31.043329 0.000000 -0.000000 -0.000002 -20.999962 0.017209 0.000001 0.000000 -0.000000 6.500279 -3.255180 -11.808105 -0.000000 0.000000 -0.000000 9.735531 -0.000000 -5.180396 25.225413 -0.000001 0.000000 -0.000002 -20.000000 -0.000077 -36.905688 -0.000000 -0.000000 -0.000000 -20.999985 0.000102 -0.000000 -0.000000 0.000000 
-2.573863 97.508293 124.550613 -0.000000 0.000000 -0.000000 0.000000 0.000000 0.000001 -0.000000 0.000000 -0.000000 -6.500005 -3.255150 10.015763 -0.000000 0.000000 -0.000000 -9.719192 -0.000016 5.172732 15.252770 -0.000000 0.000001 -0.000003 -19.999992 0.000086 -47.459604 0.000000 -0.000001 -0.000000 -21.000042 0.000082 0.000002 0.000000 0.000000 -6.500000 -3.255150 -11.802596 -0.000000 -0.000000 -0.000000 -9.719196 -0.000024 -5.185902 11.159874 -0.000001 -0.000000 0.000001 -20.000008 -0.000358 -30.554636 -0.000000 0.000000 0.000000 -20.999935 0.000342 -0.000001 0.000000 -0.000000 6.498628 -3.255157 10.007554 -0.000000 0.000000 -0.000000 9.737182 -0.000010 5.180937 19.006844 -0.000000 0.000000 0.000000 -19.993603 -0.505176 -31.976265 0.000000 -0.000000 -0.000001 -20.999962 0.017199 -0.000000 0.000000 0.000000 6.500279 -3.255180 -11.808105 -0.000000 0.000000 -0.000000 9.735531 0.000004 -5.180398 25.186611 -0.000000 0.000000 0.000001 -19.999996 -0.000089 -39.499315 0.000000 -0.000000 -0.000000 -20.999996 0.000095 0.000001 0.000000 0.000000 
-2.573863 97.407425 125.181686 -0.000000 0.000000 -0.000000 0.000000 0.000000 0.000001 -0.000000 0.000000 -0.000000 -6.500005 -3.255150 10.015763 -0.000000 0.000000 -0.000000 -9.719192 -0.000012 5.172733 13.157362 -0.000000 0.000001 -0.000001 -19.999987 0.000069 -45.629953 0.000000 -0.000001 0.000000 -21.000034 0.000078 0.000002 -0.000000 -0.000000 -6.500001 -3.255150 -11.802596 -0.000001 0.000000 -0.000000 -9.719196 -0.000025 -5.185900 12.831612 -0.000001 -0.000000 -0.000001 -20.000006 -0.000369 -32.061045 -0.000000 0.000000 0.000000 -20.999939 0.000345 0.000000 -0.000000 -0.000000 6.498628 -3.255157 10.007554 -0.000000 0.000000 -0.000000 9.737182 -0.000017 5.180938 20.311582 0.000000 -0.000000 -0.000001 -19.993603 -0.505171 -33.309231 0.000000 -0.000000 -0.000001 -20.999954 0.017213 0.000001 0.000000 -0.000000 6.500279 -3.255180 -11.808105 -0.000000 0.000000 -0.000000 9.735531 0.000002 -5.180394 25.038090 0.000000 -0.000000 0.000000 -19.999990 -0.000088 -41.918749 0.000000 -0.000000 0.000000 -20.999992 0.000106 -0.000001 0.000000 -0.000000 
-2.573863 97.291519 125.812759 -0.003843 0.000000 -0.000000 0.000000 0.000000 0.000003 -0.000000 0.000000 -0.000000 -6.500005 -3.255150 10.015760 -0.000000 0.000000 -0.000000 -9.719192 -0.000010 5.172738 11.377190 -0.000000 0.000001 -0.000001 -19.999968 0.000062 -43.935171 0.000000 -0.000001 -0.000000 -21.000038 0.000074 -0.000000 0.000000 0.000000 -6.500000 -3.255150 -11.802591 -0.000000 -0.000000 -0.000000 -9.719196 -0.000034 -5.185904 14.507423 -0.000001 -0.000000 -0.000001 -20.000002 -0.000358 -33.556351 -0.000000 0.000000 -0.000000 -20.999943 0.000340 -0.000001 0.000000 0.000000 6.498628 -3.255157 10.007551 -0.000000 0.000000 -0.000000 9.737182 -0.000005 5.180946 21.681720 0.000000 -0.000000 -0.000001 -19.993608 -0.505182 -34.979919 -0.000000 -0.000000 0.000000 -20.999958 0.017212 0.000001 -0.000000 -0.000000 6.500279 -3.255180 -11.808100 -0.000000 0.000000 -0.000000 9.735531 -0.000002 -5.180396 24.778926 0.000000 -0.000000 0.000000 -19.999992 -0.000088 -44.156196 0.000000 -0.000000 0.000000 -20.999985 0.000109 -0.000001 -0.000000 0.000000 
-2.573863 97.165573 126.443832 -0.000000 0.000000 -0.000000 0.000000 0.000000 0.000001 -0.000000 0.000000 -0.000000 -6.500005 -3.255150 10.015763 -0.000000 0.000000 -0.000000 -9.719192 -0.000015 5.172729 10.019585 0.000000 0.000000 0.000001 -19.999985 0.000099 -42.525215 0.000000 -0.000001 -0.000000 -21.000038 0.000080 -0.000000 -0.000000 -0.000000 -6.500001 -3.255150 -11.802596 -0.000000 0.000000 -0.000000 -9.719196 -0.000022 -5.185904 16.143046 -0.000001 -0.000000 -0.000001 -19.999998 -0.000350 -34.976777 -0.000000 0.000000 -0.000002 -20.999943 0.000332 -0.000001 -0.000000 -0.000000 6.498628 -3.255157 10.007554 -0.000000 0.000000 -0.000000 9.737182 -0.000019 5.180941 23.054323 0.000000 -0.000000 -0.000001 -19.993599 -0.505184 -36.964827 0.000000 -0.000000 -0.000001 -20.999947 0.017196 -0.000000 0.000000 -0.000000 6.500279 -3.255180 -11.808105 -0.000000 0.000000 -0.000000 9.735531 -0.000006 -5.180398 24.377398 0.000000 -0.000000 0.000000 -20.000004 -0.000086 -46.173841 0.000000 -0.000000 -0.000001 -20.999981 0.000093 -0.000003 0.000000 -0.000000 
-2.573863 97.034615 127.074905 0.007004 0.000000 -0.000000 0.000000 0.000000 -0.000005 -0.000000 0.000000 -0.000000 -6.500005 -3.255142 10.015759 -0.000000 0.000000 -0.000000 -9.719192 -0.000022 5.172727 9.367087 -0.000000 0.000000 -0.000003 -19.999977 0.000074 -41.672518 0.000000 -0.000001 -0.000000 -21.000042 0.000059 0.000002 0.000000 0.000000 -6.500000 -3.255150 -11.802601 -0.000000 -0.000000 -0.000000 -9.719196 -0.000026 -5.185908 17.726004 -0.000001 -0.000000 -0.000003 -19.999996 -0.000374 -36.284092 -0.000000 0.000001 0.000002 -20.999939 0.000342 0.000000 0.000000 0.000000 6.498628 -3.255157 10.007549 -0.000000 0.000000 -0.000000 9.737182 -0.000016 5.180924 24.336353 0.000000 -0.000000 -0.000001 -19.993601 -0.505180 -39.191424 0.000000 -0.000000 -0.000001 -20.999962 0.017194 0.000001 -0.000000 -0.000000 6.500279 -3.255180 -11.808109 -0.000000 0.000000 -0.000000 9.735531 0.000012 -5.180385 23.833701 0.000000 -0.000000 0.000000 -19.999987 -0.000075 -47.966158 0.000000 -0.000000 -0.000000 -20.999981 0.000106 0.000001 0.000000 -0.000000 
-2.573863 96.903664 127.705978 0.061481 0.000000 -0.000000 0.000000 0.000000 -0.000008 -0.000000 0.000000 -0.000000 -6.500005 -3.255150 10.015765 0.000000 0.000000 -0.000000 -9.719192 -0.000011 5.172738 9.065842 -0.000000 0.000001 -0.000001 -19.999981 0.000081 -41.116325 0.000000 -0.000001 0.000000 -21.000038 0.000090 -0.000000 0.000000 0.000000 -6.500001 -3.255150 -11.802605 -0.000001 0.000000 -0.000000 -9.719196 -0.000034 -5.185914 19.136986 -0.000001 -0.000000 -0.000001 -20.000002 -0.000360 -37.343557 -0.000000 0.000001 -0.000002 -20.999943 0.000330 -0.000001 -0.000000 0.000000 6.498628 -3.255165 10.007556 0.000000 0.000000 -0.000000 9.737182 -0.000023 5.180940 25.599735 0.000000 -0.000000 0.000000 -19.993593 -0.505191 -41.744579 0.000000 -0.000000 -0.000002 -20.999950 0.017228 0.000001 0.000000 -0.000000 6.500279 -3.255180 -11.808113 0.000000 0.000000 -0.000000 9.735531 0.000017 -5.180394 23.051233 0.000000 -0.000000 0.000000 -19.999985 -0.000085 -49.428511 0.000000 -0.000000 0.000001 -20.999992 0.000094 0.000001 0.000000 -0.000000 
-2.573863 96.777718 128.337051 0.225641 0.000000 -0.000000 -0.000000 0.000000 -0.000008 -0.000000 0.000000 -0.000000 -6.500005 -3.255157 10.015775 -0.000000 0.000000 -0.000000 -9.719192 -0.000002 5.172733 8.825974 -0.000000 0.000000 -0.000001 -19.999985 0.000075 -40.671324 0.000000 -0.000001 0.000002 -21.000050 0.000078 0.000002 0.000000 0.000000 -6.500000 -3.255157 -11.802588 -0.000000 -0.000000 -0.000000 -9.719196 -0.000022 -5.185915 20.212461 -0.000001 -0.000000 0.000001 -20.000010 -0.000371 -37.968356 -0.000000 0.000001 0.000000 -20.999939 0.000338 0.000000 -0.000000 -0.000000 6.498628 -3.255165 10.007565 -0.000000 0.000000 -0.000000 9.737182 -0.000014 5.180914 26.931002 -0.000000 0.000000 -0.000001 -19.993608 -0.505192 -44.800474 0.000000 -0.000000 -0.000002 -20.999958 0.017213 -0.000001 0.000000 -0.000000 6.500279 -3.255188 -11.808096 -0.000000 0.000000 -0.000000 9.735531 -0.000003 -5.180392 21.896067 -0.000000 0.000000 -0.000001 -20.000004 -0.000093 -50.428342 0.000000 0.000000 -0.000001 -21.000000 0.000113 0.000002 0.000000 0.000000 
-2.573863 96.661804 128.968124 0.441263 0.000000 -0.000000 0.000000 0.000000 -0.000016 -0.000000 0.000000 -0.000000 -6.500005 -3.255157 10.015774 -0.000000 0.000000 -0.000000 -9.719192 -0.000008 5.172728 8.738103 0.000000 0.000000 0.000003 -19.999979 0.000080 -40.383603 0.000000 -0.000001 0.000000 -21.000042 0.000079 0.000003 -0.000000 -0.000000 -6.500001 -3.255150 -11.802598 -0.000000 0.000000 -0.000000 -9.719196 -0.000031 -5.185908 21.072587 -0.000001 -0.000000 -0.000001 -20.000011 -0.000364 -38.276445 -0.000000 0.000001 0.000000 -20.999943 0.000342 0.000000 -0.000000 -0.000000 6.498628 -3.255165 10.007565 -0.000000 0.000000 -0.000000 9.737182 -0.000008 5.180926 28.193187 -0.000001 0.000000 -0.000002 -19.993622 -0.505180 -48.012463 0.000000 0.000000 -0.000001 -20.999950 0.017197 0.000001 -0.000000 -0.000000 6.500279 -3.255180 -11.808106 -0.000000 0.000000 -0.000000 9.735531 0.000002 -5.180402 20.480382 -0.000001 0.000000 -0.000001 -20.000002 -0.000076 -51.043947 0.000000 0.000000 0.000001 -20.999981 0.000098 -0.000003 0.000000 0.000000 
-2.573863 96.560944 129.599197 0.684852 0.000000 -0.000000 0.000000 0.000008 0.000002 -0.000000 0.000000 -0.000000 -6.500005 -3.255142 10.015756 -0.000000 0.000000 -0.000000 -9.719192 -0.000014 5.172731 8.770152 0.000000 0.000000 0.000003 -19.999973 0.000080 -40.223527 0.000000 -0.000001 0.000002 -21.000038 0.000063 0.000003 -0.000000 -0.000000 -6.500000 -3.255142 -11.802600 -0.000000 -0.000000 -0.000000 -9.719196 -0.000016 -5.185900 21.758602 -0.000001 -0.000000 -0.000001 -20.000008 -0.000358 -38.305012 -0.000000 0.000001 0.000002 -20.999943 0.000349 -0.000001 0.000000 -0.000000 6.498628 -3.255150 10.007561 -0.000000 0.000000 -0.000000 9.737182 -0.000010 5.180942 29.292001 -0.000001 0.000000 -0.000001 -19.993616 -0.505180 -51.138583 -0.000000 0.000000 -0.000002 -20.999950 0.017205 -0.000001 0.000000 0.000000 6.500279 -3.255173 -11.808101 -0.000000 0.000000 -0.000000 9.735531 0.000000 -5.180390 18.841739 -0.000000 0.000000 -0.000001 -20.000004 -0.000089 -51.308999 -0.000000 -0.000000 0.000000 -20.999985 0.000098 0.000001 -0.000000 -0.000000 
-2.573863 96.480133 130.230270 0.914433 0.000000 -0.000000 0.000000 0.000008 0.000005 -0.000000 0.000000 -0.000000 -6.500005 -3.255142 10.015757 0.000000 0.000000 -0.000000 -9.719192 -0.000013 5.172729 9.000373 0.000000 0.000000 0.000001 -19.999969 0.000098 -40.232860 0.000000 -0.000001 0.000000 -21.000042 0.000084 0.000002 -0.000000 -0.000000 -6.500001 -3.255142 -11.802590 -0.000001 0.000000 -0.000000 -9.719196 -0.000027 -5.185912 22.343699 -0.000001 -0.000000 0.000001 -20.000004 -0.000357 -38.109522 -0.000000 0.000001 0.000000 -20.999943 0.000343 0.000000 -0.000000 -0.000000 6.498628 -3.255150 10.007561 0.000000 0.000000 -0.000000 9.737182 -0.000030 5.180943 30.185902 -0.000001 0.000000 -0.000002 -19.993624 -0.505197 -54.041133 0.000000 -0.000000 -0.000002 -20.999954 0.017211 -0.000001 -0.000000 0.000000 6.500279 -3.255180 -11.808092 0.000000 0.000000 -0.000000 9.735531 0.000000 -5.180408 17.070092 0.000000 -0.000000 0.000000 -20.000011 -0.000093 -51.224691 0.000000 -0.000000 0.000000 -20.999989 0.000107 0.000001 0.000000 -0.000000 
-2.573863 96.424957 130.861343 1.080585 0.000000 -0.000000 -0.000000 0.000000 0.000008 -0.000000 0.000000 -0.000000 -6.500005 -3.255150 10.015768 -0.000000 0.000000 -0.000000 -9.719192 -0.000008 5.172729 9.492778 0.000000 0.000000 0.000003 -19.999987 0.000074 -40.471586 0.000000 -0.000001 0.000000 -21.000034 0.000067 -0.000000 -0.000000 -0.000000 -6.500001 -3.255142 -11.802592 -0.000001 0.000000 -0.000000 -9.719196 -0.000020 -5.185910 22.920996 -0.000001 -0.000000 0.000001 -19.999996 -0.000348 -37.769679 -0.000000 0.000001 -0.000000 -20.999950 0.000346 0.000000 0.000000 0.000000 6.498628 -3.255157 10.007571 -0.000000 0.000000 -0.000000 9.737182 -0.000005 5.180928 30.805605 -0.000000 0.000000 -0.000002 -19.993614 -0.505186 -56.492054 -0.000000 -0.000000 -0.000002 -20.999943 0.017228 -0.000003 0.000000 0.000000 6.500279 -3.255173 -11.808094 -0.000000 0.000000 -0.000000 9.735531 -0.000001 -5.180383 15.240075 0.000000 -0.000000 0.000001 -20.000000 -0.000089 -50.852889 -0.000000 -0.000000 0.000001 -20.999977 0.000102 -0.000001 0.000000 0.000000 
-2.573863 96.398750 131.492416 1.182148 0.000000 -0.000000 0.000000 0.000000 0.000006 -0.000000 0.000000 -0.000000 -6.500005 -3.255150 10.015763 -0.000000 0.000000 -0.000000 -9.719192 -0.000004 5.172734 10.257986 0.000000 0.000000 0.000001 -19.999990 0.000072 -40.855432 0.000000 -0.000001 0.000002 -21.000038 0.000085 0.000002 -0.000000 0.000000 -6.500001 -3.255142 -11.802590 -0.000001 0.000000 -0.000000 -9.719194 -0.000027 -5.185914 23.472046 -0.000001 -0.000000 -0.000001 -20.000010 -0.000364 -37.249960 -0.000000 0.000001 0.000000 -20.999947 0.000339 -0.000000 -0.000000 -0.000000 6.498628 -3.255157 10.007565 -0.000000 0.000000 -0.000000 9.737182 -0.000010 5.180915 31.140031 0.000000 -0.000000 -0.000001 -19.993622 -0.505191 -58.520651 0.000000 -0.000000 -0.000001 -20.999954 0.017220 0.000001 0.000000 -0.000000 6.500279 -3.255173 -11.808093 -0.000000 0.000000 -0.000000 9.735531 -0.000009 -5.180406 13.435215 0.000001 -0.000000 0.000001 -20.000000 -0.000075 -50.045230 -0.000000 -0.000000 0.000000 -20.999981 0.000111 -0.000001 0.000000 -0.000000 
-2.573863 96.408676 132.123474 1.186447 0.000000 -0.000000 -0.000000 0.000000 0.000002 -0.000000 0.000000 -0.000000 -6.500005 -3.255157 10.015759 -0.000000 0.000000 -0.000000 -9.719192 -0.000006 5.172732 11.442289 0.000000 0.000000 0.000001 -19.999973 0.000084 -41.424503 0.000000 -0.000001 0.000004 -21.000042 0.000085 0.000002 -0.000000 -0.000000 -6.500001 -3.255157 -11.802594 -0.000001 0.000000 -0.000000 -9.719196 -0.000032 -5.185902 24.041405 -0.000001 0.000000 -0.000001 -19.999998 -0.000368 -36.570452 -0.000000 0.000001 0.000000 -20.999950 0.000353 0.000000 -0.000000 -0.000000 6.498628 -3.255165 10.007562 -0.000000 0.000000 -0.000000 9.737182 -0.000011 5.180926 31.143467 0.000000 0.000000 -0.000001 -19.993618 -0.505209 -60.038073 -0.000000 0.000000 -0.000001 -20.999962 0.017221 -0.000001 0.000000 -0.000000 6.500278 -3.255188 -11.808104 -0.000000 0.000000 -0.000000 9.735531 -0.000001 -5.180404 11.811110 0.000000 -0.000000 0.000001 -20.000000 -0.000091 -48.674759 0.000000 0.000000 -0.000000 -20.999985 0.000104 -0.000001 0.000000 0.000000 
-2.573863 96.448814 132.754547 1.138615 0.000000 -0.000000 0.000000 0.000000 0.000005 -0.000000 0.000000 -0.000000 -6.500005 -3.255157 10.015759 -0.000000 0.000000 -0.000000 -9.719192 -0.000009 5.172711 12.702690 0.000000 0.000000 -0.000001 -19.999989 0.000070 -41.865730 0.000000 -0.000001 0.000000 -21.000034 0.000069 -0.000002 -0.000000 -0.000000 -6.500001 -3.255150 -11.802594 -0.000001 0.000000 -0.000000 -9.719196 -0.000028 -5.185904 24.533150 -0.000001 -0.000000 0.000001 -19.999994 -0.000364 -35.644100 -0.000000 0.000000 0.000000 -20.999950 0.000348 -0.000000 -0.000000 -0.000000 6.498628 -3.255157 10.007562 -0.000000 0.000000 -0.000000 9.737182 -0.000002 5.180905 30.850503 0.000000 -0.000000 -0.000001 -19.993603 -0.505187 -61.171031 0.000000 -0.000000 -0.000002 -20.999943 0.017209 -0.000001 0.000000 -0.000000 6.500279 -3.255180 -11.808097 -0.000000 0.000000 -0.000000 9.735531 0.000008 -5.180390 10.226204 0.000000 -0.000000 0.000000 -20.000004 -0.000090 -46.738844 0.000000 -0.000000 0.000001 -20.999977 0.000111 -0.000001 0.000000 -0.000000 
-2.573863 96.517715 133.385620 1.074651 0.000000 -0.000000 -0.000000 0.000000 -0.000002 -0.000000 0.000000 -0.000000 -6.500005 -3.255150 10.015763 -0.000000 0.000000 -0.000000 -9.719192 -0.000016 5.172732 13.701389 0.000000 0.000000 -0.000001 -19.999973 0.000090 -41.819684 0.000000 -0.000001 -0.000002 -21.000027 0.000070 -0.000002 0.000000 0.000000 -6.500001 -3.255150 -11.802611 -0.000001 0.000000 -0.000000 -9.719196 -0.000021 -5.185892 24.859805 -0.000000 -0.000000 -0.000002 -20.000002 -0.000357 -34.382001 -0.000000 0.000000 -0.000002 -20.999947 0.000340 -0.000000 0.000000 -0.000000 6.498628 -3.255165 10.007551 -0.000000 0.000000 -0.000000 9.737182 -0.000016 5.180918 30.268000 0.000000 -0.000000 -0.000000 -19.993610 -0.505198 -62.048027 0.000000 0.000000 0.000000 -20.999939 0.017211 -0.000001 0.000000 -0.000000 6.500279 -3.255188 -11.808121 -0.000000 0.000000 -0.000000 9.735531 0.000019 -5.180396 8.584436 -0.000000 0.000000 -0.000000 -19.999994 -0.000085 -44.137417 0.000000 -0.000000 0.000001 -20.999969 0.000089 -0.000001 -0.000000 -0.000000 
-2.573863 96.609184 134.016693 0.989290 0.000000 -0.000000 0.000000 -0.000000 0.000008 -0.000000 0.000000 -0.000000 -6.500005 -3.255150 10.015776 -0.000000 0.000000 -0.000000 -9.719192 -0.000006 5.172748 14.569147 0.000000 0.000000 -0.000001 -19.999985 0.000070 -41.465587 0.000000 -0.000001 0.000000 -21.000038 0.000070 0.000002 -0.000000 -0.000000 -6.500001 -3.255157 -11.802588 -0.000001 0.000000 -0.000000 -9.719196 -0.000015 -5.185902 25.040491 -0.000000 -0.000000 0.000001 -20.000000 -0.000345 -32.809971 -0.000000 0.000000 0.000002 -20.999943 0.000348 0.000000 -0.000000 -0.000000 6.498628 -3.255157 10.007580 -0.000000 0.000000 -0.000000 9.737182 -0.000010 5.180928 29.433590 0.000001 -0.000000 0.000000 -19.993603 -0.505210 -62.574641 -0.000000 -0.000000 0.000000 -20.999947 0.017208 0.000002 0.000000 -0.000000 6.500279 -3.255188 -11.808105 -0.000000 0.000000 -0.000000 9.735531 0.000002 -5.180399 6.904937 0.000000 -0.000000 0.000001 -20.000000 -0.000082 -41.035578 0.000000 -0.000000 0.000001 -20.999973 0.000113 -0.000003 0.000000 -0.000000 
-2.573863 96.718201 134.647766 0.887779 0.000000 -0.000000 0.000000 0.000000 -0.000004 -0.000000 0.000000 -0.000000 -6.500005 -3.255142 10.015751 -0.000000 0.000000 -0.000000 -9.719193 -0.000009 5.172739 15.320227 0.000000 0.000000 0.000001 -19.999968 0.000057 -40.850829 0.000000 -0.000001 0.000002 -21.000042 0.000076 -0.000000 0.000000 0.000000 -6.500001 -3.255142 -11.802605 -0.000001 0.000000 -0.000000 -9.719196 -0.000031 -5.185911 25.073638 -0.000000 -0.000000 -0.000001 -20.000000 -0.000365 -30.937905 -0.000000 0.000000 -0.000002 -20.999935 0.000355 -0.000000 -0.000000 -0.000000 6.498628 -3.255157 10.007555 -0.000000 0.000000 -0.000000 9.737182 -0.000011 5.180926 28.371974 0.000000 -0.000000 -0.000001 -19.993595 -0.505192 -62.703076 0.000000 0.000000 -0.000001 -20.999954 0.017233 0.000002 -0.000000 -0.000000 6.500279 -3.255180 -11.808114 -0.000000 0.000000 -0.000000 9.735531 0.000005 -5.180398 5.064054 0.000000 -0.000000 0.000000 -19.999994 -0.000097 -37.418150 -0.000000 -0.000000 0.000000 -20.999973 0.000092 -0.000001 -0.000000 -0.000000 
-2.573863 96.839752 135.278839 0.774593 0.000000 -0.000000 0.000000 0.000000 0.000003 -0.000000 0.000000 -0.000000 -6.500005 -3.255142 10.015760 -0.000000 0.000000 -0.000000 -9.719193 -0.000005 5.172713 15.966416 0.000000 0.000000 0.000003 -19.999960 0.000076 -40.011371 0.000000 -0.000001 -0.000000 -21.000031 0.000078 -0.000000 -0.000000 0.000000 -6.500001 -3.255150 -11.802596 -0.000001 0.000000 -0.000000 -9.719194 -0.000023 -5.185904 24.933899 -0.000001 -0.000000 0.000001 -19.999992 -0.000367 -28.724736 -0.000000 0.000000 -0.000000 -20.999939 0.000345 -0.000000 0.000000 0.000000 6.498628 -3.255157 10.007549 -0.000000 0.000000 -0.000000 9.737182 -0.000007 5.180907 27.128811 0.000000 -0.000000 -0.000002 -19.993607 -0.505211 -62.421864 0.000000 -0.000000 -0.000001 -20.999950 0.017199 0.000002 0.000000 -0.000000 6.500279 -3.255180 -11.808098 -0.000000 0.000000 -0.000000 9.735531 0.000001 -5.180392 3.394085 0.000000 -0.000000 -0.000001 -20.000010 -0.000080 -33.725862 0.000000 -0.000000 -0.000002 -20.999989 0.000106 -0.000001 0.000000 -0.000000 
-2.573863 96.968826 135.909912 0.654404 0.000000 -0.000000 0.000000 0.000008 -0.000006 -0.000000 0.000000 -0.000000 -6.500005 -3.255150 10.015756 0.000000 0.000000 -0.000000 -9.719193 -0.000008 5.172729 16.518650 0.000000 0.000000 0.000001 -19.999969 0.000083 -38.984459 0.000000 -0.000001 0.000002 -21.000038 0.000078 0.000002 -0.000000 -0.000000 -6.500000 -3.255142 -11.802604 -0.000000 -0.000000 -0.000000 -9.719196 -0.000024 -5.185904 24.585274 -0.000000 -0.000000 0.000001 -20.000002 -0.000372 -26.008203 -0.000000 0.000000 0.000000 -20.999939 0.000347 -0.000000 -0.000000 0.000000 6.498628 -3.255150 10.007561 0.000000 0.000000 -0.000000 9.737182 -0.000024 5.180944 25.753309 -0.000000 0.000000 -0.000001 -19.993599 -0.505191 -61.655503 0.000000 -0.000000 -0.000001 -20.999950 0.017233 0.000001 0.000000 -0.000000 6.500278 -3.255173 -11.808113 0.000000 0.000000 -0.000000 9.735531 0.000008 -5.180396 2.168950 -0.000000 0.000000 -0.000000 -20.000004 -0.000094 -30.276801 0.000000 0.000000 0.000001 -20.999985 0.000096 0.000001 -0.000000 -0.000000 
-2.573863 97.100410 136.540985 0.531879 0.000000 -0.000000 0.000000 0.000000 -0.000006 -0.000000 0.000000 -0.000000 -6.500005 -3.255150 10.015753 -0.000000 0.000000 -0.000000 -9.719193 -0.000010 5.172739 16.993765 0.000000 0.000000 0.000001 -19.999960 0.000076 -37.813696 0.000000 -0.000001 0.000000 -21.000034 0.000078 0.000002 -0.000000 -0.000000 -6.500001 -3.255150 -11.802617 -0.000000 0.000000 -0.000000 -9.719196 -0.000022 -5.185905 24.058254 -0.000000 -0.000000 -0.000002 -20.000006 -0.000370 -23.161733 -0.000000 0.000000 0.000002 -20.999947 0.000351 0.000000 -0.000000 -0.000000 6.498628 -3.255157 10.007543 -0.000000 0.000000 -0.000000 9.737182 -0.000019 5.180920 24.259427 0.000000 -0.000000 -0.000001 -19.993618 -0.505177 -60.548432 0.000000 -0.000000 -0.000002 -20.999954 0.017196 -0.000001 0.000000 -0.000000 6.500279 -3.255188 -11.808119 -0.000000 0.000000 -0.000000 9.735531 0.000007 -5.180399 1.440111 -0.000001 0.000000 -0.000001 -20.000008 -0.000094 -27.423708 -0.000000 -0.000000 -0.000001 -20.999992 0.000096 0.000001 -0.000000 -0.000000 
-2.573863 97.229477 137.172058 0.411690 0.000000 -0.000000 -0.000000 0.000000 0.000004 -0.000000 0.000000 -0.000000 -6.500005 -3.255150 10.015761 -0.000000 0.000000 -0.000000 -9.719193 -0.000013 5.172704 17.404053 0.000000 0.000000 0.000003 -19.999964 0.000066 -36.536348 0.000000 -0.000001 -0.000002 -21.000038 0.000066 0.000002 -0.000000 -0.000000 -6.500000 -3.255142 -11.802595 -0.000000 -0.000000 -0.000000 -9.719196 -0.000023 -5.185888 23.231842 -0.000000 -0.000000 -0.000002 -20.000013 -0.000360 -20.207043 -0.000000 0.000000 -0.000002 -20.999947 0.000351 -0.000000 0.000000 0.000000 6.498628 -3.255157 10.007552 -0.000000 0.000000 -0.000000 9.737182 -0.000024 5.180909 22.687254 0.000000 -0.000000 -0.000001 -19.993607 -0.505193 -59.245314 0.000000 -0.000000 0.000000 -20.999937 0.017233 -0.000005 0.000000 -0.000000 6.500279 -3.255173 -11.808104 -0.000000 0.000000 -0.000000 9.735531 0.000003 -5.180398 1.421704 -0.000000 0.000000 -0.000001 -20.000008 -0.000071 -25.726179 0.000000 0.000000 0.000000 -20.999992 0.000111 -0.000001 0.000000 -0.000000 
-2.573863 97.351036 137.803131 0.298504 0.000000 -0.000000 0.000000 0.000000 -0.000012 -0.000000 0.000000 -0.000000 -6.500005 -3.255142 10.015784 -0.000000 0.000000 -0.000000 -9.719193 -0.000012 5.172753 17.774031 0.000000 0.000000 0.000003 -19.999981 0.000094 -35.208522 0.000000 -0.000001 -0.000002 -21.000038 0.000086 -0.000000 0.000000 0.000000 -6.500001 -3.255142 -11.802588 -0.000001 0.000000 -0.000000 -9.719196 -0.000024 -5.185910 22.524388 -0.000001 -0.000000 -0.000000 -19.999996 -0.000355 -18.037037 -0.000000 0.000000 0.000000 -20.999943 0.000354 -0.000000 -0.000000 0.000000 6.498628 -3.255157 10.007574 -0.000000 0.000000 -0.000000 9.737182 -0.000017 5.180937 21.007638 0.000000 -0.000000 -0.000001 -19.993624 -0.505192 -57.669794 0.000000 -0.000000 -0.000002 -20.999954 0.017214 -0.000001 0.000000 -0.000000 6.500279 -3.255180 -11.808096 -0.000000 0.000000 -0.000000 9.735531 0.000013 -5.180393 1.899621 0.000000 -0.000000 -0.000001 -20.000000 -0.000084 -24.881703 0.000000 -0.000000 0.000001 -20.999985 0.000094 -0.000001 0.000000 -0.000000 
-2.573863 97.460052 138.434204 0.196992 0.000000 -0.000000 0.000000 0.000000 0.000001 -0.000000 0.000000 -0.000000 -6.500005 -3.255165 10.015767 -0.000000 0.000000 -0.000000 -9.719193 -0.000007 5.172737 18.120063 0.000000 0.000000 0.000001 -19.999962 0.000089 -33.872899 0.000000 -0.000001 -0.000000 -21.000046 0.000085 0.000002 0.000000 0.000000 -6.500000 -3.255157 -11.802607 -0.000000 -0.000000 -0.000000 -9.719196 -0.000022 -5.185910 22.370468 -0.000001 0.000000 -0.000000 -19.999996 -0.000366 -17.706053 -0.000000 0.000000 0.000000 -20.999939 0.000345 0.000000 -0.000000 0.000000 6.498628 -3.255165 10.007572 -0.000000 0.000000 -0.000000 9.737182 -0.000022 5.180934 19.158479 0.000000 -0.000000 -0.000002 -19.993610 -0.505196 -55.717289 0.000000 -0.000000 0.000000 -20.999958 0.017207 -0.000003 0.000000 -0.000000 6.500279 -3.255188 -11.808115 -0.000000 0.000000 -0.000000 9.735531 0.000005 -5.180392 2.778008 -0.000000 0.000000 -0.000002 -20.000004 -0.000095 -24.907436 0.000000 0.000000 -0.000001 -20.999973 0.000100 -0.000001 -0.000000 0.000000 
-2.573863 97.551521 139.065277 0.111824 0.000000 -0.000000 -0.000000 -0.000008 -0.000005 -0.000000 0.000000 -0.000000 -6.500005 -3.255157 10.015755 -0.000000 0.000000 -0.000000 -9.719193 -0.000003 5.172746 18.478896 0.000000 0.000000 0.000001 -19.999981 0.000084 -32.607217 0.000000 -0.000001 0.000002 -21.000042 0.000088 -0.000000 0.000000 0.000000 -6.500001 -3.255157 -11.802611 -0.000000 0.000000 -0.000000 -9.719196 -0.000024 -5.185894 22.600432 -0.000001 -0.000000 -0.000000 -19.999998 -0.000364 -18.751478 -0.000000 0.000000 0.000000 -20.999943 0.000353 0.000000 0.000000 0.000000 6.498628 -3.255165 10.007545 -0.000000 0.000000 -0.000000 9.737182 -0.000019 5.180925 17.278750 0.000000 -0.000000 -0.000001 -19.993601 -0.505193 -53.617190 0.000000 -0.000000 -0.000001 -20.999958 0.017203 -0.000001 0.000000 -0.000000 6.500279 -3.255188 -11.808120 -0.000000 0.000000 -0.000000 9.735531 -0.000001 -5.180400 3.916244 -0.000001 0.000000 -0.000000 -19.999996 -0.000076 -25.403898 -0.000000 0.000000 0.000000 -20.999981 0.000104 -0.000001 -0.000000 -0.000000 
-2.573863 97.619873 139.696350 0.049415 0.000000 -0.000000 0.000000 0.000000 0.000006 -0.000000 0.000000 -0.000000 -6.500005 -3.255142 10.015760 -0.000000 0.000000 -0.000000 -9.719192 -0.000006 5.172715 18.872484 -0.000000 0.000000 0.000003 -19.999985 0.000058 -31.450333 0.000000 -0.000001 0.000000 -21.000034 0.000085 -0.000001 -0.000000 -0.000000 -6.500000 -3.255150 -11.802600 -0.000000 -0.000000 -0.000000 -9.719196 -0.000028 -5.185904 23.312469 -0.000001 -0.000000 -0.000000 -20.000006 -0.000349 -21.312968 -0.000000 0.000000 0.000002 -20.999954 0.000347 -0.000000 0.000000 -0.000000 6.498628 -3.255150 10.007551 -0.000000 0.000000 -0.000000 9.737182 -0.000023 5.180916 15.483639 0.000000 -0.000000 -0.000000 -19.993603 -0.505187 -51.563198 0.000000 0.000000 -0.000001 -20.999950 0.017207 0.000001 0.000000 0.000000 6.500279 -3.255173 -11.808101 -0.000000 0.000000 -0.000000 9.735531 0.000003 -5.180398 5.141517 -0.000000 0.000000 -0.000000 -20.000008 -0.000092 -25.936972 0.000000 0.000000 -0.000000 -20.999977 0.000106 -0.000001 -0.000000 0.000000 
-2.573863 97.661736 140.327423 0.009193 0.000000 -0.000000 0.000000 0.000000 0.000002 -0.000000 0.000000 -0.000000 -6.500005 -3.255150 10.015768 -0.000000 0.000000 -0.000000 -9.719192 -0.000008 5.172736 19.361520 -0.000000 0.000000 -0.000001 -19.999969 0.000082 -30.561729 0.000000 -0.000001 0.000002 -21.000038 0.000088 -0.000001 0.000000 0.000000 -6.500001 -3.255150 -11.802591 -0.000001 0.000000 -0.000000 -9.719196 -0.000026 -5.185894 24.137557 -0.000001 -0.000000 0.000001 -20.000002 -0.000357 -24.638138 -0.000000 0.000000 -0.000000 -20.999950 0.000355 -0.000000 0.000000 0.000000 6.498628 -3.255150 10.007559 -0.000000 0.000000 -0.000000 9.737182 -0.000015 5.180935 13.782387 0.000000 -0.000000 -0.000002 -19.993605 -0.505191 -49.557691 0.000000 -0.000000 -0.000001 -20.999950 0.017199 -0.000003 0.000000 -0.000000 6.500279 -3.255180 -11.808100 -0.000000 0.000000 -0.000000 9.735531 0.000006 -5.180394 6.454552 0.000000 -0.000000 0.000000 -19.999998 -0.000088 -26.627662 0.000000 -0.000000 0.000000 -20.999985 0.000106 -0.000001 0.000000 -0.000000 
-2.573863 97.668831 140.958496 -0.001818 0.000000 -0.000000 0.000000 0.000000 0.000002 -0.000000 0.000000 -0.000000 -6.500005 -3.255150 10.015768 -0.000000 0.000000 -0.000000 -9.719193 -0.000012 5.172735 19.979471 0.000000 0.000000 0.000001 -19.999973 0.000073 -30.079487 0.000000 -0.000001 -0.000000 -21.000046 0.000081 0.000001 0.000000 0.000000 -6.500001 -3.255150 -11.802591 -0.000001 0.000000 -0.000000 -9.719196 -0.000031 -5.185898 24.707484 -0.000001 -0.000000 0.000001 -20.000013 -0.000353 -28.059426 -0.000000 0.000000 0.000002 -20.999947 0.000336 0.000000 0.000000 0.000000 6.498628 -3.255157 10.007559 -0.000000 0.000000 -0.000000 9.737182 -0.000006 5.180935 12.227564 -0.000000 0.000000 -0.000001 -19.993603 -0.505219 -47.668372 0.000000 -0.000000 -0.000001 -20.999958 0.017203 -0.000001 0.000000 -0.000000 6.500279 -3.255180 -11.808100 -0.000000 0.000000 -0.000000 9.735531 -0.000000 -5.180391 7.792154 0.000000 -0.000000 -0.000001 -20.000000 -0.000088 -27.463176 -0.000000 -0.000000 -0.000001 -20.999996 0.000084 -0.000001 -0.000000 0.000000 
-2.573863 97.650284 141.589569 -0.000000 0.000000 -0.000000 0.000000 0.000000 0.000001 -0.000000 0.000000 -0.000000 -6.500005 -3.255150 10.015763 -0.000000 0.000000 -0.000000 -9.719193 -0.000010 5.172730 20.829982 0.000000 0.000000 0.000003 -19.999973 0.000085 -30.106682 0.000000 -0.000001 -0.000002 -21.000046 0.000088 0.000001 0.000000 0.000000 -6.500001 -3.255150 -11.802596 -0.000001 0.000000 -0.000000 -9.719196 -0.000029 -5.185898 25.118161 -0.000001 -0.000000 -0.000001 -19.999992 -0.000365 -31.461962 -0.000000 0.000000 0.000002 -20.999943 0.000353 -0.000000 0.000000 0.000000 6.498628 -3.255157 10.007554 -0.000000 0.000000 -0.000000 9.737182 -0.000017 5.180932 10.804343 -0.000001 0.000000 -0.000001 -19.993608 -0.505222 -45.893069 -0.000000 -0.000000 0.000000 -20.999954 0.017187 0.000001 0.000000 -0.000000 6.500279 -3.255180 -11.808105 -0.000000 0.000000 -0.000000 9.735531 0.000008 -5.180398 9.173277 0.000000 -0.000000 -0.000001 -20.000006 -0.000078 -28.410701 0.000000 -0.000000 0.000000 -20.999989 0.000102 -0.000001 0.000000 -0.000000 
-2.573863 97.609268 142.220642 -0.000575 0.000000 -0.000000 0.000000 0.000000 0.000003 -0.000000 0.000000 -0.000000 -6.500005 -3.255150 10.015763 -0.000000 0.000000 -0.000000 -9.719193 -0.000015 5.172732 22.125658 0.000000 0.000000 0.000001 -19.999968 0.000065 -30.960021 0.000000 -0.000001 -0.000000 -21.000042 0.000064 0.000001 0.000000 0.000000 -6.500000 -3.255150 -11.802596 -0.000000 -0.000000 -0.000000 -9.719196 -0.000018 -5.185904 25.341293 -0.000001 -0.000000 0.000001 -20.000004 -0.000351 -34.478549 -0.000000 0.000000 0.000000 -20.999943 0.000330 -0.000000 -0.000000 -0.000000 6.498628 -3.255157 10.007554 -0.000000 0.000000 -0.000000 9.737182 -0.000020 5.180934 9.529523 -0.000000 0.000000 0.000000 -19.993591 -0.505204 -44.278047 -0.000000 -0.000000 -0.000002 -20.999950 0.017230 0.000001 0.000000 0.000000 6.500279 -3.255180 -11.808105 -0.000000 0.000000 -0.000000 9.735531 -0.000007 -5.180396 10.615959 0.000000 -0.000000 0.000000 -20.000004 -0.000091 -29.470805 0.000000 -0.000000 0.000000 -20.999989 0.000105 -0.000001 0.000000 -0.000000 
-2.573863 97.555466 142.851715 -0.000000 0.000000 -0.000000 0.000000 0.000000 0.000001 -0.000000 0.000000 -0.000000 -6.500005 -3.255150 10.015763 -0.000000 0.000000 -0.000000 -9.719193 -0.000013 5.172731 23.573177 0.000000 0.000000 0.000003 -19.999968 0.000070 -32.136685 0.000000 -0.000001 0.000000 -21.000050 0.000088 -0.000000 -0.000000 -0.000000 -6.500001 -3.255150 -11.802596 -0.000000 0.000000 -0.000000 -9.719196 -0.000024 -5.185902 25.381246 -0.000001 -0.000000 -0.000001 -19.999998 -0.000357 -37.198518 -0.000000 0.000001 -0.000002 -20.999943 0.000348 0.000000 -0.000000 -0.000000 6.498628 -3.255157 10.007554 -0.000000 0.000000 -0.000000 9.737182 -0.000014 5.180933 8.360777 0.000000 -0.000000 -0.000001 -19.993614 -0.505209 -42.745595 0.000000 -0.000000 0.000000 -20.999950 0.017215 -0.000003 0.000000 -0.000000 6.500279 -3.255180 -11.808105 -0.000000 0.000000 -0.000000 9.735531 0.000008 -5.180396 12.059755 0.000000 -0.000000 0.000000 -20.000011 -0.000091 -30.530621 0.000000 -0.000000 0.000000 -20.999977 0.000098 -0.000001 0.000000 -0.000000 
-2.573863 97.496964 143.482788 -0.000000 0.000000 -0.000000 0.000000 0.000000 0.000001 -0.000000 0.000000 -0.000000 -6.500005 -3.255150 10.015763 -0.000000 0.000000 -0.000000 -9.719193 -0.000006 5.172733 25.004231 0.000000 0.000000 0.000001 -19.999968 0.000065 -33.271562 0.000000 -0.000001 0.000002 -21.000034 0.000065 -0.000000 0.000000 0.000000 -6.500001 -3.255150 -11.802596 0.000000 0.000000 0.000000 -9.719196 -0.000021 -5.185898 25.236174 -0.000001 0.000000 -0.000001 -19.999992 -0.000353 -39.593418 -0.000000 0.000001 -0.000000 -20.999943 0.000328 0.000000 0.000000 0.000000 6.498628 -3.255157 10.007554 -0.000000 0.000000 -0.000000 9.737182 -0.000021 5.180930 7.248151 -0.000000 0.000000 0.000000 -19.993618 -0.505209 -41.235590 -0.000000 -0.000000 -0.000001 -20.999954 0.017205 0.000002 0.000000 -0.000000 6.500279 -3.255180 -11.808105 -0.000000 0.000000 -0.000000 9.735531 -0.000006 -5.180396 13.461509 0.000000 -0.000000 0.000000 -19.999992 -0.000079 -31.498985 0.000000 -0.000000 0.000000 -20.999977 0.000119 -0.000001 0.000000 -0.000000 
-2.573863 97.441681 144.113861 -0.000000 0.000000 -0.000000 0.000000 0.000000 0.000001 -0.000000 0.000000 -0.000000 -6.500005 -3.255150 10.015763 -0.000000 0.000000 -0.000000 -9.719193 -0.000007 5.172734 26.256521 0.000000 0.000000 0.000003 -19.999975 0.000095 -34.268292 0.000000 -0.000001 0.000000 -21.000034 0.000077 0.000001 -0.000000 -0.000000 -6.500001 -3.255150 -11.802596 -0.000000 0.000000 -0.000000 -9.719196 -0.000025 -5.185902 24.896367 -0.000001 -0.000000 -0.000001 -20.000008 -0.000353 -41.649203 -0.000000 0.000001 0.000000 -20.999947 0.000336 0.000000 -0.000000 -0.000000 6.498628 -3.255157 10.007554 -0.000000 0.000000 -0.000000 9.737182 -0.000017 5.180934 6.231376 -0.000001 0.000000 0.000000 -19.993610 -0.505202 -39.741534 0.000000 -0.000000 -0.000000 -20.999958 0.017205 0.000002 0.000000 0.000000 6.500279 -3.255180 -11.808105 -0.000000 0.000000 -0.000000 9.735531 0.000003 -5.180398 14.787390 0.000000 -0.000000 0.000000 -19.999992 -0.000090 -32.311347 0.000000 -0.000000 0.000001 -20.999977 0.000104 -0.000001 0.000000 -0.000000 
-2.573863 97.411400 144.744934 -0.013814 0.000000 -0.000000 0.000000 0.000008 0.000003 -0.000000 0.000000 -0.000000 -6.500005 -3.255150 10.015759 -0.000000 0.000000 -0.000000 -9.719193 -0.000007 5.172729 26.863554 0.000000 0.000000 -0.000003 -19.999958 0.000069 -34.434423 0.000000 -0.000001 0.000002 -21.000046 0.000077 0.000001 -0.000000 -0.000000 -6.500001 -3.255150 -11.802601 0.000000 0.000000 0.000000 -9.719196 -0.000014 -5.185904 24.336285 -0.000000 -0.000000 0.000003 -20.000017 -0.000360 -43.285036 -0.000000 0.000001 -0.000002 -20.999939 0.000351 0.000000 0.000000 -0.000000 6.498628 -3.255157 10.007550 -0.000000 0.000000 -0.000000 9.737182 -0.000007 5.180930 5.347470 -0.000001 0.000000 -0.000001 -19.993593 -0.505198 -38.199373 -0.000000 -0.000000 -0.000000 -20.999954 0.017210 0.000001 0.000000 0.000000 6.500279 -3.255180 -11.808109 -0.000000 0.000000 -0.000000 9.735531 0.000003 -5.180396 15.967833 0.000000 -0.000000 -0.000001 -20.000000 -0.000087 -32.801294 0.000000 -0.000000 0.000000 -20.999985 0.000108 -0.000003 0.000000 -0.000000 
-2.573863 97.372627 145.375992 -0.000000 0.000000 -0.000000 0.000000 0.000000 0.000001 -0.000000 0.000000 -0.000000 -6.500005 -3.255150 10.015763 -0.000000 0.000000 -0.000000 -9.719193 -0.000020 5.172733 27.569644 0.000000 0.000000 0.000001 -19.999977 0.000091 -35.193035 0.000000 -0.000001 0.000000 -21.000042 0.000073 0.000001 -0.000000 -0.000000 -6.500001 -3.255150 -11.802596 -0.000000 0.000000 -0.000000 -9.719195 -0.000027 -5.185896 23.601529 -0.000000 -0.000000 0.000001 -20.000013 -0.000357 -44.672750 -0.000000 0.000001 -0.000000 -20.999943 0.000353 0.000000 0.000000 0.000000 6.498628 -3.255157 10.007554 -0.000000 0.000000 -0.000000 9.737182 -0.000013 5.180933 4.554615 0.000000 -0.000000 -0.000002 -19.993607 -0.505198 -36.721757 0.000000 -0.000000 -0.000001 -20.999958 0.017220 0.000002 0.000000 -0.000000 6.500279 -3.255180 -11.808105 -0.000000 0.000000 -0.000000 9.735531 0.000002 -5.180404 17.066927 0.000000 -0.000000 0.000000 -20.000010 -0.000078 -33.183282 0.000000 -0.000000 0.000000 -20.999981 0.000105 -0.000001 0.000000 -0.000000 
-2.573863 97.301308 146.007065 0.081521 0.000000 -0.000000 0.000000 0.000000 0.000003 -0.000000 0.000000 -0.000000 -6.500005 -3.255150 10.015748 -0.000000 0.000000 -0.000000 -9.719192 -0.000009 5.172727 29.168675 -0.000000 0.000000 -0.000001 -19.999981 0.000084 -38.213341 0.000000 -0.000001 -0.000002 -21.000034 0.000080 -0.000000 -0.000000 -0.000000 -6.500000 -3.255150 -11.802609 -0.000000 -0.000000 -0.000000 -9.719195 -0.000028 -5.185917 22.718177 -0.000000 -0.000000 0.000001 -19.999996 -0.000352 -45.941048 -0.000000 0.000001 -0.000000 -20.999943 0.000351 0.000000 0.000000 0.000000 6.498628 -3.255157 10.007554 -0.000000 0.000000 -0.000000 9.737182 -0.000018 5.180929 3.784849 0.000001 -0.000000 -0.000002 -19.993603 -0.505191 -35.303404 -0.000000 0.000000 -0.000002 -20.999954 0.017201 0.000001 0.000000 0.000000 6.500279 -3.255180 -11.808118 -0.000000 0.000000 -0.000000 9.735531 -0.000001 -5.180413 18.107945 0.000000 -0.000000 -0.000001 -20.000000 -0.000099 -33.589856 0.000000 -0.000000 0.000000 -20.999973 0.000102 -0.000001 0.000000 -0.000000 
-2.573863 97.190971 146.638138 0.221020 0.000000 -0.000000 0.000000 0.000000 0.000008 -0.000000 0.000000 -0.000000 -6.500005 -3.255150 10.015765 -0.000000 0.000000 -0.000000 -9.719192 -0.000006 5.172740 31.045498 -0.000000 0.000001 0.000001 -19.999992 0.000080 -42.064454 0.000000 -0.000001 0.000002 -21.000046 0.000078 0.000001 0.000000 0.000000 -6.500001 -3.255150 -11.802598 -0.000001 0.000000 -0.000000 -9.719193 -0.000023 -5.185911 21.719332 -0.000000 -0.000000 0.000003 -19.999992 -0.000346 -47.138206 -0.000000 0.000001 0.000002 -20.999935 0.000342 -0.000001 0.000000 0.000000 6.498628 -3.255157 10.007571 -0.000000 0.000000 -0.000000 9.737182 -0.000017 5.180922 3.153605 0.000001 -0.000000 -0.000003 -19.993587 -0.505171 -34.234189 -0.000000 0.000000 -0.000002 -20.999950 0.017194 0.000001 -0.000000 -0.000000 6.500279 -3.255180 -11.808106 -0.000000 0.000000 -0.000000 9.735531 -0.000005 -5.180408 19.143731 0.000000 -0.000000 0.000000 -19.999985 -0.000103 -34.100232 0.000000 -0.000000 -0.000001 -20.999985 0.000100 -0.000000 0.000000 -0.000000 
-2.573863 97.009949 147.269211 0.441263 0.000000 -0.000000 0.000000 0.000000 0.000003 -0.000000 0.000000 -0.000000 -6.500005 -3.255150 10.015779 -0.000000 0.000000 -0.000000 -9.719192 -0.000012 5.172737 32.842589 -0.000000 0.000001 0.000001 -19.999989 0.000075 -45.852716 0.000000 -0.000001 0.000000 -21.000034 0.000065 -0.000001 -0.000000 -0.000000 -6.500000 -3.255157 -11.802578 -0.000000 -0.000000 -0.000000 -9.719197 -0.000018 -5.185879 20.665641 -0.000000 -0.000000 0.000003 -20.000010 -0.000353 -48.437103 -0.000000 0.000001 0.000000 -20.999939 0.000342 0.000000 -0.000000 -0.000000 6.498628 -3.255157 10.007568 -0.000000 0.000000 -0.000000 9.737182 -0.000019 5.180936 2.760289 0.000000 -0.000000 -0.000003 -19.993599 -0.505173 -33.889155 -0.000000 -0.000000 -0.000003 -20.999947 0.017211 0.000001 -0.000000 -0.000000 6.500279 -3.255180 -11.808086 -0.000000 0.000000 -0.000000 9.735531 0.000002 -5.180375 20.270043 0.000000 -0.000000 -0.000001 -19.999981 -0.000079 -34.945399 0.000000 -0.000000 0.000000 -20.999981 0.000109 0.000001 0.000000 -0.000000 
-2.573863 96.809746 147.900284 0.684852 0.000000 -0.000000 0.000000 0.000008 0.000004 -0.000000 0.000000 -0.000000 -6.500005 -3.255150 10.015773 -0.000000 0.000000 -0.000000 -9.719192 -0.000022 5.172722 34.580981 0.000000 0.000001 -0.000002 -19.999987 0.000084 -49.635705 0.000000 -0.000001 -0.000000 -21.000034 0.000076 -0.000000 0.000000 0.000000 -6.500001 -3.255150 -11.802590 -0.000000 0.000000 -0.000000 -9.719195 -0.000017 -5.185900 19.500497 -0.000000 -0.000000 0.000001 -19.999987 -0.000339 -49.592590 -0.000000 0.000001 -0.000000 -20.999943 0.000340 0.000000 0.000000 0.000000 6.498628 -3.255157 10.007578 -0.000000 0.000000 -0.000000 9.737182 -0.000027 5.180919 2.585010 0.000000 -0.000000 -0.000002 -19.993603 -0.505176 -34.007604 0.000000 -0.000000 0.000000 -20.999950 0.017193 0.000001 0.000000 -0.000000 6.500279 -3.255188 -11.808100 -0.000000 0.000000 -0.000000 9.735531 0.000008 -5.180390 21.381393 0.000000 -0.000000 0.000000 -19.999992 -0.000090 -35.802667 0.000000 -0.000000 0.000000 -20.999985 0.000107 -0.000000 0.000000 -0.000000 
-2.573863 96.639282 148.531357 0.892253 0.000000 -0.000000 0.000000 0.000000 0.000005 -0.000000 0.000000 -0.000000 -6.500005 -3.255142 10.015763 -0.000000 0.000000 -0.000000 -9.719192 -0.000015 5.172732 36.117200 0.000000 0.000001 -0.000001 -19.999966 0.000084 -53.096753 0.000000 -0.000001 0.000002 -21.000042 0.000077 -0.000000 0.000000 -0.000000 -6.500001 -3.255157 -11.802592 0.000000 0.000000 0.000000 -9.719196 -0.000017 -5.185913 18.148294 -0.000000 -0.000000 0.000001 -20.000008 -0.000350 -50.322699 -0.000000 0.000001 0.000000 -20.999931 0.000342 -0.000001 -0.000000 -0.000000 6.498628 -3.255150 10.007567 -0.000000 0.000000 -0.000000 9.737182 -0.000030 5.180935 2.699650 -0.000000 0.000000 -0.000002 -19.993610 -0.505178 -34.527317 0.000000 0.000000 -0.000001 -20.999962 0.017212 0.000004 0.000000 -0.000000 6.500279 -3.255180 -11.808102 -0.000000 0.000000 -0.000000 9.735531 0.000014 -5.180400 22.377493 0.000000 -0.000000 -0.000001 -19.999996 -0.000099 -36.352541 0.000000 -0.000000 0.000000 -20.999981 0.000100 0.000001 0.000000 -0.000000 
