0.0000000,0.4556346,0.2291592,0.0000000,0.4526709,0.3363748,0.0000000,0.4497073,0.4435905,0.0000000,0.4467436,0.5508061,0.0000000,0.4467436,0.5508061,0.0000000,0.4467436,0.5508061,0.1622750,0.4467436,0.5508061,0.1622750,0.3854667,0.4724222,0.1622750,0.3241898,0.3940384,0.1622750,0.2355495,0.4502152,0.1622750,0.1469093,0.5063920,-0.1622750,0.4467436,0.5508061,-0.1622750,0.3854667,0.4724222,-0.1622750,0.3241898,0.3940384,-0.1622750,0.2355495,0.4502152,-0.1622750,0.1469093,0.5063920,0.1622750,0.4556346,0.2291592,0.1622750,0.3196052,0.0825843,0.1622750,0.2411609,0.1516140,0.1622750,0.1627166,0.2206437,-0.1622750,0.4556346,0.2291592,-0.1622750,0.3196052,0.0825843,-0.1622750,0.2411609,0.1516140,-0.1622750,0.1627166,0.2206437
0.0000000,0.4533814,0.2479093,0.0000000,0.4517461,0.3551528,0.0000000,0.4501107,0.4623962,0.0000000,0.4484754,0.5696396,0.0000000,0.4484754,0.5696396,0.0000000,0.4484754,0.5696396,0.1622750,0.4484754,0.5696396,0.1622750,0.3857955,0.4922483,0.1622750,0.3231157,0.4148570,0.1622750,0.2409832,0.4800610,0.1622750,0.1588506,0.5452649,-0.1622750,0.4484754,0.5696396,-0.1622750,0.3857955,0.4922483,-0.1622750,0.3231157,0.4148570,-0.1622750,0.2409832,0.4800610,-0.1622750,0.1588506,0.5452649,0.1622750,0.4533814,0.2479093,0.1622750,0.3047403,0.1144193,0.1622750,0.2333049,0.1905896,0.1622751,0.1618695,0.2667599,-0.1622750,0.4533814,0.2479093,-0.1622750,0.3047403,0.1144193,-0.1622750,0.2333049,0.1905896,-0.1622750,0.1618695,0.2667599
0.0000000,0.4508172,0.2666372,0.0000000,0.4503550,0.3738919,0.0000000,0.4498928,0.4811466,0.0000000,0.4494306,0.5884013,0.0000000,0.4494306,0.5884013,0.0000000,0.4494306,0.5884013,0.1622750,0.4494306,0.5884013,0.1622750,0.3838494,0.5133515,0.1622750,0.3182683,0.4383017,0.1622750,0.2433298,0.5116393,0.1622750,0.1683914,0.5849770,-0.1622750,0.4494306,0.5884013,-0.1622750,0.3838494,0.5133515,-0.1622750,0.3182683,0.4383017,-0.1622750,0.2433298,0.5116393,-0.1622750,0.1683914,0.5849770,0.1622750,0.4508172,0.2666372,0.1622750,0.2893407,0.1492694,0.1622750,0.2252612,0.2317371,0.1622750,0.1611817,0.3142047,-0.1622750,0.4508172,0.2666372,-0.1622750,0.2893407,0.1492694,-0.1622750,0.2252612,0.2317371,-0.1622750,0.1611817,0.3142047
0.0000000,0.4475144,0.2853549,0.0000000,0.4481336,0.3926089,0.0000000,0.4487528,0.4998629,-0.0000000,0.4493720,0.6071169,-0.0000000,0.4493720,0.6071169,-0.0000000,0.4493720,0.6071169,0.1622750,0.4493720,0.6071169,0.1622750,0.3795804,0.5358901,0.1622750,0.3097889,0.4646633,0.1622750,0.2429566,0.5454849,0.1622750,0.1761243,0.6263064,-0.1622750,0.4493720,0.6071169,-0.1622750,0.3795804,0.5358901,-0.1622750,0.3097889,0.4646633,-0.1622750,0.2429566,0.5454849,-0.1622750,0.1761243,0.6263064,0.1622750,0.4475144,0.2853549,0.1622750,0.2747380,0.1854455,0.1622750,0.2173622,0.2728083,0.1622750,0.1599864,0.3601712,-0.1622750,0.4475144,0.2853549,-0.1622750,0.2747380,0.1854455,-0.1622750,0.2173622,0.2728083,-0.1622750,0.1599864,0.3601712
0.0000000,0.4433602,0.3040609,0.0000000,0.4449784,0.4113049,-0.0000000,0.4465967,0.5185488,-0.0000000,0.4482149,0.6257928,-0.0000000,0.4482149,0.6257928,-0.0000000,0.4482149,0.6257928,0.1622750,0.4482149,0.6257928,0.1622750,0.3733026,0.5598989,0.1622750,0.2983903,0.4940049,0.1622750,0.2404834,0.5815087,0.1622750,0.1825765,0.6690124,-0.1622750,0.4482149,0.6257928,-0.1622750,0.3733026,0.5598989,-0.1622750,0.2983903,0.4940049,-0.1622750,0.2404834,0.5815087,-0.1622750,0.1825765,0.6690124,0.1622750,0.4433602,0.3040609,0.1622750,0.2617592,0.2209986,0.1622750,0.2098757,0.3118597,0.1622750,0.1579923,0.4027208,-0.1622750,0.4433602,0.3040609,-0.1622750,0.2617592,0.2209986,-0.1622750,0.2098757,0.3118597,-0.1622750,0.1579923,0.4027208
0.0000000,0.4384340,0.3227356,0.0000000,0.4409213,0.4299633,0.0000000,0.4434086,0.5371911,-0.0000000,0.4458959,0.6444189,-0.0000000,0.4458959,0.6444189,-0.0000000,0.4458959,0.6444189,0.1622750,0.4458959,0.6444189,0.1622750,0.3655159,0.5852322,0.1622750,0.2851359,0.5260455,0.1622750,0.2364561,0.6190652,0.1622750,0.1877762,0.7120849,-0.1622750,0.4458959,0.6444189,-0.1622750,0.3655159,0.5852322,-0.1622750,0.2851359,0.5260455,-0.1622750,0.2364561,0.6190652,-0.1622750,0.1877762,0.7120849,0.1622750,0.4384340,0.3227356,0.1622750,0.2512794,0.2524482,0.1622750,0.2039128,0.3458536,0.1622750,0.1565463,0.4392590,-0.1622750,0.4384340,0.3227356,-0.1622750,0.2512794,0.2524482,-0.1622750,0.2039128,0.3458536,-0.1622750,0.1565463,0.4392590
0.0000000,0.4327308,0.3413773,0.0000000,0.4359658,0.4485849,0.0000000,0.4392008,0.5557925,0.0000000,0.4424359,0.6630002,0.0000000,0.4424359,0.6630002,0.0000000,0.4424359,0.6630002,0.1622750,0.4424359,0.6630002,0.1622750,0.3568867,0.6116499,0.1622750,0.2713376,0.5602995,0.1622750,0.2315989,0.6574013,0.1622750,0.1918601,0.7545031,-0.1622750,0.4424359,0.6630002,-0.1622750,0.3568867,0.6116499,-0.1622750,0.2713376,0.5602995,-0.1622750,0.2315989,0.6574013,-0.1622750,0.1918601,0.7545031,0.1622750,0.4327308,0.3413773,0.1622750,0.2420631,0.2811058,0.1622750,0.1954232,0.3749681,0.1622750,0.1487834,0.4688305,-0.1622750,0.4327308,0.3413773,-0.1622750,0.2420631,0.2811058,-0.1622750,0.1954232,0.3749681,-0.1622750,0.1487834,0.4688305
0.0000000,0.4264286,0.3599949,0.0000000,0.4303290,0.4671803,0.0000000,0.4342294,0.5743657,0.0000000,0.4381298,0.6815511,0.0000000,0.4381298,0.6815511,0.0000000,0.4381298,0.6815511,0.1622750,0.4381298,0.6815511,0.1622750,0.3481409,0.6385046,0.1622750,0.2581520,0.5954582,0.1622750,0.2265077,0.6954457,0.1622750,0.1948635,0.7954331,-0.1622750,0.4381298,0.6815511,-0.1622750,0.3481409,0.6385046,-0.1622750,0.2581520,0.5954582,-0.1622750,0.2265077,0.6954457,-0.1622750,0.1948635,0.7954331,0.1622750,0.4264286,0.3599949,0.1622750,0.2329896,0.3094219,0.1622750,0.1814218,0.4007355,0.1622750,0.1298539,0.4920490,-0.1622750,0.4264286,0.3599949,-0.1622750,0.2329896,0.3094219,-0.1622750,0.1814218,0.4007355,-0.1622750,0.1298539,0.4920490
0.0000000,0.4197019,0.3785957,0.0000000,0.4242122,0.4857572,0.0000000,0.4287225,0.5929187,0.0000000,0.4332327,0.7000802,0.0000000,0.4332327,0.7000802,0.0000000,0.4332327,0.7000802,0.1622750,0.4332327,0.7000802,0.1622750,0.3397438,0.6651784,0.1622750,0.2462548,0.6302766,0.1622750,0.2212749,0.7321214,0.1622750,0.1962950,0.8339661,-0.1622750,0.4332327,0.7000802,-0.1622750,0.3397438,0.6651784,-0.1622750,0.2462548,0.6302766,-0.1622750,0.2212749,0.7321214,-0.1622750,0.1962950,0.8339661,0.1622750,0.4197019,0.3785957,0.1622750,0.2236957,0.3393375,0.1622750,0.1639268,0.4255216,0.1622750,0.1041579,0.5117057,-0.1622750,0.4197019,0.3785957,-0.1622750,0.2236957,0.3393375,-0.1622750,0.1639268,0.4255216,-0.1622750,0.1041579,0.5117057
0.0000000,0.4126912,0.3971770,0.0000000,0.4177533,0.5043139,0.0000000,0.4228155,0.6114509,0.0000000,0.4278776,0.7185879,0.0000000,0.4278776,0.7185879,0.0000000,0.4278776,0.7185879,0.1622750,0.4278776,0.7185879,0.1622750,0.3318552,0.6911317,0.1622750,0.2358328,0.6636755,0.1622750,0.2157451,0.7665884,0.1622750,0.1956574,0.8695013,-0.1622750,0.4278776,0.7185879,-0.1622750,0.3318552,0.6911317,-0.1622750,0.2358328,0.6636755,-0.1622750,0.2157451,0.7665884,-0.1622750,0.1956574,0.8695013,0.1622750,0.4126912,0.3971770,0.1622750,0.2145320,0.3705714,0.1622750,0.1453557,0.4494236,0.1622750,0.0761794,0.5282758,-0.1622750,0.4126912,0.3971770,-0.1622750,0.2145320,0.3705714,-0.1622750,0.1453557,0.4494236,-0.1622750,0.0761794,0.5282758
-0.0000000,0.4055289,0.4157242,-0.0000000,0.4110512,0.5228386,0.0000000,0.4165734,0.6299529,0.0000000,0.4220957,0.7370673,0.0000000,0.4220957,0.7370673,0.0000000,0.4220957,0.7370673,0.1622750,0.4220957,0.7370673,0.1622750,0.3244263,0.7158204,0.1622750,0.2267569,0.6945735,0.1622750,0.2097452,0.7979882,0.1622750,0.1927336,0.9014029,-0.1622750,0.4220957,0.7370673,-0.1622750,0.3244263,0.7158204,-0.1622750,0.2267569,0.6945735,-0.1622750,0.2097452,0.7979882,-0.1622750,0.1927336,0.9014029,0.1622750,0.4055289,0.4157242,0.1622750,0.2061616,0.3998992,0.1622750,0.1291299,0.4710105,0.1622750,0.0520983,0.5421218,-0.1622750,0.4055289,0.4157242,-0.1622750,0.2061616,0.3998992,-0.1622750,0.1291299,0.4710105,-0.1622750,0.0520983,0.5421218
0.0000000,0.3983556,0.4342202,0.0000000,0.4042087,0.5413170,0.0000000,0.4100619,0.6484138,0.0000000,0.4159150,0.7555106,0.0000000,0.4159150,0.7555106,0.0000000,0.4159150,0.7555106,0.1622750,0.4159150,0.7555106,0.1622750,0.3173060,0.7390243,0.1622750,0.2186970,0.7225379,0.1622750,0.2025255,0.8259463,0.1622750,0.1863540,0.9293547,-0.1622750,0.4159150,0.7555106,-0.1622750,0.3173060,0.7390243,-0.1622750,0.2186970,0.7225379,-0.1622750,0.2025255,0.8259463,-0.1622750,0.1863540,0.9293547,0.1622750,0.3983556,0.4342202,0.1622750,0.1985603,0.4253215,0.1622750,0.1159299,0.4893985,0.1622750,0.0332995,0.5534755,-0.1622750,0.3983556,0.4342202,-0.1622750,0.1985603,0.4253215,-0.1622750,0.1159299,0.4893985,-0.1622750,0.0332995,0.5534755
0.0000000,0.3913184,0.4526582,0.0000000,0.3973605,0.5597445,-0.0000000,0.4034027,0.6668309,-0.0000000,0.4094449,0.7739172,-0.0000000,0.4094449,0.7739172,-0.0000000,0.4094449,0.7739172,0.1622750,0.4094449,0.7739172,0.1622750,0.3103110,0.7609061,0.1622750,0.2111771,0.7478950,0.1622750,0.1936692,0.8507977,0.1622750,0.1761612,0.9537003,-0.1622750,0.4094449,0.7739172,-0.1622750,0.3103110,0.7609061,-0.1622750,0.2111771,0.7478950,-0.1622751,0.1936692,0.8507977,-0.1622751,0.1761612,0.9537003,0.1622750,0.3913184,0.4526582,0.1622750,0.1915132,0.4457209,0.1622750,0.1052615,0.5045715,0.1622750,0.0190098,0.5634221,-0.1622750,0.3913184,0.4526582,-0.1622750,0.1915132,0.4457209,-0.1622750,0.1052615,0.5045715,-0.1622750,0.0190098,0.5634221
0.0000000,0.3847848,0.4709694,0.0000000,0.3907026,0.5780626,-0.0000000,0.3966203,0.6851559,-0.0000000,0.4025381,0.7922491,-0.0000000,0.4025381,0.7922491,-0.0000000,0.4025381,0.7922491,0.1622750,0.4025381,0.7922491,0.1622750,0.3030689,0.7820804,0.1622750,0.2035997,0.7719117,0.1622750,0.1806931,0.8732726,0.1622750,0.1577865,0.9746335,-0.1622750,0.4025381,0.7922491,-0.1622750,0.3030689,0.7820804,-0.1622750,0.2035997,0.7719117,-0.1622750,0.1806931,0.8732726,-0.1622750,0.1577865,0.9746335,0.1622750,0.3847848,0.4709694,0.1622750,0.1856741,0.4595347,0.1622750,0.0977158,0.5160061,0.1622750,0.0097574,0.5724774,-0.1622750,0.3847848,0.4709694,-0.1622750,0.1856741,0.4595347,-0.1622750,0.0977158,0.5160061,-0.1622750,0.0097574,0.5724774
0.0000000,0.3789849,0.4891222,0.0000000,0.3843786,0.5962430,0.0000000,0.3897724,0.7033637,0.0000000,0.3951661,0.8104844,0.0000000,0.3951661,0.8104844,0.0000000,0.3951661,0.8104844,0.1622750,0.3951661,0.8104844,0.1622750,0.2954552,0.8030093,0.1622750,0.1957442,0.7955342,0.1622750,0.1635553,0.8936985,0.1622750,0.1313664,0.9918627,-0.1622750,0.3951661,0.8104844,-0.1622750,0.2954552,0.8030093,-0.1622750,0.1957442,0.7955342,-0.1622750,0.1635553,0.8936985,-0.1622750,0.1313664,0.9918627,0.1622750,0.3789849,0.4891222,0.1622750,0.1818890,0.4678674,0.1622750,0.0936767,0.5243573,0.1622750,0.0054645,0.5808473,-0.1622750,0.3789849,0.4891222,-0.1622750,0.1818890,0.4678674,-0.1622750,0.0936767,0.5243573,-0.1622750,0.0054645,0.5808473
0.0000000,0.3741198,0.5071083,0.0000000,0.3785236,0.6142744,0.0000000,0.3829274,0.7214405,0.0000000,0.3873312,0.8286065,0.0000000,0.3873312,0.8286065,0.0000000,0.3873312,0.8286065,0.1622750,0.3873312,0.8286065,0.1622750,0.2874068,0.8247722,0.1622750,0.1874824,0.8209378,0.1622750,0.1439095,0.9135968,0.1622750,0.1003366,1.0062558,-0.1622750,0.3873312,0.8286065,-0.1622750,0.2874068,0.8247722,-0.1622750,0.1874824,0.8209378,-0.1622751,0.1439095,0.9135968,-0.1622751,0.1003366,1.0062558,0.1622750,0.3741198,0.5071083,0.1622750,0.1796024,0.4763724,0.1622750,0.0912063,0.5326467,0.1622750,0.0028102,0.5889210,-0.1622750,0.3741198,0.5071083,-0.1622750,0.1796024,0.4763724,-0.1622750,0.0912063,0.5326467,-0.1622750,0.0028102,0.5889210
0.0000000,0.3702258,0.5249427,0.0000000,0.3732427,0.6321558,0.0000000,0.3762596,0.7393689,0.0000000,0.3792766,0.8465820,0.0000000,0.3792766,0.8465820,0.0000000,0.3792766,0.8465820,0.1622750,0.3792766,0.8465820,0.1622750,0.2792897,0.8454163,0.1622750,0.1793029,0.8442505,0.1622750,0.1255659,0.9303447,0.1622750,0.0718288,1.0164389,-0.1622750,0.3792766,0.8465820,-0.1622750,0.2792897,0.8454163,-0.1622750,0.1793029,0.8442505,-0.1622750,0.1255659,0.9303447,-0.1622750,0.0718288,1.0164389,0.1622750,0.3702258,0.5249427,0.1622750,0.1785967,0.4829204,0.1622750,0.0899258,0.5385877,0.1622750,0.0012549,0.5942549,-0.1622750,0.3702258,0.5249427,-0.1622750,0.1785967,0.4829204,-0.1622750,0.0899258,0.5385877,-0.1622750,0.0012549,0.5942549
0.0000000,0.3671338,0.5426707,0.0000000,0.3685281,0.6499161,0.0000000,0.3699225,0.7571614,0.0000000,0.3713168,0.8644068,0.0000000,0.3713168,0.8644068,0.0000000,0.3713168,0.8644068,0.1622750,0.3713168,0.8644068,0.1622750,0.2714450,0.8629081,0.1622750,0.1715731,0.8614095,0.1622750,0.1111616,0.9428909,0.1622750,0.0507501,1.0243723,-0.1622750,0.3713168,0.8644068,-0.1622750,0.2714450,0.8629081,-0.1622750,0.1715731,0.8614095,-0.1622750,0.1111616,0.9428909,-0.1622750,0.0507501,1.0243723,0.1622750,0.3671338,0.5426707,0.1622750,0.1791274,0.4851595,0.1622750,0.0900764,0.5398776,0.1622750,0.0010254,0.5945957,-0.1622750,0.3671338,0.5426707,-0.1622750,0.1791274,0.4851595,-0.1622750,0.0900764,0.5398776,-0.1622750,0.0010254,0.5945957
0.0000000,0.3647531,0.5603542,0.0000000,0.3644027,0.6676078,0.0000000,0.3640523,0.7748613,0.0000000,0.3637018,0.8821148,0.0000000,0.3637018,0.8821148,0.0000000,0.3637018,0.8821148,0.1622750,0.3637018,0.8821148,0.1622750,0.2644043,0.8786958,0.1622750,0.1651067,0.8752767,0.1622750,0.0999988,0.9541467,0.1622750,0.0348910,1.0330166,-0.1622750,0.3637018,0.8821148,-0.1622750,0.2644043,0.8786958,-0.1622750,0.1651067,0.8752767,-0.1622750,0.0999988,0.9541467,-0.1622750,0.0348910,1.0330166,0.1622750,0.3647531,0.5603542,0.1622750,0.1811168,0.4883994,0.1622750,0.0911941,0.5412608,0.1622750,0.0012713,0.5941222,-0.1622750,0.3647531,0.5603542,-0.1622750,0.1811168,0.4883994,-0.1622750,0.0911941,0.5412608,-0.1622750,0.0012713,0.5941222
0.0000000,0.3630140,0.5780580,0.0000000,0.3609016,0.6852920,0.0000000,0.3587892,0.7925260,-0.0000000,0.3566768,0.8997600,-0.0000000,0.3566768,0.8997600,-0.0000000,0.3566768,0.8997600,0.1622750,0.3566768,0.8997600,0.1622750,0.2586743,0.8931354,0.1622750,0.1606717,0.8865108,0.1622750,0.0925318,0.9643208,0.1622750,0.0243920,1.0421309,-0.1622750,0.3566768,0.8997600,-0.1622750,0.2586743,0.8931354,-0.1622750,0.1606717,0.8865108,-0.1622750,0.0925318,0.9643208,-0.1622750,0.0243920,1.0421309,0.1622750,0.3630140,0.5780580,0.1622750,0.1839892,0.4942572,0.1622750,0.0926267,0.5441870,0.1622750,0.0012642,0.5941168,-0.1622750,0.3630140,0.5780580,-0.1622750,0.1839892,0.4942572,-0.1622750,0.0926267,0.5441870,-0.1622750,0.0012642,0.5941168
0.0000000,0.3621567,0.5958732,0.0000000,0.3582984,0.7030600,0.0000000,0.3544401,0.8102467,0.0000000,0.3505818,0.9174335,0.0000000,0.3505818,0.9174335,0.0000000,0.3505818,0.9174335,0.1622750,0.3505818,0.9174335,0.1622750,0.2539674,0.9058902,0.1622750,0.1573530,0.8943469,0.1622750,0.0879503,0.9715398,0.1622750,0.0185476,1.0487327,-0.1622750,0.3505818,0.9174335,-0.1622750,0.2539674,0.9058902,-0.1622750,0.1573530,0.8943469,-0.1622750,0.0879503,0.9715398,-0.1622751,0.0185476,1.0487327,0.1622750,0.3621567,0.5958732,0.1622750,0.1878001,0.5018366,0.1622750,0.0944852,0.5475204,0.1622750,0.0011702,0.5932042,-0.1622750,0.3621567,0.5958732,-0.1622750,0.1878001,0.5018366,-0.1622750,0.0944852,0.5475204,-0.1622750,0.0011702,0.5932042
0.0000000,0.3608654,0.6138825,0.0000000,0.3557294,0.7210160,0.0000000,0.3505934,0.8281496,0.0000000,0.3454573,0.9352832,0.0000000,0.3454573,0.9352832,0.0000000,0.3454573,0.9352832,0.1622750,0.3454573,0.9352832,0.1622750,0.2503385,0.9175392,0.1622750,0.1552196,0.8997952,0.1622750,0.0841801,0.9756200,0.1622750,0.0131407,1.0514448,-0.1622750,0.3454573,0.9352832,-0.1622750,0.2503385,0.9175392,-0.1622750,0.1552196,0.8997952,-0.1622750,0.0841801,0.9756200,-0.1622750,0.0131407,1.0514448,0.1622750,0.3608654,0.6138825,0.1622750,0.1910316,0.5112503,0.1622750,0.0961476,0.5532489,0.1622750,0.0012637,0.5952474,-0.1622750,0.3608654,0.6138825,-0.1622750,0.1910316,0.5112503,-0.1622750,0.0961476,0.5532489,-0.1622750,0.0012637,0.5952474
0.0000000,0.3576543,0.6321188,0.0000000,0.3521528,0.7392342,0.0000000,0.3466513,0.8463497,0.0000000,0.3411498,0.9534651,0.0000000,0.3411498,0.9534651,0.0000000,0.3411498,0.9534651,0.1622750,0.3411498,0.9534651,0.1622750,0.2479197,0.9290087,0.1622750,0.1546895,0.9045524,0.1622750,0.0794431,0.9766946,0.1622750,0.0041967,1.0488368,-0.1622750,0.3411498,0.9534651,-0.1622750,0.2479197,0.9290087,-0.1622750,0.1546895,0.9045524,-0.1622750,0.0794431,0.9766946,-0.1622750,0.0041967,1.0488368,0.1622750,0.3576543,0.6321188,0.1622750,0.1920487,0.5223320,0.1622750,0.0966827,0.5634420,0.1622750,0.0013167,0.6045519,-0.1622750,0.3576543,0.6321188,-0.1622750,0.1920487,0.5223320,-0.1622750,0.0966827,0.5634420,-0.1622750,0.0013167,0.6045519
0.0000000,0.3543278,0.6502808,0.0000000,0.3483591,0.7573708,0.0000000,0.3423905,0.8644608,0.0000000,0.3364218,0.9715508,0.0000000,0.3364218,0.9715508,0.0000000,0.3364218,0.9715508,0.1622750,0.3364218,0.9715508,0.1622750,0.2455222,0.9394551,0.1622750,0.1546225,0.9073595,0.1622750,0.0769823,0.9769812,0.1622750,-0.0006580,1.0466028,-0.1622750,0.3364218,0.9715508,-0.1622750,0.2455222,0.9394551,-0.1622750,0.1546225,0.9073595,-0.1622750,0.0769823,0.9769812,-0.1622751,-0.0006580,1.0466028,0.1622750,0.3543278,0.6502808,0.1622750,0.1940498,0.5325242,0.1622750,0.0978758,0.5719475,0.1622751,0.0017019,0.6113709,-0.1622750,0.3543278,0.6502808,-0.1622750,0.1940498,0.5325242,-0.1622750,0.0978758,0.5719475,-0.1622750,0.0017019,0.6113709
0.0000000,0.3520187,0.6682947,0.0000000,0.3451805,0.7753326,0.0000000,0.3383422,0.8823705,0.0000000,0.3315039,0.9894083,0.0000000,0.3315039,0.9894083,0.0000000,0.3315039,0.9894083,0.1622750,0.3315039,0.9894083,0.1622750,0.2434552,0.9492495,0.1622750,0.1554065,0.9090908,0.1622750,0.0775214,0.9778965,0.1622750,-0.0003637,1.0467023,-0.1622750,0.3315039,0.9894083,-0.1622750,0.2434552,0.9492495,-0.1622750,0.1554065,0.9090908,-0.1622751,0.0775214,0.9778965,-0.1622751,-0.0003637,1.0467023,0.1622750,0.3520187,0.6682947,0.1622750,0.1980555,0.5420807,0.1622750,0.1003873,0.5777414,0.1622750,0.0027191,0.6134022,-0.1622750,0.3520187,0.6682947,-0.1622750,0.1980555,0.5420807,-0.1622750,0.1003873,0.5777414,-0.1622750,0.0027191,0.6134022
0.0000000,0.3526544,0.6862523,0.0000000,0.3447466,0.7932168,0.0000000,0.3368388,0.9001814,0.0000000,0.3289311,1.0071459,0.0000000,0.3289311,1.0071459,0.0000000,0.3289311,1.0071459,0.1622750,0.3289311,1.0071459,0.1622750,0.2437707,0.9603942,0.1622750,0.1586104,0.9136424,0.1622750,0.0792760,0.9802275,0.1622750,-0.0000584,1.0468125,-0.1622750,0.3289311,1.0071459,-0.1622750,0.2437707,0.9603942,-0.1622750,0.1586104,0.9136424,-0.1622750,0.0792760,0.9802275,-0.1622750,-0.0000584,1.0468125,0.1622750,0.3526544,0.6862523,0.1622750,0.2030523,0.5546363,0.1622750,0.1034290,0.5843451,0.1622750,0.0038057,0.6140538,-0.1622750,0.3526544,0.6862523,-0.1622750,0.2030523,0.5546363,-0.1622750,0.1034290,0.5843451,-0.1622750,0.0038057,0.6140538
0.0000000,0.3551861,0.7042032,0.0000000,0.3460723,0.8110713,0.0000000,0.3369585,0.9179395,0.0000000,0.3278447,1.0248077,0.0000000,0.3278447,1.0248077,0.0000000,0.3278447,1.0248077,0.1622750,0.3278447,1.0248077,0.1622750,0.2455428,0.9726249,0.1622750,0.1632408,0.9204421,0.1622750,0.0815702,0.9836121,0.1622750,-0.0001004,1.0467822,-0.1622750,0.3278447,1.0248077,-0.1622750,0.2455428,0.9726249,-0.1622750,0.1632408,0.9204421,-0.1622750,0.0815702,0.9836121,-0.1622750,-0.0001004,1.0467822,0.1622750,0.3551861,0.7042032,0.1622750,0.2080670,0.5696427,0.1622750,0.1065709,0.5917783,0.1622750,0.0050747,0.6139138,-0.1622750,0.3551861,0.7042032,-0.1622750,0.2080670,0.5696427,-0.1622750,0.1065709,0.5917783,-0.1622751,0.0050747,0.6139138
-0.0000000,0.3578267,0.7221959,-0.0000000,0.3474574,0.8289489,0.0000000,0.3370880,0.9357020,0.0000000,0.3267186,1.0424550,0.0000000,0.3267186,1.0424550,0.0000000,0.3267186,1.0424550,0.1622750,0.3267186,1.0424550,0.1622750,0.2474180,0.9853023,0.1622750,0.1681173,0.9281496,0.1622750,0.0840101,0.9874594,0.1622750,-0.0000970,1.0467692,-0.1622750,0.3267186,1.0424550,-0.1622750,0.2474180,0.9853023,-0.1622750,0.1681173,0.9281496,-0.1622750,0.0840101,0.9874594,-0.1622750,-0.0000970,1.0467692,0.1622750,0.3578267,0.7221959,0.1622750,0.2121924,0.5858705,0.1622750,0.1093439,0.5998724,0.1622750,0.0064955,0.6138743,-0.1622750,0.3578267,0.7221959,-0.1622750,0.2121924,0.5858705,-0.1622750,0.1093439,0.5998724,-0.1622750,0.0064955,0.6138743
0.0000000,0.3608759,0.7402648,0.0000000,0.3492753,0.8468910,0.0000000,0.3376746,0.9535173,0.0000000,0.3260740,1.0601435,0.0000000,0.3260740,1.0601435,0.0000000,0.3260740,1.0601435,0.1622750,0.3260740,1.0601435,0.1622750,0.2497118,0.9986193,0.1622750,0.1733496,0.9370951,0.1622750,0.0866352,0.9919230,0.1622750,-0.0000791,1.0467508,-0.1622750,0.3260740,1.0601435,-0.1622750,0.2497118,0.9986193,-0.1622750,0.1733496,0.9370951,-0.1622750,0.0866352,0.9919230,-0.1622750,-0.0000791,1.0467508,0.1622750,0.3608759,0.7402648,0.1622750,0.2158226,0.6033637,0.1622750,0.1121138,0.6091425,0.1622750,0.0084051,0.6149212,-0.1622750,0.3608759,0.7402648,-0.1622750,0.2158226,0.6033637,-0.1622750,0.1121138,0.6091425,-0.1622750,0.0084051,0.6149212
0.0000000,0.3648338,0.7584472,0.0000000,0.3520947,0.8649438,0.0000000,0.3393555,0.9714405,0.0000000,0.3266164,1.0779371,0.0000000,0.3266164,1.0779371,0.0000000,0.3266164,1.0779371,0.1622750,0.3266164,1.0779371,0.1622750,0.2527939,1.0128753,0.1622750,0.1789714,0.9478135,0.1622750,0.0894405,0.9972831,0.1622750,-0.0000903,1.0467528,-0.1622750,0.3266164,1.0779371,-0.1622750,0.2527939,1.0128753,-0.1622750,0.1789714,0.9478135,-0.1622750,0.0894405,0.9972831,-0.1622751,-0.0000903,1.0467528,0.1622750,0.3648338,0.7584472,0.1622750,0.2204463,0.6210392,0.1622750,0.1163464,0.6189669,0.1622750,0.0122465,0.6168946,-0.1622750,0.3648338,0.7584472,-0.1622750,0.2204463,0.6210392,-0.1622750,0.1163464,0.6189669,-0.1622750,0.0122465,0.6168946
0.0000000,0.3712257,0.7768002,0.0000000,0.3575091,0.8831760,0.0000000,0.3437924,0.9895518,0.0000000,0.3300757,1.0959275,0.0000000,0.3300757,1.0959275,0.0000000,0.3300757,1.0959275,0.1622750,0.3300757,1.0959275,0.1622750,0.2576136,1.0287882,0.1622750,0.1851515,0.9616490,0.1622750,0.0924415,1.0041978,0.1622750,-0.0002684,1.0467467,-0.1622750,0.3300757,1.0959275,-0.1622750,0.2576136,1.0287882,-0.1622750,0.1851515,0.9616490,-0.1622750,0.0924415,1.0041978,-0.1622750,-0.0002684,1.0467467,0.1622750,0.3712257,0.7768002,0.1622750,0.2309818,0.6350100,0.1622750,0.1269133,0.6259344,0.1622750,0.0228448,0.6168589,-0.1622750,0.3712257,0.7768002,-0.1622750,0.2309818,0.6350100,-0.1622750,0.1269133,0.6259344,-0.1622750,0.0228448,0.6168589
-0.0000000,0.3806300,0.7953343,-0.0000000,0.3661914,0.9016146,0.0000000,0.3517529,1.0078949,0.0000000,0.3373143,1.1141752,0.0000000,0.3373143,1.1141752,0.0000000,0.3373143,1.1141752,0.1622750,0.3373143,1.1141752,0.1622750,0.2646604,1.0467340,0.1622750,0.1920066,0.9792928,0.1622750,0.0960272,1.0130118,0.1622750,0.0000477,1.0467307,-0.1622750,0.3373143,1.1141752,-0.1622750,0.2646604,1.0467340,-0.1622750,0.1920066,0.9792928,-0.1622750,0.0960272,1.0130118,-0.1622750,0.0000477,1.0467307,0.1622750,0.3806300,0.7953343,0.1622750,0.2461841,0.6477672,0.1622750,0.1425340,0.6328544,0.1622750,0.0388838,0.6179417,-0.1622750,0.3806300,0.7953343,-0.1622750,0.2461841,0.6477672,-0.1622750,0.1425340,0.6328544,-0.1622750,0.0388838,0.6179417
-0.0000000,0.3932274,0.8140302,-0.0000000,0.3783918,0.9202559,0.0000000,0.3635563,1.0264816,0.0000000,0.3487207,1.1327072,0.0000000,0.3487207,1.1327072,0.0000000,0.3487207,1.1327072,0.1622750,0.3487207,1.1327072,0.1622750,0.2742368,1.0669034,0.1622750,0.1997530,1.0010995,0.1622750,0.1008519,1.0239734,0.1622750,0.0019508,1.0468473,-0.1622750,0.3487207,1.1327072,-0.1622750,0.2742368,1.0669034,-0.1622750,0.1997530,1.0010995,-0.1622750,0.1008519,1.0239734,-0.1622750,0.0019508,1.0468473,0.1622750,0.3932274,0.8140302,0.1622750,0.2628935,0.6627104,0.1622750,0.1598698,0.6432383,0.1622750,0.0568460,0.6237663,-0.1622750,0.3932274,0.8140302,-0.1622750,0.2628935,0.6627104,-0.1622750,0.1598698,0.6432383,-0.1622750,0.0568460,0.6237663
0.0000000,0.4071467,0.8328250,0.0000000,0.3923186,0.9390517,0.0000000,0.3774904,1.0452784,-0.0000000,0.3626622,1.1515051,-0.0000000,0.3626622,1.1515051,-0.0000000,0.3626622,1.1515051,0.1622750,0.3626622,1.1515051,0.1622750,0.2852051,1.0891624,0.1622750,0.2077480,1.0268197,0.1622750,0.1064979,1.0375285,0.1622750,0.0052478,1.0482374,-0.1622750,0.3626622,1.1515051,-0.1622750,0.2852051,1.0891624,-0.1622750,0.2077480,1.0268197,-0.1622750,0.1064979,1.0375285,-0.1622751,0.0052478,1.0482374,0.1622750,0.4071467,0.8328250,0.1622750,0.2794427,0.6792399,0.1622750,0.1768639,0.6574421,0.1622750,0.0742850,0.6356443,-0.1622750,0.4071467,0.8328250,-0.1622750,0.2794427,0.6792399,-0.1622750,0.1768639,0.6574421,-0.1622750,0.0742850,0.6356443
0.0000000,0.4212224,0.8516769,0.0000000,0.4068412,0.9579649,0.0000000,0.3924600,1.0642528,-0.0000000,0.3780788,1.1705408,-0.0000000,0.3780788,1.1705408,-0.0000000,0.3780788,1.1705408,0.1622750,0.3780788,1.1705408,0.1622750,0.2976780,1.1122127,0.1622750,0.2172772,1.0538847,0.1622750,0.1145846,1.0533747,0.1622750,0.0118920,1.0528647,-0.1622750,0.3780788,1.1705408,-0.1622750,0.2976780,1.1122127,-0.1622750,0.2172772,1.0538847,-0.1622750,0.1145846,1.0533747,-0.1622751,0.0118920,1.0528647,0.1622750,0.4212224,0.8516769,0.1622750,0.2952187,0.6967276,0.1622750,0.1925493,0.6757019,0.1622750,0.0898799,0.6546763,-0.1622750,0.4212224,0.8516769,-0.1622750,0.2952187,0.6967276,-0.1622750,0.1925493,0.6757019,-0.1622750,0.0898799,0.6546763
0.0000000,0.4343919,0.8705467,0.0000000,0.4208699,0.9769473,0.0000000,0.4073479,1.0833479,-0.0000000,0.3938258,1.1897486,-0.0000000,0.3938258,1.1897486,-0.0000000,0.3938258,1.1897486,0.1622750,0.3938258,1.1897486,0.1622750,0.3135281,1.1312984,0.1622750,0.2332303,1.0728483,0.1622750,0.1298887,1.0693638,0.1622750,0.0265471,1.0658793,-0.1622750,0.3938258,1.1897486,-0.1622750,0.3135281,1.1312984,-0.1622751,0.2332303,1.0728483,-0.1622751,0.1298887,1.0693638,-0.1622751,0.0265471,1.0658793,0.1622750,0.4343919,0.8705467,0.1622750,0.3120162,0.7128179,0.1622750,0.2084187,0.6970828,0.1622750,0.1048212,0.6813477,-0.1622750,0.4343919,0.8705467,-0.1622750,0.3120162,0.7128179,-0.1622750,0.2084187,0.6970828,-0.1622750,0.1048212,0.6813477
-0.0000000,0.4453964,0.8893877,-0.0000000,0.4330952,0.9959359,0.0000000,0.4207941,1.1024841,0.0000000,0.4084929,1.2090323,0.0000000,0.4084929,1.2090323,0.0000000,0.4084929,1.2090323,0.1622750,0.4084929,1.2090323,0.1622750,0.3307015,1.1472980,0.1622750,0.2529100,1.0855637,0.1622750,0.1489582,1.0858295,0.1622750,0.0450065,1.0860954,-0.1622750,0.4084929,1.2090323,-0.1622750,0.3307015,1.1472980,-0.1622750,0.2529100,1.0855637,-0.1622750,0.1489582,1.0858295,-0.1622750,0.0450065,1.0860954,0.1622750,0.4453964,0.8893877,0.1622750,0.3278050,0.7281773,0.1622750,0.2231510,0.7224193,0.1622750,0.1184970,0.7166613,-0.1622750,0.4453964,0.8893877,-0.1622750,0.3278050,0.7281773,-0.1622750,0.2231510,0.7224193,-0.1622750,0.1184970,0.7166613
-0.0000000,0.4530424,0.9081477,0.0000000,0.4422212,1.0148553,0.0000000,0.4313999,1.1215628,0.0000000,0.4205786,1.2282704,0.0000000,0.4205786,1.2282704,0.0000000,0.4205786,1.2282704,0.1622750,0.4205786,1.2282704,0.1622750,0.3463347,1.1625061,0.1622750,0.2720907,1.0967418,0.1622750,0.1678189,1.1035282,0.1622750,0.0635471,1.1103146,-0.1622750,0.4205786,1.2282704,-0.1622750,0.3463347,1.1625061,-0.1622750,0.2720907,1.0967418,-0.1622750,0.1678189,1.1035282,-0.1622750,0.0635471,1.1103146,0.1622750,0.4530424,0.9081477,0.1622750,0.3398396,0.7438700,0.1622750,0.2353722,0.7522169,0.1622750,0.1309048,0.7605638,-0.1622750,0.4530424,0.9081477,-0.1622750,0.3398396,0.7438700,-0.1622750,0.2353722,0.7522169,-0.1622750,0.1309048,0.7605638
0.0000000,0.4574382,0.9268657,0.0000000,0.4482590,1.0337265,0.0000000,0.4390798,1.1405872,0.0000000,0.4299006,1.2474480,0.0000000,0.4299006,1.2474480,0.0000000,0.4299006,1.2474480,0.1622750,0.4299006,1.2474480,0.1622750,0.3597952,1.1773812,0.1622750,0.2896897,1.1073145,0.1622750,0.1861107,1.1231384,0.1622750,0.0825318,1.1389623,-0.1622750,0.4299006,1.2474480,-0.1622750,0.3597952,1.1773812,-0.1622750,0.2896897,1.1073145,-0.1622750,0.1861107,1.1231384,-0.1622750,0.0825318,1.1389623,0.1622750,0.4574382,0.9268657,0.1622750,0.3462612,0.7610773,0.1622750,0.2443165,0.7851454,0.1622750,0.1423719,0.8092135,-0.1622750,0.4574382,0.9268657,-0.1622750,0.3462612,0.7610773,-0.1622750,0.2443165,0.7851454,-0.1622750,0.1423719,0.8092135
0.0000000,0.4588525,0.9455681,0.0000000,0.4513993,1.0525633,0.0000000,0.4439461,1.1595586,-0.0000000,0.4364930,1.2665539,-0.0000000,0.4364930,1.2665539,-0.0000000,0.4364930,1.2665539,0.1622750,0.4364930,1.2665539,0.1622750,0.3704803,1.1925407,0.1622750,0.3044676,1.1185274,0.1622750,0.2029889,1.1450651,0.1622750,0.1015102,1.1716027,-0.1622750,0.4364930,1.2665539,-0.1622750,0.3704803,1.1925407,-0.1622750,0.3044676,1.1185274,-0.1622750,0.2029889,1.1450651,-0.1622750,0.1015102,1.1716027,0.1622750,0.4588525,0.9455681,0.1622750,0.3461367,0.7805804,0.1622750,0.2491759,0.8200221,0.1622750,0.1522151,0.8594638,-0.1622750,0.4588525,0.9455681,-0.1622750,0.3461367,0.7805804,-0.1622750,0.2491759,0.8200221,-0.1622750,0.1522151,0.8594638
0.0000000,0.4585109,0.9643129,0.0000000,0.4527891,1.0714159,0.0000000,0.4470673,1.1785190,0.0000000,0.4413455,1.2856220,0.0000000,0.4413455,1.2856220,0.0000000,0.4413455,1.2856220,0.1622750,0.4413455,1.2856220,0.1622750,0.3783867,1.2088469,0.1622750,0.3154279,1.1320717,0.1622750,0.2175173,1.1698693,0.1622750,0.1196067,1.2076668,-0.1622750,0.4413455,1.2856220,-0.1622750,0.3783867,1.2088469,-0.1622750,0.3154279,1.1320717,-0.1622750,0.2175173,1.1698693,-0.1622750,0.1196067,1.2076668,0.1622750,0.4585109,0.9643129,0.1622750,0.3401701,0.8031398,0.1622750,0.2495856,0.8555075,0.1622750,0.1590010,0.9078753,-0.1622750,0.4585109,0.9643129,-0.1622750,0.3401701,0.8031398,-0.1622750,0.2495856,0.8555075,-0.1622750,0.1590010,0.9078753
0.0000000,0.4570115,0.9830858,0.0000000,0.4529334,1.0902642,0.0000000,0.4488552,1.1974425,0.0000000,0.4447771,1.3046209,0.0000000,0.4447771,1.3046209,0.0000000,0.4447771,1.3046209,0.1622750,0.4447771,1.3046209,0.1622750,0.3833726,1.2264426,0.1622750,0.3219680,1.1482643,0.1622750,0.2290374,1.1969829,0.1622750,0.1361067,1.2457015,-0.1622750,0.4447771,1.3046209,-0.1622750,0.3833726,1.2264426,-0.1622750,0.3219680,1.1482643,-0.1622750,0.2290374,1.1969829,-0.1622750,0.1361067,1.2457015,0.1622750,0.4570115,0.9830858,0.1622750,0.3294570,0.8290922,0.1622750,0.2458305,0.8917748,0.1622750,0.1622040,0.9544574,-0.1622750,0.4570115,0.9830858,-0.1622750,0.3294570,0.8290922,-0.1622750,0.2458305,0.8917748,-0.1622750,0.1622040,0.9544574
0.0000000,0.4550784,1.0018476,0.0000000,0.4524529,1.1090709,0.0000000,0.4498273,1.2162942,0.0000000,0.4472017,1.3235174,0.0000000,0.4472017,1.3235174,0.0000000,0.4472017,1.3235174,0.1622750,0.4472017,1.3235174,0.1622750,0.3856290,1.2453345,0.1622750,0.3240564,1.1671515,0.1622750,0.2370199,1.2256187,0.1622750,0.1499834,1.2840858,-0.1622750,0.4472017,1.3235174,-0.1622750,0.3856290,1.2453345,-0.1622750,0.3240564,1.1671515,-0.1622750,0.2370199,1.2256187,-0.1622750,0.1499834,1.2840858,0.1622750,0.4550784,1.0018476,0.1622750,0.3159227,0.8584213,0.1622750,0.2392091,0.9292595,0.1622750,0.1624955,1.0000978,-0.1622750,0.4550784,1.0018476,-0.1622750,0.3159227,0.8584213,-0.1622750,0.2392091,0.9292595,-0.1622750,0.1624955,1.0000978
0.0000000,0.4527820,1.0205926,0.0000000,0.4514483,1.1278397,0.0000000,0.4501146,1.2350869,0.0000000,0.4487810,1.3423341,0.0000000,0.4487810,1.3423341,0.0000000,0.4487810,1.3423341,0.1622750,0.4487810,1.3423341,0.1622750,0.3854721,1.2654299,0.1622750,0.3221631,1.1885257,0.1622750,0.2417749,1.2558164,0.1622750,0.1613867,1.3231072,-0.1622750,0.4487810,1.3423341,-0.1622750,0.3854721,1.2654299,-0.1622750,0.3221631,1.1885257,-0.1622750,0.2417749,1.2558164,-0.1622750,0.1613867,1.3231072,0.1622750,0.4527820,1.0205926,0.1622750,0.3008534,0.8909945,0.1622750,0.2312794,0.9688316,0.1622750,0.1617054,1.0466688,-0.1622750,0.4527820,1.0205926,-0.1622750,0.3008534,0.8909945,-0.1622750,0.2312794,0.9688316,-0.1622750,0.1617054,1.0466688
0.0000000,0.4500916,1.0393168,0.0000000,0.4499057,1.1465724,0.0000000,0.4497198,1.2538281,0.0000000,0.4495338,1.3610837,0.0000000,0.4495338,1.3610837,0.0000000,0.4495338,1.3610837,0.1622750,0.4495338,1.3610837,0.1622750,0.3830319,1.2868189,0.1622750,0.3165300,1.2125542,0.1622750,0.2435001,1.2878169,0.1622750,0.1704702,1.3630796,-0.1622750,0.4495338,1.3610837,-0.1622750,0.3830319,1.2868189,-0.1622750,0.3165300,1.2125542,-0.1622750,0.2435001,1.2878169,-0.1622750,0.1704702,1.3630796,0.1622750,0.4500916,1.0393168,0.1622750,0.2855658,0.9262611,0.1622750,0.2232799,1.0101152,0.1622750,0.1609940,1.0939693,-0.1622750,0.4500916,1.0393168,-0.1622750,0.2855658,0.9262611,-0.1622750,0.2232799,1.0101152,-0.1622750,0.1609940,1.0939693
0.0000000,0.4465865,1.0580342,0.0000000,0.4474700,1.1652868,0.0000000,0.4483536,1.2725395,0.0000000,0.4492371,1.3797922,0.0000000,0.4492371,1.3797922,0.0000000,0.4492371,1.3797922,0.1622750,0.4492371,1.3797922,0.1622750,0.3782585,1.3096954,0.1622750,0.3072799,1.2395986,0.1622750,0.2425945,1.3222360,0.1622750,0.1779091,1.4048733,-0.1622750,0.4492371,1.3797922,-0.1622750,0.3782585,1.3096954,-0.1622750,0.3072799,1.2395986,-0.1622750,0.2425945,1.3222360,-0.1622750,0.1779091,1.4048733,0.1622750,0.4465865,1.0580342,0.1622750,0.2712140,0.9625428,0.1622750,0.2153941,1.0509635,0.1622750,0.1595743,1.1393841,-0.1622750,0.4465865,1.0580342,-0.1622750,0.2712140,0.9625428,-0.1622750,0.2153941,1.0509635,-0.1622750,0.1595743,1.1393841
0.0000000,0.4422151,1.0767336,0.0000000,0.4440665,1.1839741,0.0000000,0.4459180,1.2912146,0.0000000,0.4477694,1.3984552,0.0000000,0.4477694,1.3984552,0.0000000,0.4477694,1.3984552,0.1622750,0.4477694,1.3984552,0.1622750,0.3715149,1.3340861,0.1622750,0.2952604,1.2697170,0.1622750,0.2396399,1.3587377,0.1622750,0.1840195,1.4477583,-0.1622750,0.4477694,1.3984552,-0.1622750,0.3715149,1.3340861,-0.1622750,0.2952604,1.2697170,-0.1622750,0.2396399,1.3587377,-0.1622750,0.1840195,1.4477583,0.1622750,0.4422151,1.0767336,0.1622750,0.2588333,0.9974452,0.1622750,0.2081743,1.0890341,0.1622750,0.1575153,1.1806229,-0.1622750,0.4422151,1.0767336,-0.1622750,0.2588333,0.9974452,-0.1622750,0.2081743,1.0890341,-0.1622750,0.1575153,1.1806229
0.0000000,0.4370337,1.0953968,0.0000000,0.4397115,1.2026197,0.0000000,0.4423892,1.3098426,-0.0000000,0.4450670,1.4170654,-0.0000000,0.4450670,1.4170654,-0.0000000,0.4450670,1.4170654,0.1622750,0.4450670,1.4170654,0.1622750,0.3633708,1.3598117,0.1622750,0.2816747,1.3025580,0.1622750,0.2352555,1.3966469,0.1622750,0.1888363,1.4907359,-0.1622750,0.4450670,1.4170654,-0.1622750,0.3633708,1.3598117,-0.1622750,0.2816747,1.3025580,-0.1622750,0.2352555,1.3966469,-0.1622750,0.1888363,1.4907359,0.1622750,0.4370337,1.0953968,0.1622750,0.2489623,1.0276470,0.1622750,0.2020100,1.1212846,0.1622750,0.1550577,1.2149221,-0.1622750,0.4370337,1.0953968,-0.1622750,0.2489623,1.0276470,-0.1622750,0.2020100,1.1212846,-0.1622751,0.1550577,1.2149221
0.0000000,0.4311882,1.1140331,0.0000000,0.4345944,1.2212353,0.0000000,0.4380006,1.3284374,-0.0000000,0.4414067,1.4356396,-0.0000000,0.4414067,1.4356396,-0.0000000,0.4414067,1.4356396,0.1622750,0.4414067,1.4356396,0.1622750,0.3546863,1.3863583,0.1622750,0.2679660,1.3370770,0.1622750,0.2303324,1.4349754,0.1622750,0.1926989,1.5328739,-0.1622750,0.4414067,1.4356396,-0.1622750,0.3546863,1.3863583,-0.1622750,0.2679660,1.3370770,-0.1622750,0.2303324,1.4349754,-0.1622751,0.1926989,1.5328739,0.1622750,0.4311882,1.1140331,0.1622750,0.2397976,1.0561568,0.1622750,0.1921807,1.1495501,0.1622750,0.1445638,1.2429434,-0.1622750,0.4311882,1.1140331,-0.1622750,0.2397976,1.0561568,-0.1622750,0.1921807,1.1495501,-0.1622750,0.1445638,1.2429434
0.0000000,0.4247830,1.1326462,0.0000000,0.4288395,1.2398258,0.0000000,0.4328960,1.3470054,0.0000000,0.4369524,1.4541851,0.0000000,0.4369524,1.4541851,0.0000000,0.4369524,1.4541851,0.1622750,0.4369524,1.4541851,0.1622750,0.3459840,1.4132295,0.1622750,0.2550155,1.3722740,0.1622750,0.2252214,1.4728230,0.1622750,0.1954274,1.5733720,-0.1622750,0.4369524,1.4541851,-0.1622750,0.3459840,1.4132295,-0.1622750,0.2550155,1.3722740,-0.1622750,0.2252214,1.4728230,-0.1622750,0.1954274,1.5733720,0.1622750,0.4247830,1.1326462,0.1622750,0.2307152,1.0845606,0.1622750,0.1773734,1.1748795,0.1622750,0.1240317,1.2651984,-0.1622750,0.4247830,1.1326462,-0.1622750,0.2307152,1.0845606,-0.1622750,0.1773734,1.1748795,-0.1622750,0.1240317,1.2651984
-0.0000000,0.4179819,1.1512449,-0.0000000,0.4226408,1.2584001,-0.0000000,0.4272997,1.3655554,0.0000000,0.4319586,1.4727107,0.0000000,0.4319586,1.4727107,0.0000000,0.4319586,1.4727107,0.1622750,0.4319586,1.4727107,0.1622750,0.3377056,1.4397869,0.1622750,0.2434526,1.4068632,0.1622750,0.2199433,1.5090691,0.1622750,0.1964340,1.6112750,-0.1622750,0.4319586,1.4727107,-0.1622750,0.3377056,1.4397869,-0.1622750,0.2434526,1.4068632,-0.1622750,0.2199433,1.5090691,-0.1622750,0.1964340,1.6112750,0.1622750,0.4179819,1.1512449,0.1622750,0.2213201,1.1151779,0.1622750,0.1592075,1.1997741,0.1622750,0.0970950,1.2843703,-0.1622750,0.4179819,1.1512449,-0.1622750,0.2213201,1.1151779,-0.1622750,0.1592075,1.1997741,-0.1622750,0.0970950,1.2843703
0.0000000,0.4109144,1.1698182,0.0000000,0.4161033,1.2769492,0.0000000,0.4212922,1.3840802,0.0000000,0.4264811,1.4912112,0.0000000,0.4264811,1.4912112,0.0000000,0.4264811,1.4912112,0.1622750,0.4264811,1.4912112,0.1622750,0.3299440,1.4654750,0.1622750,0.2334068,1.4397389,0.1622750,0.2143065,1.5428390,0.1622750,0.1952063,1.6459392,-0.1622750,0.4264811,1.4912112,-0.1622750,0.3299440,1.4654750,-0.1622750,0.2334068,1.4397389,-0.1622750,0.2143065,1.5428390,-0.1622750,0.1952063,1.6459392,0.1622750,0.4109144,1.1698182,0.1622750,0.2123353,1.1462161,0.1622750,0.1409280,1.2231129,0.1622750,0.0695207,1.3000097,-0.1622750,0.4109144,1.1698182,-0.1622750,0.2123353,1.1462161,-0.1622750,0.1409280,1.2231129,-0.1622750,0.0695207,1.3000097
0.0000000,0.4037341,1.1883502,0.0000000,0.4093437,1.2954600,0.0000000,0.4149533,1.4025698,0.0000000,0.4205628,1.5096796,0.0000000,0.4205628,1.5096796,0.0000000,0.4205628,1.5096796,0.1622750,0.4205628,1.5096796,0.1622750,0.3226362,1.4896832,0.1622750,0.2247096,1.4696869,0.1622750,0.2079887,1.5731185,0.1622750,0.1912678,1.6765502,-0.1622750,0.4205628,1.5096796,-0.1622750,0.3226362,1.4896832,-0.1622750,0.2247096,1.4696869,-0.1622750,0.2079887,1.5731185,-0.1622750,0.1912678,1.6765502,0.1622750,0.4037341,1.1883502,0.1622750,0.2042382,1.1744475,0.1622750,0.1257190,1.2437419,0.1622750,0.0471998,1.3130363,-0.1622750,0.4037341,1.1883502,-0.1622750,0.2042382,1.1744475,-0.1622750,0.1257190,1.2437419,-0.1622750,0.0471998,1.3130363
0.0000000,0.3965713,1.2068365,0.0000000,0.4024885,1.3139297,0.0000000,0.4084057,1.4210230,0.0000000,0.4143229,1.5281163,0.0000000,0.4143229,1.5281163,0.0000000,0.4143229,1.5281163,0.1622750,0.4143229,1.5281163,0.1622750,0.3155671,1.5125531,0.1622750,0.2168112,1.4969900,0.1622750,0.2005209,1.6003199,0.1622750,0.1842305,1.7036498,-0.1622750,0.4143229,1.5281163,-0.1622750,0.3155671,1.5125531,-0.1622750,0.2168112,1.4969900,-0.1622750,0.2005209,1.6003199,-0.1622750,0.1842305,1.7036498,0.1622750,0.3965713,1.2068365,0.1622750,0.1967481,1.1987870,0.1622750,0.1130956,1.2614096,0.1622750,0.0294430,1.3240321,-0.1622750,0.3965713,1.2068365,-0.1622750,0.1967481,1.1987870,-0.1622750,0.1130956,1.2614096,-0.1622750,0.0294430,1.3240321
0.0000000,0.3896146,1.2252523,0.0000000,0.3956666,1.3323381,0.0000000,0.4017185,1.4394238,-0.0000000,0.4077705,1.5465096,-0.0000000,0.4077705,1.5465096,-0.0000000,0.4077705,1.5465096,0.1622750,0.4077705,1.5465096,0.1622750,0.3085402,1.5342462,0.1622750,0.2093099,1.5219829,0.1622750,0.1909886,1.6246524,0.1622750,0.1726674,1.7273219,-0.1622750,0.4077705,1.5465096,-0.1622750,0.3085402,1.5342462,-0.1622750,0.2093099,1.5219829,-0.1622750,0.1909886,1.6246524,-0.1622750,0.1726674,1.7273219,0.1622750,0.3896146,1.2252523,0.1622750,0.1898635,1.2180065,0.1622750,0.1029666,1.2758798,0.1622750,0.0160698,1.3337530,-0.1622750,0.3896146,1.2252523,-0.1622750,0.1898635,1.2180065,-0.1622750,0.1029666,1.2758798,-0.1622750,0.0160698,1.3337530
0.0000000,0.3832292,1.2435289,0.0000000,0.3890706,1.3506263,0.0000000,0.3949121,1.4577238,-0.0000000,0.4007535,1.5648212,-0.0000000,0.4007535,1.5648212,-0.0000000,0.4007535,1.5648212,0.1622750,0.4007535,1.5648212,0.1622750,0.3012145,1.5553220,0.1622750,0.2016754,1.5458227,0.1622750,0.1768263,1.6466299,0.1622750,0.1519773,1.7474371,-0.1622750,0.4007535,1.5648212,-0.1622750,0.3012145,1.5553220,-0.1622750,0.2016754,1.5458227,-0.1622750,0.1768263,1.6466299,-0.1622750,0.1519773,1.7474371,0.1622750,0.3832292,1.2435289,0.1622750,0.1844242,1.2300681,0.1622750,0.0962808,1.2863675,0.1622750,0.0081373,1.3426668,-0.1622750,0.3832292,1.2435289,-0.1622750,0.1844242,1.2300681,-0.1622750,0.0962808,1.2863675,-0.1622750,0.0081373,1.3426668
0.0000000,0.3776420,1.2616403,0.0000000,0.3828505,1.3687702,0.0000000,0.3880591,1.4759001,0.0000000,0.3932676,1.5830300,0.0000000,0.3932676,1.5830300,0.0000000,0.3932676,1.5830300,0.1622750,0.3932676,1.5830300,0.1622750,0.2935020,1.5762946,0.1622750,0.1937364,1.5695592,0.1622750,0.1589288,1.6666661,0.1622750,0.1241211,1.7637731,-0.1622750,0.3932676,1.5830300,-0.1622750,0.2935020,1.5762946,-0.1622750,0.1937364,1.5695592,-0.1622750,0.1589288,1.6666661,-0.1622750,0.1241211,1.7637731,0.1622750,0.3776420,1.2616403,0.1622750,0.1811692,1.2377783,0.1622750,0.0929480,1.2943291,0.1622750,0.0047267,1.3508799,-0.1622750,0.3776420,1.2616403,-0.1622750,0.1811692,1.2377783,-0.1622750,0.0929480,1.2943291,-0.1622750,0.0047267,1.3508799
0.0000000,0.3731068,1.2795728,0.0000000,0.3771777,1.3867510,0.0000000,0.3812486,1.4939292,0.0000000,0.3853195,1.6011074,0.0000000,0.3853195,1.6011074,0.0000000,0.3853195,1.6011074,0.1622750,0.3853195,1.6011074,0.1622750,0.2853725,1.5980559,0.1622750,0.1854254,1.5950045,0.1622750,0.1391732,1.6859831,0.1622750,0.0929210,1.7769617,-0.1622750,0.3853195,1.6011074,-0.1622750,0.2853725,1.5980559,-0.1622750,0.1854254,1.5950045,-0.1622750,0.1391732,1.6859831,-0.1622750,0.0929210,1.7769617,0.1622750,0.3731068,1.2795728,0.1622750,0.1792887,1.2462063,0.1622750,0.0908254,1.3023399,0.1622750,0.0023622,1.3584736,-0.1622750,0.3731068,1.2795728,-0.1622750,0.1792887,1.2462063,-0.1622750,0.0908254,1.3023399,-0.1622750,0.0023622,1.3584736
0.0000000,0.3694054,1.2973783,0.0000000,0.3720269,1.4046009,0.0000000,0.3746484,1.5118234,0.0000000,0.3772700,1.6190459,0.0000000,0.3772700,1.6190459,0.0000000,0.3772700,1.6190459,0.1622750,0.3772700,1.6190459,0.1622750,0.2772941,1.6179200,0.1622750,0.1773182,1.6167941,0.1622750,0.1217752,1.7016212,0.1622750,0.0662321,1.7864483,-0.1622750,0.3772700,1.6190459,-0.1622750,0.2772941,1.6179200,-0.1622750,0.1773182,1.6167941,-0.1622750,0.1217752,1.7016212,-0.1622750,0.0662321,1.7864483,0.1622750,0.3694054,1.2973783,0.1622750,0.1786156,1.2515220,0.1622750,0.0898711,1.3069962,0.1622750,0.0011266,1.3624703,-0.1622750,0.3694054,1.2973783,-0.1622750,0.1786156,1.2515220,-0.1622750,0.0898711,1.3069962,-0.1622750,0.0011266,1.3624703
0.0000000,0.3664712,1.3150946,0.0000000,0.3674361,1.4223447,0.0000000,0.3684009,1.5295949,-0.0000000,0.3693658,1.6368450,-0.0000000,0.3693658,1.6368450,-0.0000000,0.3693658,1.6368450,0.1622750,0.3693658,1.6368450,0.1622750,0.2695642,1.6349759,0.1622750,0.1697626,1.6331068,0.1622750,0.1080030,1.7137008,0.1622750,0.0462434,1.7942948,-0.1622750,0.3693658,1.6368450,-0.1622750,0.2695642,1.6349759,-0.1622750,0.1697626,1.6331068,-0.1622750,0.1080030,1.7137008,-0.1622750,0.0462434,1.7942948,0.1622750,0.3664712,1.3150946,0.1622750,0.1795253,1.2536220,0.1622750,0.0903294,1.3079999,0.1622750,0.0011334,1.3623777,-0.1622750,0.3664712,1.3150946,-0.1622750,0.1795253,1.2536220,-0.1622750,0.0903294,1.3079999,-0.1622750,0.0011334,1.3623777
0.0000000,0.3642353,1.3327716,0.0000000,0.3634410,1.4400241,0.0000000,0.3626468,1.5472765,0.0000000,0.3618525,1.6545289,0.0000000,0.3618525,1.6545289,0.0000000,0.3618525,1.6545289,0.1622750,0.3618525,1.6545289,0.1622750,0.2627829,1.6505038,0.1622750,0.1637133,1.6464786,0.1622750,0.0976314,1.7249655,0.1622750,0.0315496,1.8034524,-0.1622750,0.3618525,1.6545289,-0.1622750,0.2627829,1.6505038,-0.1622750,0.1637133,1.6464786,-0.1622750,0.0976314,1.7249655,-0.1622750,0.0315496,1.8034524,0.1622750,0.3642353,1.3327716,0.1622750,0.1817284,1.2576089,0.1622750,0.0915038,1.3098637,0.1622750,0.0012791,1.3621184,-0.1622750,0.3642353,1.3327716,-0.1622750,0.1817284,1.2576089,-0.1622750,0.0915038,1.3098637,-0.1622750,0.0012791,1.3621184
0.0000000,0.3626668,1.3504942,0.0000000,0.3601163,1.4577200,0.0000000,0.3575659,1.5649458,0.0000000,0.3550155,1.6721716,0.0000000,0.3550155,1.6721716,0.0000000,0.3550155,1.6721716,0.1622750,0.3550155,1.6721716,0.1622750,0.2573855,1.6645600,0.1622750,0.1597555,1.6569484,0.1622750,0.0910559,1.7345721,0.1622750,0.0223563,1.8121959,-0.1622750,0.3550155,1.6721716,-0.1622750,0.2573855,1.6645600,-0.1622750,0.1597555,1.6569484,-0.1622750,0.0910559,1.7345721,-0.1622750,0.0223563,1.8121959,0.1622750,0.3626668,1.3504942,0.1622750,0.1848088,1.2639349,0.1622750,0.0930310,1.3130001,0.1622750,0.0012531,1.3620653,-0.1622750,0.3626668,1.3504942,-0.1622750,0.1848088,1.2639349,-0.1622750,0.0930310,1.3130001,-0.1622750,0.0012531,1.3620653
0.0000000,0.3619089,1.3683635,0.0000000,0.3576902,1.4755359,0.0000000,0.3534714,1.5827083,0.0000000,0.3492527,1.6898807,0.0000000,0.3492527,1.6898807,0.0000000,0.3492527,1.6898807,0.1622750,0.3492527,1.6898807,0.1622750,0.2529985,1.6768266,0.1622750,0.1567442,1.6637724,0.1622750,0.0870374,1.7407179,0.1622750,0.0173305,1.8176634,-0.1622750,0.3492527,1.6898807,-0.1622750,0.2529985,1.6768266,-0.1622750,0.1567442,1.6637724,-0.1622750,0.0870374,1.7407179,-0.1622750,0.0173305,1.8176634,0.1622750,0.3619089,1.3683635,0.1622750,0.1886996,1.2720928,0.1622750,0.0949441,1.3167446,0.1622750,0.0011887,1.3613965,-0.1622750,0.3619089,1.3683635,-0.1622750,0.1886996,1.2720928,-0.1622750,0.0949441,1.3167446,-0.1622750,0.0011887,1.3613965
0.0000000,0.3600918,1.3864403,0.0000000,0.3548514,1.4935687,0.0000000,0.3496110,1.6006971,0.0000000,0.3443706,1.7078256,0.0000000,0.3443706,1.7078256,0.0000000,0.3443706,1.7078256,0.1622750,0.3443706,1.7078256,0.1622750,0.2497013,1.6884468,0.1622750,0.1550320,1.6690679,0.1622750,0.0829144,1.7439872,0.1622750,0.0107969,1.8189064,-0.1622750,0.3443706,1.7078256,-0.1622750,0.2497013,1.6884468,-0.1622750,0.1550320,1.6690679,-0.1622750,0.0829144,1.7439872,-0.1622750,0.0107969,1.8189064,0.1622750,0.3600918,1.3864403,0.1622750,0.1912921,1.2820100,0.1622750,0.0962853,1.3237715,0.1622750,0.0012786,1.3655329,-0.1622750,0.3600918,1.3864403,-0.1622750,0.1912921,1.2820100,-0.1622750,0.0962853,1.3237715,-0.1622750,0.0012786,1.3655329
0.0000000,0.3567801,1.4046808,0.0000000,0.3512191,1.5117932,0.0000000,0.3456581,1.6189056,0.0000000,0.3400972,1.7260180,0.0000000,0.3400972,1.7260180,0.0000000,0.3400972,1.7260180,0.1622750,0.3400972,1.7260180,0.1622750,0.2473945,1.6997776,0.1622750,0.1546918,1.6735372,0.1622750,0.0784584,1.7447218,0.1622750,0.0022250,1.8159065,-0.1622750,0.3400972,1.7260180,-0.1622750,0.2473945,1.6997776,-0.1622750,0.1546918,1.6735372,-0.1622750,0.0784584,1.7447218,-0.1622750,0.0022250,1.8159065,0.1622750,0.3567801,1.4046808,0.1622750,0.1922878,1.2931284,0.1622750,0.0968070,1.3340528,0.1622750,0.0013263,1.3749772,-0.1622750,0.3567801,1.4046808,-0.1622750,0.1922878,1.2931284,-0.1622750,0.0968070,1.3340528,-0.1622750,0.0013263,1.3749772
0.0000000,0.3535469,1.4227957,0.0000000,0.3473929,1.5298754,0.0000000,0.3412389,1.6369551,0.0000000,0.3350849,1.7440348,0.0000000,0.3350849,1.7440348,0.0000000,0.3350849,1.7440348,0.1622750,0.3350849,1.7440348,0.1622750,0.2448338,1.7098788,0.1622750,0.1545828,1.6757227,0.1622750,0.0768096,1.7451063,0.1622750,-0.0009637,1.8144899,-0.1622750,0.3350849,1.7440348,-0.1622750,0.2448338,1.7098788,-0.1622750,0.1545828,1.6757227,-0.1622751,0.0768096,1.7451063,-0.1622751,-0.0009637,1.8144899,0.1622750,0.3535469,1.4227957,0.1622750,0.1948629,1.3027749,0.1622751,0.0983825,1.3414939,0.1622751,0.0019020,1.3802129,-0.1622750,0.3535469,1.4227957,-0.1622750,0.1948629,1.3027749,-0.1622750,0.0983825,1.3414939,-0.1622750,0.0019020,1.3802129
0.0000000,0.3516753,1.4407899,0.0000000,0.3445945,1.5478124,0.0000000,0.3375138,1.6548350,0.0000000,0.3304331,1.7618576,0.0000000,0.3304331,1.7618576,0.0000000,0.3304331,1.7618576,0.1622750,0.3304331,1.7618576,0.1622750,0.2431311,1.7197710,0.1622750,0.1558291,1.6776845,0.1622750,0.0778653,1.7462408,0.1622750,-0.0000985,1.8147972,-0.1622750,0.3304331,1.7618576,-0.1622750,0.2431311,1.7197710,-0.1622750,0.1558291,1.6776845,-0.1622751,0.0778653,1.7462408,-0.1622751,-0.0000985,1.8147972,0.1622750,0.3516753,1.4407899,0.1622750,0.1991958,1.3126733,0.1622750,0.1010998,1.3471769,0.1622750,0.0030038,1.3816804,-0.1622750,0.3516753,1.4407899,-0.1622750,0.1991958,1.3126733,-0.1622750,0.1010998,1.3471769,-0.1622750,0.0030038,1.3816804
0.0000000,0.3532413,1.4587392,0.0000000,0.3450374,1.5656808,0.0000000,0.3368334,1.6726224,0.0000000,0.3286294,1.7795640,0.0000000,0.3286294,1.7795640,0.0000000,0.3286294,1.7795640,0.1622750,0.3286294,1.7795640,0.1622750,0.2441793,1.7314160,0.1622750,0.1597292,1.6832681,0.1622750,0.0798314,1.7490374,0.1622750,-0.0000663,1.8148066,-0.1622750,0.3286294,1.7795640,-0.1622750,0.2441793,1.7314160,-0.1622750,0.1597292,1.6832681,-0.1622750,0.0798314,1.7490374,-0.1622750,-0.0000663,1.8148066,0.1622750,0.3532413,1.4587392,0.1622750,0.2043338,1.3262958,0.1622750,0.1042252,1.3541698,0.1622750,0.0041166,1.3820438,-0.1622750,0.3532413,1.4587392,-0.1622750,0.2043338,1.3262958,-0.1622750,0.1042252,1.3541698,-0.1622750,0.0041166,1.3820438
0.0000000,0.3558138,1.4766972,0.0000000,0.3463861,1.5835374,0.0000000,0.3369583,1.6903776,0.0000000,0.3275306,1.7972178,0.0000000,0.3275306,1.7972178,0.0000000,0.3275306,1.7972178,0.1622750,0.3275306,1.7972178,0.1622750,0.2459828,1.7437538,0.1622750,0.1644351,1.6902897,0.1622750,0.0821684,1.7525334,0.1622750,-0.0000983,1.8147770,-0.1622750,0.3275306,1.7972178,-0.1622750,0.2459828,1.7437538,-0.1622750,0.1644351,1.6902897,-0.1622750,0.0821684,1.7525334,-0.1622750,-0.0000983,1.8147770,0.1622750,0.3558138,1.4766972,0.1622750,0.2091129,1.3416365,0.1622750,0.1072473,1.3617547,0.1622750,0.0053816,1.3818728,-0.1622750,0.3558138,1.4766972,-0.1622750,0.2091129,1.3416365,-0.1622750,0.1072473,1.3617547,-0.1622750,0.0053816,1.3818728
0.0000000,0.3585703,1.4947043,0.0000000,0.3478873,1.6014264,0.0000000,0.3372042,1.7081484,0.0000000,0.3265212,1.8148705,0.0000000,0.3265212,1.8148705,0.0000000,0.3265212,1.8148705,0.1622750,0.3265212,1.8148705,0.1622750,0.2479610,1.7565750,0.1622750,0.1694008,1.6982796,0.1622750,0.0846509,1.7565251,0.1622750,-0.0000989,1.8147705,-0.1622750,0.3265212,1.8148705,-0.1622750,0.2479610,1.7565750,-0.1622750,0.1694008,1.6982796,-0.1622750,0.0846509,1.7565251,-0.1622750,-0.0000989,1.8147705,0.1622750,0.3585703,1.4947043,0.1622750,0.2131865,1.3580897,0.1622750,0.1100808,1.3700169,0.1622750,0.0069751,1.3819442,-0.1622750,0.3585703,1.4947043,-0.1622750,0.2131865,1.3580897,-0.1622750,0.1100808,1.3700169,-0.1622750,0.0069751,1.3819442
0.0000000,0.3616616,1.5127929,0.0000000,0.3497605,1.6193865,0.0000000,0.3378593,1.7259802,0.0000000,0.3259581,1.8325738,0.0000000,0.3259581,1.8325738,0.0000000,0.3259581,1.8325738,0.1622750,0.3259581,1.8325738,0.1622750,0.2503233,1.7700188,0.1622750,0.1746884,1.7074639,0.1622750,0.0873108,1.7611013,0.1622750,-0.0000668,1.8147386,-0.1622750,0.3259581,1.8325738,-0.1622750,0.2503233,1.7700188,-0.1622750,0.1746884,1.7074639,-0.1622750,0.0873108,1.7611013,-0.1622750,-0.0000668,1.8147386,0.1622750,0.3616616,1.5127929,0.1622750,0.2166223,1.3759292,0.1622750,0.1127511,1.3796757,0.1622750,0.0088800,1.3834221,-0.1622750,0.3616616,1.5127929,-0.1622750,0.2166223,1.3759292,-0.1622750,0.1127511,1.3796757,-0.1622750,0.0088800,1.3834221
0.0000000,0.3660154,1.5310079,0.0000000,0.3530056,1.6374726,0.0000000,0.3399959,1.7439373,0.0000000,0.3269862,1.8504019,0.0000000,0.3269862,1.8504019,0.0000000,0.3269862,1.8504019,0.1622750,0.3269862,1.8504019,0.1622750,0.2537091,1.7845842,0.1622750,0.1804320,1.7187666,0.1622750,0.0901626,1.7667633,0.1622750,-0.0001069,1.8147601,-0.1622750,0.3269862,1.8504019,-0.1622750,0.2537091,1.7845842,-0.1622750,0.1804320,1.7187666,-0.1622750,0.0901626,1.7667633,-0.1622750,-0.0001069,1.8147601,0.1622750,0.3660154,1.5310079,0.1622750,0.2219914,1.3932569,0.1622750,0.1178433,1.3892879,0.1622750,0.0136953,1.3853188,-0.1622750,0.3660154,1.5310079,-0.1622750,0.2219914,1.3932569,-0.1622750,0.1178433,1.3892879,-0.1622750,0.0136953,1.3853188
0.0000000,0.3733963,1.5494236,0.0000000,0.3594831,1.6557738,0.0000000,0.3455700,1.7621239,0.0000000,0.3316569,1.8684741,0.0000000,0.3316569,1.8684741,0.0000000,0.3316569,1.8684741,0.1622750,0.3316569,1.8684741,0.1622750,0.2592394,1.8011537,0.1622750,0.1868219,1.7338333,0.1622750,0.0932906,1.7742897,0.1622750,-0.0002407,1.8147460,-0.1622750,0.3316569,1.8684741,-0.1622750,0.2592394,1.8011537,-0.1622750,0.1868219,1.7338333,-0.1622750,0.0932906,1.7742897,-0.1622750,-0.0002407,1.8147460,0.1622750,0.3733963,1.5494236,0.1622750,0.2346008,1.4061659,0.1622750,0.1306170,1.3955665,0.1622750,0.0266331,1.3849670,-0.1622750,0.3733963,1.5494236,-0.1622750,0.2346008,1.4061659,-0.1622750,0.1306170,1.3955665,-0.1622750,0.0266331,1.3849670
0.0000000,0.3836781,1.5680018,0.0000000,0.3691192,1.6742655,0.0000000,0.3545602,1.7805293,0.0000000,0.3400013,1.8867930,0.0000000,0.3400013,1.8867930,0.0000000,0.3400013,1.8867930,0.1622750,0.3400013,1.8867930,0.1622750,0.2669508,1.8196731,0.1622750,0.1939004,1.7525532,0.1622750,0.0971520,1.7836209,0.1622750,0.0004037,1.8146886,-0.1622750,0.3400013,1.8867930,-0.1622750,0.2669508,1.8196731,-0.1622750,0.1939004,1.7525532,-0.1622750,0.0971520,1.7836209,-0.1622750,0.0004037,1.8146886,0.1622750,0.3836781,1.5680018,0.1622750,0.2503262,1.4194240,0.1622750,0.1468375,1.4032558,0.1622750,0.0433487,1.3870877,-0.1622750,0.3836781,1.5680018,-0.1622750,0.2503262,1.4194240,-0.1622750,0.1468375,1.4032558,-0.1622750,0.0433487,1.3870877
0.0000000,0.3966509,1.5867216,0.0000000,0.3817731,1.6929413,0.0000000,0.3668954,1.7991610,0.0000000,0.3520176,1.9053808,0.0000000,0.3520176,1.9053808,0.0000000,0.3520176,1.9053808,0.1622750,0.3520176,1.9053808,0.1622750,0.2769116,1.8402242,0.1622750,0.2018056,1.7750677,0.1622750,0.1022782,1.7950680,0.1622750,0.0027509,1.8150683,-0.1622750,0.3520176,1.9053808,-0.1622750,0.2769116,1.8402242,-0.1622750,0.2018056,1.7750677,-0.1622750,0.1022782,1.7950680,-0.1622750,0.0027509,1.8150683,0.1622750,0.3966509,1.5867216,0.1622750,0.2671665,1.4346597,0.1622750,0.1642865,1.4143605,0.1622750,0.0614064,1.3940613,-0.1622750,0.3966509,1.5867216,-0.1622750,0.2671665,1.4346597,-0.1622750,0.1642865,1.4143605,-0.1622750,0.0614064,1.3940613
0.0000000,0.4106997,1.6055334,0.0000000,0.3959306,1.7117682,-0.0000000,0.3811615,1.8180031,-0.0000000,0.3663924,1.9242379,-0.0000000,0.3663924,1.9242379,-0.0000000,0.3663924,1.9242379,0.1622750,0.3663924,1.9242379,0.1622750,0.2880346,1.8630436,0.1622750,0.2096769,1.8018492,0.1622750,0.1078902,1.8092991,0.1622750,0.0061035,1.8167490,-0.1622750,0.3663924,1.9242379,-0.1622750,0.2880346,1.8630436,-0.1622750,0.2096769,1.8018492,-0.1622750,0.1078902,1.8092991,-0.1622751,0.0061035,1.8167490,0.1622750,0.4106997,1.6055334,0.1622750,0.2834039,1.4516103,0.1622750,0.1808940,1.4295503,0.1622750,0.0783842,1.4074902,-0.1622750,0.4106997,1.6055334,-0.1622750,0.2834039,1.4516103,-0.1622750,0.1808940,1.4295503,-0.1622750,0.0783842,1.4074902
0.0000000,0.4247025,1.6243931,0.0000000,0.4104735,1.7307017,-0.0000000,0.3962445,1.8370103,-0.0000000,0.3820155,1.9433189,-0.0000000,0.3820155,1.9433189,-0.0000000,0.3820155,1.9433189,0.1622750,0.3820155,1.9433189,0.1622750,0.3010397,1.8858246,0.1622750,0.2200639,1.8283302,0.1622750,0.1171343,1.8254564,0.1622750,0.0142047,1.8225826,-0.1622750,0.3820155,1.9433189,-0.1622750,0.3010397,1.8858246,-0.1622750,0.2200639,1.8283302,-0.1622750,0.1171343,1.8254564,-0.1622751,0.0142047,1.8225826,0.1622750,0.4247025,1.6243931,0.1622750,0.2991721,1.4690732,0.1622750,0.1964073,1.4486089,0.1622750,0.0936426,1.4281447,-0.1622750,0.4247025,1.6243931,-0.1622750,0.2991721,1.4690732,-0.1622750,0.1964073,1.4486089,-0.1622750,0.0936426,1.4281447
0.0000000,0.4373029,1.6432600,0.0000000,0.4240664,1.7496959,-0.0000000,0.4108299,1.8561318,-0.0000000,0.3975934,1.9625677,-0.0000000,0.3975934,1.9625677,-0.0000000,0.3975934,1.9625677,0.1622750,0.3975934,1.9625677,0.1622750,0.3178163,1.9034201,0.1622750,0.2380393,1.8442726,0.1622750,0.1345463,1.8414307,0.1622750,0.0310533,1.8385889,-0.1622750,0.3975934,1.9625677,-0.1622750,0.3178163,1.9034201,-0.1622750,0.2380393,1.8442726,-0.1622750,0.1345463,1.8414307,-0.1622750,0.0310533,1.8385889,0.1622750,0.4373029,1.6432600,0.1622750,0.3160921,1.4846725,0.1622750,0.2122119,1.4711559,0.1622751,0.1083318,1.4576392,-0.1622750,0.4373029,1.6432600,-0.1622750,0.3160921,1.4846725,-0.1622750,0.2122119,1.4711559,-0.1622750,0.1083318,1.4576392
-0.0000000,0.4474775,1.6620803,-0.0000000,0.4355359,1.7686684,0.0000000,0.4235942,1.8752565,0.0000000,0.4116526,1.9818446,0.0000000,0.4116526,1.9818446,0.0000000,0.4116526,1.9818446,0.1622750,0.4116526,1.9818446,0.1622750,0.3347055,1.9191264,0.1622750,0.2577584,1.8564083,0.1622750,0.1536801,1.8581530,0.1622750,0.0496019,1.8598978,-0.1622750,0.4116526,1.9818446,-0.1622750,0.3347055,1.9191264,-0.1622750,0.2577584,1.8564083,-0.1622750,0.1536801,1.8581530,-0.1622750,0.0496019,1.8598978,0.1622750,0.4474775,1.6620803,0.1622750,0.3310765,1.5000371,0.1622750,0.2263479,1.4976788,0.1622750,0.1216193,1.4953205,-0.1622750,0.4474775,1.6620803,-0.1622750,0.3310765,1.5000371,-0.1622750,0.2263479,1.4976788,-0.1622750,0.1216193,1.4953205
0.0000000,0.4544712,1.6808308,0.0000000,0.4440496,1.7875780,0.0000000,0.4336280,1.8943251,0.0000000,0.4232065,2.0010722,0.0000000,0.4232065,2.0010722,0.0000000,0.4232065,2.0010722,0.1622750,0.4232065,2.0010722,0.1622750,0.3499705,1.9342330,0.1622750,0.2767344,1.8673937,0.1622750,0.1725148,1.8762408,0.1622750,0.0682953,1.8850879,-0.1622750,0.4232065,2.0010722,-0.1622750,0.3499705,1.9342330,-0.1622750,0.2767344,1.8673937,-0.1622750,0.1725148,1.8762408,-0.1622750,0.0682953,1.8850879,0.1622750,0.4544712,1.6808308,0.1622750,0.3421003,1.5159738,0.1622750,0.2380246,1.5282069,0.1622750,0.1339488,1.5404399,-0.1622750,0.4544712,1.6808308,-0.1622750,0.3421003,1.5159738,-0.1622750,0.2380246,1.5282069,-0.1622750,0.1339488,1.5404399
0.0000000,0.4580910,1.6995402,0.0000000,0.4493370,1.8064375,0.0000000,0.4405829,1.9133349,0.0000000,0.4318289,2.0202323,0.0000000,0.4318289,2.0202323,0.0000000,0.4318289,2.0202323,0.1622750,0.4318289,2.0202323,0.1622750,0.3627941,1.9490890,0.1622750,0.2937592,1.8779457,0.1622750,0.1905172,1.8962979,0.1622750,0.0872752,1.9146501,-0.1622750,0.4318289,2.0202323,-0.1622750,0.3627941,1.9490890,-0.1622750,0.2937592,1.8779457,-0.1622750,0.1905172,1.8962979,-0.1622750,0.0872752,1.9146501,0.1622750,0.4580910,1.6995402,0.1622750,0.3469800,1.5336468,0.1622750,0.2459895,1.5617049,0.1622750,0.1449989,1.5897629,-0.1622750,0.4580910,1.6995402,-0.1622750,0.3469800,1.5336468,-0.1622750,0.2459895,1.5617049,-0.1622750,0.1449989,1.5897629
0.0000000,0.4589920,1.7182446,0.0000000,0.4519747,1.8252714,0.0000000,0.4449573,1.9322982,0.0000000,0.4379400,2.0393250,0.0000000,0.4379400,2.0393250,0.0000000,0.4379400,2.0393250,0.1622750,0.4379400,2.0393250,0.1622750,0.3729114,1.9643938,0.1622750,0.3078829,1.8894626,0.1622750,0.2070662,1.9187839,0.1622750,0.1062496,1.9481053,-0.1622750,0.4379400,2.0393250,-0.1622750,0.3729114,1.9643938,-0.1622750,0.3078829,1.8894626,-0.1622751,0.2070662,1.9187839,-0.1622751,0.1062496,1.9481053,0.1622750,0.4589920,1.7182446,0.1622750,0.3455595,1.5536832,0.1622750,0.2500513,1.5968529,0.1622750,0.1545431,1.6400225,-0.1622750,0.4589920,1.7182446,-0.1622750,0.3455595,1.5536832,-0.1622750,0.2500513,1.5968529,-0.1622750,0.1545431,1.6400225
0.0000000,0.4581967,1.7370051,0.0000000,0.4528939,1.8441291,0.0000000,0.4475910,1.9512531,0.0000000,0.4422882,2.0583772,0.0000000,0.4422882,2.0583772,0.0000000,0.4422882,2.0583772,0.1622750,0.4422882,2.0583772,0.1622750,0.3798186,1.9811645,0.1622750,0.3173491,1.9039518,0.1622750,0.2206003,1.9445207,0.1622750,0.1238515,1.9850897,-0.1622750,0.4422882,2.0583772,-0.1622750,0.3798186,1.9811645,-0.1622750,0.3173491,1.9039518,-0.1622750,0.2206003,1.9445207,-0.1622750,0.1238515,1.9850897,0.1622750,0.4581967,1.7370051,0.1622750,0.3377586,1.5774101,0.1622750,0.2488894,1.6325128,0.1622750,0.1600201,1.6876155,-0.1622750,0.4581967,1.7370051,-0.1622750,0.3377586,1.5774101,-0.1622750,0.2488894,1.6325128,-0.1622750,0.1600201,1.6876155
0.0000000,0.4565525,1.7557769,0.0000000,0.4528459,1.8629677,0.0000000,0.4491392,1.9701586,0.0000000,0.4454326,2.0773494,0.0000000,0.4454326,2.0773494,0.0000000,0.4454326,2.0773494,0.1622750,0.4454326,2.0773494,0.1622750,0.3840705,1.9991026,0.1622750,0.3227085,1.9208558,0.1622750,0.2312080,1.9720604,0.1622750,0.1397075,2.0232651,-0.1622750,0.4454326,2.0773494,-0.1622750,0.3840705,1.9991026,-0.1622750,0.3227085,1.9208558,-0.1622750,0.2312080,1.9720604,-0.1622750,0.1397075,2.0232651,0.1622750,0.4565525,1.7557769,0.1622750,0.3261731,1.6042562,0.1622750,0.2442740,1.6690545,0.1622750,0.1623749,1.7338528,-0.1622750,0.4565525,1.7557769,-0.1622750,0.3261731,1.6042562,-0.1622750,0.2442740,1.6690545,-0.1622750,0.1623749,1.7338528
0.0000000,0.4545223,1.7745359,0.0000000,0.4522348,1.8817667,0.0000000,0.4499473,1.9889975,0.0000000,0.4476598,2.0962283,0.0000000,0.4476598,2.0962283,0.0000000,0.4476598,2.0962283,0.1622750,0.4476598,2.0962283,0.1622750,0.3857914,2.0182464,0.1622750,0.3239230,1.9402644,0.1622750,0.2384902,2.0010220,0.1622750,0.1530574,2.0617795,-0.1622750,0.4476598,2.0962283,-0.1622750,0.3857914,2.0182464,-0.1622750,0.3239230,1.9402644,-0.1622750,0.2384902,2.0010220,-0.1622750,0.1530574,2.0617795,0.1622750,0.4545223,1.7745359,0.1622750,0.3122402,1.6342581,0.1622750,0.2372572,1.7069049,0.1622750,0.1622743,1.7795517,-0.1622750,0.4545223,1.7745359,-0.1622750,0.3122402,1.6342581,-0.1622750,0.2372572,1.7069049,-0.1622750,0.1622743,1.7795517
0.0000000,0.4521825,1.7932756,0.0000000,0.4511505,1.9005266,0.0000000,0.4501185,2.0077775,0.0000000,0.4490865,2.1150285,0.0000000,0.4490865,2.1150285,0.0000000,0.4490865,2.1150285,0.1622750,0.4490865,2.1150285,0.1622750,0.3851485,2.0386113,0.1622750,0.3212105,1.9621941,0.1622750,0.2425667,2.0315718,0.1622750,0.1639228,2.1009494,-0.1622750,0.4490865,2.1150285,-0.1622750,0.3851485,2.0386113,-0.1622750,0.3212105,1.9621941,-0.1622750,0.2425667,2.0315718,-0.1622750,0.1639228,2.1009494,0.1622750,0.4521825,1.7932756,0.1622750,0.2969664,1.6675694,0.1622750,0.2292537,1.7470734,0.1622750,0.1615411,1.8265773,-0.1622750,0.4521825,1.7932756,-0.1622750,0.2969664,1.6675694,-0.1622750,0.2292537,1.7470734,-0.1622750,0.1615411,1.8265773
0.0000000,0.4493661,1.8119961,0.0000000,0.4494564,1.9192528,0.0000000,0.4495467,2.0265095,-0.0000000,0.4496371,2.1337661,-0.0000000,0.4496371,2.1337661,-0.0000000,0.4496371,2.1337661,0.1622750,0.4496371,2.1337661,0.1622750,0.3822144,2.0602864,0.1622750,0.3147917,1.9868067,0.1622750,0.2436704,2.0639944,0.1622750,0.1725491,2.1411821,-0.1622750,0.4496371,2.1337661,-0.1622750,0.3822144,2.0602864,-0.1622750,0.3147917,1.9868067,-0.1622750,0.2436704,2.0639944,-0.1622750,0.1725491,2.1411821,0.1622750,0.4493661,1.8119961,0.1622750,0.2817910,1.7032525,0.1622750,0.2212987,1.7884931,0.1622750,0.1608063,1.8737337,-0.1622750,0.4493661,1.8119961,-0.1622750,0.2817910,1.7032525,-0.1622750,0.2212987,1.7884931,-0.1622750,0.1608063,1.8737337
0.0000000,0.4455514,1.8307108,0.0000000,0.4466851,1.9379610,0.0000000,0.4478188,2.0452112,-0.0000000,0.4489525,2.1524614,-0.0000000,0.4489525,2.1524614,-0.0000000,0.4489525,2.1524614,0.1622750,0.4489525,2.1524614,0.1622750,0.3766965,2.0836916,0.1622750,0.3044405,2.0149219,0.1622750,0.2419839,2.0992341,0.1622750,0.1795273,2.1835464,-0.1622750,0.4489525,2.1524614,-0.1622750,0.3766965,2.0836916,-0.1622750,0.3044405,2.0149219,-0.1622750,0.2419839,2.0992341,-0.1622750,0.1795273,2.1835464,0.1622750,0.4455514,1.8307108,0.1622750,0.2679609,1.7394375,0.1622750,0.2135196,1.8287383,0.1622750,0.1590784,1.9180390,-0.1622750,0.4455514,1.8307108,-0.1622750,0.2679609,1.7394375,-0.1622750,0.2135196,1.8287383,-0.1622750,0.1590784,1.9180390
0.0000000,0.4409548,1.8494012,0.0000000,0.4430182,1.9566374,0.0000000,0.4450816,2.0638736,-0.0000000,0.4471449,2.1711099,-0.0000000,0.4471449,2.1711099,-0.0000000,0.4471449,2.1711099,0.1622750,0.4471449,2.1711099,0.1622750,0.3695152,2.1084682,0.1622750,0.2918856,2.0458266,0.1622750,0.2385787,2.1361802,0.1622750,0.1852718,2.2265338,-0.1622750,0.4471449,2.1711099,-0.1622750,0.3695152,2.1084682,-0.1622750,0.2918856,2.0458266,-0.1622750,0.2385787,2.1361802,-0.1622750,0.1852718,2.2265338,0.1622750,0.4409548,1.8494012,0.1622750,0.2563153,1.7731131,0.1622750,0.2067538,1.8653074,0.1622750,0.1571923,1.9575018,-0.1622750,0.4409548,1.8494012,-0.1622750,0.2563153,1.7731131,-0.1622750,0.2067538,1.8653074,-0.1622750,0.1571923,1.9575018
0.0000000,0.4356277,1.8680579,0.0000000,0.4384950,1.9752758,0.0000000,0.4413623,2.0824937,0.0000000,0.4442296,2.1897116,0.0000000,0.4442296,2.1897116,0.0000000,0.4442296,2.1897116,0.1622750,0.4442296,2.1897116,0.1622750,0.3612197,2.1343993,0.1622750,0.2782097,2.0790870,0.1622750,0.2340490,2.1742343,0.1622750,0.1898883,2.2693816,-0.1622750,0.4442296,2.1897116,-0.1622750,0.3612197,2.1343993,-0.1622750,0.2782097,2.0790870,-0.1622750,0.2340490,2.1742343,-0.1622750,0.1898883,2.2693816,0.1622750,0.4356277,1.8680579,0.1622750,0.2466536,1.8028264,0.1622750,0.2000872,1.8966805,0.1622750,0.1535207,1.9905346,-0.1622750,0.4356277,1.8680579,-0.1622750,0.2466536,1.8028264,-0.1622750,0.2000872,1.8966805,-0.1622750,0.1535207,1.9905346
0.0000000,0.4296456,1.8866889,0.0000000,0.4332230,1.9938856,0.0000000,0.4368003,2.1010823,0.0000000,0.4403777,2.2082790,0.0000000,0.4403777,2.2082790,0.0000000,0.4403777,2.2082790,0.1622750,0.4403777,2.2082790,0.1622750,0.3524860,2.1610667,0.1622750,0.2645943,2.1138544,0.1622750,0.2290661,2.2125496,0.1622750,0.1935379,2.3112447,-0.1622750,0.4403777,2.2082790,-0.1622750,0.3524860,2.1610667,-0.1622750,0.2645943,2.1138544,-0.1622750,0.2290661,2.2125496,-0.1622750,0.1935379,2.3112447,0.1622750,0.4296456,1.8866889,0.1622750,0.2375321,1.8312077,0.1622750,0.1889382,1.9241320,0.1622750,0.1403443,2.0170563,-0.1622750,0.4296456,1.8866889,-0.1622750,0.2375321,1.8312077,-0.1622750,0.1889382,1.9241320,-0.1622750,0.1403443,2.0170563
0.0000000,0.4231373,1.9052977,0.0000000,0.4273499,2.0124716,0.0000000,0.4315625,2.1196454,0.0000000,0.4357751,2.2268193,0.0000000,0.4357751,2.2268193,0.0000000,0.4357751,2.2268193,0.1622750,0.4357751,2.2268193,0.1622750,0.3438271,2.1879546,0.1622750,0.2518792,2.1490899,0.1622750,0.2239352,2.2502004,0.1622750,0.1959913,2.3513109,-0.1622750,0.4357751,2.2268193,-0.1622750,0.3438271,2.1879546,-0.1622750,0.2518792,2.1490899,-0.1622750,0.2239352,2.2502004,-0.1622750,0.1959913,2.3513109,0.1622750,0.4231373,1.9052977,0.1622750,0.2284407,1.8596996,0.1622750,0.1733252,1.9490239,0.1622750,0.1182096,2.0383483,-0.1622750,0.4231373,1.9052977,-0.1622750,0.2284407,1.8596996,-0.1622750,0.1733252,1.9490239,-0.1622750,0.1182096,2.0383483
-0.0000000,0.4162317,1.9238905,-0.0000000,0.4210294,2.0310396,-0.0000000,0.4258271,2.1381888,-0.0000000,0.4306248,2.2453379,-0.0000000,0.4306248,2.2453379,-0.0000000,0.4306248,2.2453379,0.1622750,0.4306248,2.2453379,0.1622750,0.3357284,2.2142846,0.1622750,0.2408320,2.1832312,0.1622750,0.2185648,2.2857115,0.1622750,0.1962976,2.3881917,-0.1622750,0.4306248,2.2453379,-0.1622750,0.3357284,2.2142846,-0.1622750,0.2408320,2.1832312,-0.1622750,0.2185648,2.2857115,-0.1622750,0.1962976,2.3881917,0.1622750,0.4162317,1.9238905,0.1622750,0.2190226,1.8909887,0.1622750,0.1545588,1.9737707,0.1622750,0.0900950,2.0565527,-0.1622750,0.4162317,1.9238905,-0.1622750,0.2190226,1.8909887,-0.1622750,0.1545588,1.9737707,-0.1622750,0.0900950,2.0565527
0.0000000,0.4091192,1.9424535,-0.0000000,0.4144192,2.0495790,-0.0000000,0.4197192,2.1567045,-0.0000000,0.4250192,2.2638300,-0.0000000,0.4250192,2.2638300,-0.0000000,0.4250192,2.2638300,0.1622750,0.4250192,2.2638300,0.1622750,0.3281047,2.2395902,0.1622750,0.2311901,2.2153505,0.1622750,0.2127861,2.3185556,0.1622750,0.1943820,2.4217607,-0.1622750,0.4250192,2.2638300,-0.1622750,0.3281047,2.2395902,-0.1622750,0.2311901,2.2153505,-0.1622750,0.2127861,2.3185556,-0.1622750,0.1943820,2.4217607,0.1622750,0.4091192,1.9424535,0.1622750,0.2102774,1.9214437,0.1622750,0.1369953,1.9964120,0.1622751,0.0637132,2.0713803,-0.1622750,0.4091192,1.9424535,-0.1622750,0.2102774,1.9214437,-0.1622750,0.1369953,1.9964120,-0.1622750,0.0637132,2.0713803
0.0000000,0.4019392,1.9609753,0.0000000,0.4076341,2.0680806,-0.0000000,0.4133289,2.1751858,-0.0000000,0.4190238,2.2822910,-0.0000000,0.4190238,2.2822910,-0.0000000,0.4190238,2.2822910,0.1622750,0.4190238,2.2822910,0.1622750,0.3208504,2.2635238,0.1622750,0.2226770,2.2447566,0.1622750,0.2062116,2.3481976,0.1622750,0.1897462,2.4516385,-0.1622750,0.4190238,2.2822910,-0.1622750,0.3208504,2.2635238,-0.1622750,0.2226770,2.2447566,-0.1622750,0.2062116,2.3481976,-0.1622750,0.1897462,2.4516385,0.1622750,0.4019392,1.9609753,0.1622750,0.2023262,1.9489370,0.1622750,0.1223532,2.0164240,0.1622750,0.0423802,2.0839110,-0.1622750,0.4019392,1.9609753,-0.1622750,0.2023262,1.9489370,-0.1622750,0.1223532,2.0164240,-0.1622750,0.0423802,2.0839110
0.0000000,0.3947871,1.9794530,0.0000000,0.4007684,2.0865427,0.0000000,0.4067497,2.1936324,-0.0000000,0.4127311,2.3007222,-0.0000000,0.4127311,2.3007222,-0.0000000,0.4127311,2.3007222,0.1622750,0.4127311,2.3007222,0.1622750,0.3138283,2.2860822,0.1622750,0.2149256,2.2714422,0.1622750,0.1985164,2.3746936,0.1622750,0.1821072,2.4779451,-0.1622750,0.4127311,2.3007222,-0.1622750,0.3138283,2.2860822,-0.1622750,0.2149256,2.2714422,-0.1622750,0.1985164,2.3746936,-0.1622750,0.1821072,2.4779451,0.1622750,0.3947871,1.9794530,0.1622750,0.1949360,1.9722528,0.1622750,0.1102612,2.0334207,0.1622750,0.0255864,2.0945886,-0.1622750,0.3947871,1.9794530,-0.1622750,0.1949360,1.9722528,-0.1622750,0.1102612,2.0334207,-0.1622750,0.0255864,2.0945886
0.0000000,0.3879109,1.9978466,0.0000000,0.3939727,2.1049319,0.0000000,0.4000344,2.2120171,0.0000000,0.4060962,2.3191024,0.0000000,0.4060962,2.3191024,0.0000000,0.4060962,2.3191024,0.1622750,0.4060962,2.3191024,0.1622750,0.3067694,2.3075868,0.1622750,0.2074427,2.2960712,0.1622750,0.1883082,2.3985076,0.1622750,0.1691736,2.5009440,-0.1622750,0.4060962,2.3191024,-0.1622750,0.3067694,2.3075868,-0.1622750,0.2074427,2.2960712,-0.1622750,0.1883082,2.3985076,-0.1622750,0.1691736,2.5009440,0.1622750,0.3879109,1.9978466,0.1622750,0.1882138,1.9902922,0.1622750,0.1006718,2.0471881,0.1622750,0.0131297,2.1040840,-0.1622750,0.3879109,1.9978466,-0.1622750,0.1882138,1.9902922,-0.1622750,0.1006718,2.0471881,-0.1622750,0.0131297,2.1040840
0.0000000,0.3817660,2.0160699,0.0000000,0.3874833,2.1231739,0.0000000,0.3932006,2.2302779,0.0000000,0.3989179,2.3373819,0.0000000,0.3989179,2.3373819,0.0000000,0.3989179,2.3373819,0.1622750,0.3989179,2.3373819,0.1622750,0.2993172,2.3285556,0.1622750,0.1997165,2.3197293,0.1622750,0.1725940,2.4197680,0.1622750,0.1454716,2.5198066,-0.1622750,0.3989179,2.3373819,-0.1622750,0.2993172,2.3285556,-0.1622750,0.1997165,2.3197293,-0.1622750,0.1725940,2.4197680,-0.1622750,0.1454716,2.5198066,0.1622750,0.3817660,2.0160699,0.1622750,0.1834400,2.0002078,0.1622750,0.0952179,2.0564897,0.1622750,0.0069957,2.1127715,-0.1622750,0.3817660,2.0160699,-0.1622750,0.1834400,2.0002078,-0.1622750,0.0952179,2.0564897,-0.1622750,0.0069957,2.1127715
0.0000000,0.3764680,2.0341297,0.0000000,0.3814083,2.1412717,0.0000000,0.3863486,2.2484136,0.0000000,0.3912888,2.3555555,0.0000000,0.3912888,2.3555555,0.0000000,0.3912888,2.3555555,0.1622750,0.3912888,2.3555555,0.1622750,0.2914703,2.3497871,0.1622750,0.1916518,2.3440186,0.1622750,0.1539224,2.4396430,0.1622750,0.1161929,2.5352673,-0.1622750,0.3912888,2.3555555,-0.1622750,0.2914703,2.3497871,-0.1622750,0.1916518,2.3440186,-0.1622750,0.1539224,2.4396430,-0.1622750,0.1161929,2.5352673,0.1622750,0.3764680,2.0341297,0.1622750,0.1806470,2.0079764,0.1622750,0.0923675,2.0644350,0.1622750,0.0040880,2.1208936,-0.1622750,0.3764680,2.0341297,-0.1622750,0.1806470,2.0079764,-0.1622750,0.0923675,2.0644350,-0.1622750,0.0040880,2.1208936
0.0000000,0.3721158,2.0520340,0.0000000,0.3758450,2.1592243,0.0000000,0.3795743,2.2664146,0.0000000,0.3833036,2.3736050,0.0000000,0.3833036,2.3736050,0.0000000,0.3833036,2.3736050,0.1622750,0.3833036,2.3736050,0.1622750,0.2833379,2.3713113,0.1622750,0.1833723,2.3690175,0.1622750,0.1344739,2.4582887,0.1622750,0.0855755,2.5475599,-0.1622750,0.3833036,2.3736050,-0.1622750,0.2833379,2.3713113,-0.1622750,0.1833723,2.3690175,-0.1622750,0.1344739,2.4582887,-0.1622750,0.0855755,2.5475599,0.1622750,0.3721158,2.0520340,0.1622750,0.1790033,2.0159905,0.1622750,0.0904718,2.0719769,0.1622750,0.0019403,2.1279634,-0.1622750,0.3721158,2.0520340,-0.1622750,0.1790033,2.0159905,-0.1622750,0.0904718,2.0719769,-0.1622750,0.0019403,2.1279634
0.0000000,0.3685851,2.0698138,0.0000000,0.3708112,2.1770458,0.0000000,0.3730373,2.2842778,0.0000000,0.3752634,2.3915098,0.0000000,0.3752634,2.3915098,0.0000000,0.3752634,2.3915098,0.1622750,0.3752634,2.3915098,0.1622750,0.2752985,2.3904238,0.1622750,0.1753335,2.3893377,0.1622750,0.1179845,2.4728977,0.1622750,0.0606354,2.5564577,-0.1622750,0.3752634,2.3915098,-0.1622750,0.2752985,2.3904238,-0.1622750,0.1753335,2.3893377,-0.1622750,0.1179845,2.4728977,-0.1622750,0.0606354,2.5564577,0.1622750,0.3685851,2.0698138,0.1622750,0.1786346,2.0201232,0.1622750,0.0898165,2.0754042,0.1622750,0.0009984,2.1306852,-0.1622750,0.3685851,2.0698138,-0.1622750,0.1786346,2.0201232,-0.1622750,0.0898165,2.0754042,-0.1622750,0.0009984,2.1306852
0.0000000,0.3658088,2.0875182,0.0000000,0.3663441,2.1947732,0.0000000,0.3668795,2.3020281,0.0000000,0.3674148,2.4092831,0.0000000,0.3674148,2.4092831,0.0000000,0.3674148,2.4092831,0.1622750,0.3674148,2.4092831,0.1622750,0.2676834,2.4070434,0.1622750,0.1679520,2.4048037,0.1622750,0.1048444,2.4845103,0.1622750,0.0417369,2.5642169,-0.1622750,0.3674148,2.4092831,-0.1622750,0.2676834,2.4070434,-0.1622750,0.1679520,2.4048037,-0.1622750,0.1048444,2.4845103,-0.1622751,0.0417369,2.5642169,0.1622750,0.3658088,2.0875182,0.1622750,0.1799234,2.0220844,0.1622750,0.0905825,2.0761219,0.1622750,0.0012416,2.1301594,-0.1622750,0.3658088,2.0875182,-0.1622750,0.1799234,2.0220844,-0.1622750,0.0905825,2.0761219,-0.1622750,0.0012416,2.1301594
0.0000000,0.3637861,2.1051963,0.0000000,0.3625507,2.2124445,0.0000000,0.3613153,2.3196927,0.0000000,0.3600800,2.4269409,0.0000000,0.3600800,2.4269409,0.0000000,0.3600800,2.4269409,0.1622750,0.3600800,2.4269409,0.1622750,0.2613173,2.4221483,0.1622750,0.1625547,2.4173558,0.1622750,0.0956772,2.4955571,0.1622750,0.0287997,2.5737585,-0.1622750,0.3600800,2.4269409,-0.1622750,0.2613173,2.4221483,-0.1622750,0.1625547,2.4173558,-0.1622750,0.0956772,2.4955571,-0.1622750,0.0287997,2.5737585,0.1622750,0.3637861,2.1051963,0.1622750,0.1824280,2.0270292,0.1622750,0.0918535,2.0785730,0.1622751,0.0012790,2.1301169,-0.1622750,0.3637861,2.1051963,-0.1622750,0.1824280,2.0270292,-0.1622750,0.0918535,2.0785730,-0.1622750,0.0012790,2.1301169
0.0000000,0.3624967,2.1229538,0.0000000,0.3595103,2.2301666,0.0000000,0.3565240,2.3373794,0.0000000,0.3535376,2.4445922,0.0000000,0.3535376,2.4445922,0.0000000,0.3535376,2.4445922,0.1622750,0.3535376,2.4445922,0.1622750,0.2562461,2.4356701,0.1622750,0.1589546,2.4267479,0.1622750,0.0900207,2.5042280,0.1622750,0.0210867,2.5817081,-0.1622750,0.3535376,2.4445922,-0.1622750,0.2562461,2.4356701,-0.1622750,0.1589546,2.4267479,-0.1622750,0.0900207,2.5042280,-0.1622750,0.0210867,2.5817081,0.1622750,0.3624967,2.1229538,0.1622750,0.1858059,2.0339020,0.1622750,0.0935157,2.0818400,0.1622750,0.0012255,2.1297780,-0.1622750,0.3624967,2.1229538,-0.1622750,0.1858059,2.0339020,-0.1622750,0.0935157,2.0818400,-0.1622750,0.0012255,2.1297780
0.0000000,0.3616463,2.1408594,0.0000000,0.3570815,2.2480173,0.0000000,0.3525167,2.3551752,0.0000000,0.3479519,2.4623331,0.0000000,0.3479519,2.4623331,0.0000000,0.3479519,2.4623331,0.1622750,0.3479519,2.4623331,0.1622750,0.2520619,2.4477300,0.1622750,0.1561720,2.4331269,0.1622750,0.0861477,2.5098052,0.1622750,0.0161235,2.5864834,-0.1622750,0.3479519,2.4623331,-0.1622750,0.2520619,2.4477300,-0.1622750,0.1561720,2.4331269,-0.1622750,0.0861477,2.5098052,-0.1622750,0.0161235,2.5864834,0.1622750,0.3616463,2.1408594,0.1622750,0.1895802,2.0424036,0.1622750,0.0953980,2.0860416,0.1622750,0.0012157,2.1296795,-0.1622750,0.3616463,2.1408594,-0.1622750,0.1895802,2.0424036,-0.1622750,0.0953980,2.0860416,-0.1622750,0.0012157,2.1296795
0.0000000,0.3593182,2.1589983,0.0000000,0.3539734,2.2661216,0.0000000,0.3486286,2.3732449,0.0000000,0.3432838,2.4803682,0.0000000,0.3432838,2.4803682,0.0000000,0.3432838,2.4803682,0.1622750,0.3432838,2.4803682,0.1622750,0.2490640,2.4593547,0.1622750,0.1548442,2.4383411,0.1622750,0.0816486,2.5123547,0.1622750,0.0084529,2.5863683,-0.1622750,0.3432838,2.4803682,-0.1622750,0.2490640,2.4593547,-0.1622750,0.1548442,2.4383411,-0.1622750,0.0816486,2.5123547,-0.1622750,0.0084529,2.5863683,0.1622750,0.3593182,2.1589983,0.1622750,0.1915526,2.0527700,0.1622750,0.0964229,2.0942943,0.1622750,0.0012932,2.1358187,-0.1622750,0.3593182,2.1589983,-0.1622750,0.1915526,2.0527700,-0.1622750,0.0964229,2.0942943,-0.1622750,0.0012932,2.1358187
0.0000000,0.3559061,2.1772429,0.0000000,0.3502856,2.2843522,0.0000000,0.3446651,2.3914615,0.0000000,0.3390446,2.4985708,0.0000000,0.3390446,2.4985708,0.0000000,0.3390446,2.4985708,0.1622750,0.3390446,2.4985708,0.1622750,0.2468696,2.4705463,0.1622750,0.1546945,2.4425218,0.1622750,0.0774740,2.5127488,0.1622750,0.0002536,2.5829759,-0.1622750,0.3390446,2.4985708,-0.1622750,0.2468696,2.4705463,-0.1622750,0.1546945,2.4425218,-0.1622750,0.0774740,2.5127488,-0.1622750,0.0002536,2.5829759,0.1622750,0.3559061,2.1772429,0.1622750,0.1925269,2.0639249,0.1622750,0.0969314,2.1046637,0.1622750,0.0013360,2.1454026,-0.1622750,0.3559061,2.1772429,-0.1622750,0.1925269,2.0639249,-0.1622750,0.0969314,2.1046637,-0.1622750,0.0013360,2.1454026
0.0000000,0.3529239,2.1953017,0.0000000,0.3465597,2.3023690,0.0000000,0.3401955,2.4094363,0.0000000,0.3338312,2.5165036,0.0000000,0.3338312,2.5165036,0.0000000,0.3338312,2.5165036,0.1622750,0.3338312,2.5165036,0.1622750,0.2442785,2.4803217,0.1622750,0.1547257,2.4441397,0.1622750,0.0768750,2.5133117,0.1622750,-0.0009756,2.5824836,-0.1622750,0.3338312,2.5165036,-0.1622750,0.2442785,2.4803217,-0.1622750,0.1547257,2.4441397,-0.1622750,0.0768750,2.5133117,-0.1622750,-0.0009756,2.5824836,0.1622750,0.3529239,2.1953017,0.1622750,0.1958220,2.0731328,0.1622751,0.0989831,2.1109644,0.1622751,0.0021442,2.1487960,-0.1622750,0.3529239,2.1953017,-0.1622750,0.1958220,2.0731328,-0.1622750,0.0989831,2.1109644,-0.1622750,0.0021442,2.1487960
0.0000000,0.3520016,2.2132776,0.0000000,0.3446452,2.3202808,0.0000000,0.3372888,2.4272839,0.0000000,0.3299324,2.5342871,0.0000000,0.3299324,2.5342871,0.0000000,0.3299324,2.5342871,0.1622750,0.3299324,2.5342871,0.1622750,0.2433443,2.4906455,0.1622750,0.1567562,2.4470040,0.1622750,0.0783355,2.5149032,0.1622750,-0.0000851,2.5828024,-0.1622750,0.3299324,2.5342871,-0.1622750,0.2433443,2.4906455,-0.1622750,0.1567562,2.4470040,-0.1622750,0.0783355,2.5149032,-0.1622750,-0.0000851,2.5828024,0.1622750,0.3520016,2.2132776,0.1622750,0.2004813,2.0839946,0.1622750,0.1018761,2.1168999,0.1622750,0.0032710,2.1498052,-0.1622750,0.3520016,2.2132776,-0.1622750,0.2004813,2.0839946,-0.1622750,0.1018761,2.1168999,-0.1622750,0.0032710,2.1498052
0.0000000,0.3538933,2.2312262,0.0000000,0.3453880,2.3381439,0.0000000,0.3368827,2.4450616,0.0000000,0.3283774,2.5519793,0.0000000,0.3283774,2.5519793,0.0000000,0.3283774,2.5519793,0.1622750,0.3283774,2.5519793,0.1622750,0.2446364,2.5024749,0.1622750,0.1608953,2.4529706,0.1622750,0.0804075,2.5178842,0.1622750,-0.0000803,2.5827979,-0.1622750,0.3283774,2.5519793,-0.1622750,0.2446364,2.5024749,-0.1622750,0.1608953,2.4529706,-0.1622750,0.0804075,2.5178842,-0.1622750,-0.0000803,2.5827979,0.1622750,0.3538933,2.2312262,0.1622750,0.2056140,2.0980398,0.1622750,0.1050261,2.1240199,0.1622750,0.0044381,2.1500000,-0.1622750,0.3538933,2.2312262,-0.1622750,0.2056140,2.0980398,-0.1622750,0.1050261,2.1240199,-0.1622750,0.0044381,2.1500000
-0.0000000,0.3564415,2.2491913,0.0000000,0.3466998,2.3560037,0.0000000,0.3369580,2.4628160,0.0000000,0.3272163,2.5696283,0.0000000,0.3272163,2.5696283,0.0000000,0.3272163,2.5696283,0.1622750,0.3272163,2.5696283,0.1622750,0.2464227,2.5148830,0.1622750,0.1656292,2.4601377,0.1622750,0.0827664,2.5214549,0.1622750,-0.0000964,2.5827721,-0.1622750,0.3272163,2.5696283,-0.1622750,0.2464227,2.5148830,-0.1622750,0.1656292,2.4601377,-0.1622750,0.0827664,2.5214549,-0.1622750,-0.0000964,2.5827721,0.1622750,0.3564415,2.2491913,0.1622750,0.2101587,2.1136303,0.1622750,0.1079235,2.1317311,0.1622750,0.0056883,2.1498319,-0.1622750,0.3564415,2.2491913,-0.1622750,0.2101587,2.1136303,-0.1622750,0.1079235,2.1317311,-0.1622750,0.0056883,2.1498319
0.0000000,0.3593139,2.2672129,0.0000000,0.3483171,2.3739040,0.0000000,0.3373203,2.4805951,0.0000000,0.3263236,2.5872862,0.0000000,0.3263236,2.5872862,0.0000000,0.3263236,2.5872862,0.1622750,0.3263236,2.5872862,0.1622750,0.2485038,2.5278480,0.1622750,0.1706840,2.4684099,0.1622750,0.0852916,2.5255910,0.1622750,-0.0001009,2.5827721,-0.1622750,0.3263236,2.5872862,-0.1622750,0.2485038,2.5278480,-0.1622750,0.1706840,2.4684099,-0.1622750,0.0852916,2.5255910,-0.1622750,-0.0001009,2.5827721,0.1622750,0.3593139,2.2672129,0.1622750,0.2141805,2.1303089,0.1622750,0.1108175,2.1401614,0.1622750,0.0074545,2.1500140,-0.1622750,0.3593139,2.2672129,-0.1622750,0.2141805,2.1303089,-0.1622750,0.1108175,2.1401614,-0.1622750,0.0074545,2.1500140
0.0000000,0.3625941,2.2853336,0.0000000,0.3504039,2.3918947,0.0000000,0.3382137,2.4984559,0.0000000,0.3260235,2.6050170,0.0000000,0.3260235,2.6050170,0.0000000,0.3260235,2.6050170,0.1622750,0.3260235,2.6050170,0.1622750,0.2510493,2.5415369,0.1622750,0.1760752,2.4780568,0.1622750,0.0880049,2.5303962,0.1622750,-0.0000654,2.5827356,-0.1622750,0.3260235,2.6050170,-0.1622750,0.2510493,2.5415369,-0.1622750,0.1760752,2.4780568,-0.1622751,0.0880049,2.5303962,-0.1622751,-0.0000654,2.5827356,0.1622750,0.3625941,2.2853336,0.1622750,0.2176787,2.1483888,0.1622750,0.1136917,2.1501531,0.1622750,0.0097047,2.1519174,-0.1622750,0.3625941,2.2853336,-0.1622750,0.2176787,2.1483888,-0.1622750,0.1136917,2.1501531,-0.1622750,0.0097047,2.1519174
0.0000000,0.3677521,2.3036055,0.0000000,0.3545067,2.4100406,0.0000000,0.3412614,2.5164757,0.0000000,0.3280160,2.6229107,0.0000000,0.3280160,2.6229107,0.0000000,0.3280160,2.6229107,0.1622750,0.3280160,2.6229107,0.1622750,0.2550105,2.5566525,0.1622750,0.1820050,2.4903943,0.1622750,0.0909220,2.5365751,0.1622750,-0.0001610,2.5827559,-0.1622750,0.3280160,2.6229107,-0.1622750,0.2550105,2.5566525,-0.1622750,0.1820050,2.4903943,-0.1622750,0.0909220,2.5365751,-0.1622750,-0.0001610,2.5827559,0.1622750,0.3677521,2.3036055,0.1622750,0.2249879,2.1645080,0.1622750,0.1208664,2.1588368,0.1622750,0.0167449,2.1531655,-0.1622750,0.3677521,2.3036055,-0.1622750,0.2249879,2.1645080,-0.1622750,0.1208664,2.1588368,-0.1622750,0.0167449,2.1531655
0.0000000,0.3757038,2.3220557,0.0000000,0.3616067,2.4283814,0.0000000,0.3475095,2.5347072,0.0000000,0.3334123,2.6410329,0.0000000,0.3334123,2.6410329,0.0000000,0.3334123,2.6410329,0.1622750,0.3334123,2.6410329,0.1622750,0.2609678,2.5736135,0.1622750,0.1885233,2.5061940,0.1622750,0.0941683,2.5444706,0.1622750,-0.0001867,2.5827472,-0.1622750,0.3334123,2.6410329,-0.1622750,0.2609678,2.5736135,-0.1622750,0.1885233,2.5061940,-0.1622750,0.0941683,2.5444706,-0.1622750,-0.0001867,2.5827472,0.1622750,0.3757038,2.3220557,0.1622750,0.2384160,2.1772921,0.1622750,0.1345353,2.1652252,0.1622750,0.0306545,2.1531583,-0.1622750,0.3757038,2.3220557,-0.1622750,0.2384160,2.1772921,-0.1622750,0.1345353,2.1652252,-0.1622750,0.0306545,2.1531583
0.0000000,0.3867259,2.3406694,0.0000000,0.3720466,2.4469166,0.0000000,0.3573673,2.5531638,0.0000000,0.3426880,2.6594111,0.0000000,0.3426880,2.6594111,0.0000000,0.3426880,2.6594111,0.1622750,0.3426880,2.6594111,0.1622750,0.2692410,2.5926125,0.1622750,0.1957940,2.5258139,0.1622750,0.0982767,2.5542304,0.1622750,0.0007595,2.5826468,-0.1622750,0.3426880,2.6594111,-0.1622750,0.2692410,2.5926125,-0.1622750,0.1957940,2.5258139,-0.1622750,0.0982767,2.5542304,-0.1622750,0.0007595,2.5826468,0.1622750,0.3867259,2.3406694,0.1622750,0.2544679,2.1910807,0.1622750,0.1511405,2.1736572,0.1622750,0.0478131,2.1562336,-0.1622750,0.3867259,2.3406694,-0.1622750,0.2544679,2.1910807,-0.1622750,0.1511405,2.1736572,-0.1622750,0.0478131,2.1562336
0.0000000,0.4000744,2.3594129,0.0000000,0.3851545,2.4656268,0.0000000,0.3702346,2.5718406,0.0000000,0.3553146,2.6780545,0.0000000,0.3553146,2.6780545,0.0000000,0.3553146,2.6780545,0.1622750,0.3553146,2.6780545,0.1622750,0.2795865,2.6135453,0.1622750,0.2038583,2.5490362,0.1622750,0.1037046,2.5661629,0.1622750,0.0035510,2.5832897,-0.1622750,0.3553146,2.6780545,-0.1622750,0.2795865,2.6135453,-0.1622750,0.2038583,2.5490362,-0.1622750,0.1037046,2.5661629,-0.1622750,0.0035510,2.5832897,0.1622750,0.4000744,2.3594129,0.1622750,0.2714396,2.2066090,0.1622750,0.1687032,2.1854825,0.1622750,0.0659668,2.1643561,-0.1622750,0.4000744,2.3594129,-0.1622750,0.2714396,2.2066090,-0.1622750,0.1687032,2.1854825,-0.1622750,0.0659668,2.1643561
0.0000000,0.4142300,2.3782448,0.0000000,0.3995551,2.4844927,0.0000000,0.3848802,2.5907406,0.0000000,0.3702053,2.6969885,0.0000000,0.3702053,2.6969885,0.0000000,0.3702053,2.6969885,0.1622750,0.3702053,2.6969885,0.1622750,0.2910567,2.6368460,0.1622750,0.2119081,2.5767035,0.1622750,0.1097022,2.5811972,0.1622750,0.0074963,2.5856909,-0.1622750,0.3702053,2.6969885,-0.1622750,0.2910567,2.6368460,-0.1622750,0.2119081,2.5767035,-0.1622750,0.1097022,2.5811972,-0.1622750,0.0074963,2.5856909,0.1622750,0.4142300,2.3782448,0.1622750,0.2873536,2.2239816,0.1622750,0.1848517,2.2019628,0.1622750,0.0823498,2.1799441,-0.1622750,0.4142300,2.3782448,-0.1622750,0.2873536,2.2239816,-0.1622750,0.1848517,2.2019628,-0.1622750,0.0823498,2.1799441
0.0000000,0.4279322,2.3971110,0.0000000,0.4139389,2.5034502,0.0000000,0.3999456,2.6097895,-0.0000000,0.3859523,2.7161287,-0.0000000,0.3859523,2.7161287,-0.0000000,0.3859523,2.7161287,0.1622750,0.3859523,2.7161287,0.1622750,0.3052025,2.6583158,0.1622750,0.2244527,2.6005029,0.1622750,0.1213858,2.5974256,0.1622750,0.0183188,2.5943482,-0.1622750,0.3859523,2.7161287,-0.1622750,0.3052025,2.6583158,-0.1622750,0.2244527,2.6005029,-0.1622750,0.1213858,2.5974256,-0.1622751,0.0183188,2.5943482,0.1622750,0.4279322,2.3971110,0.1622750,0.3034534,2.2409881,0.1622750,0.2004110,2.2221002,0.1622750,0.0973687,2.2032124,-0.1622750,0.4279322,2.3971110,-0.1622750,0.3034534,2.2409881,-0.1622750,0.2004110,2.2221002,-0.1622750,0.0973687,2.2032124
0.0000000,0.4400902,2.4159717,0.0000000,0.4271585,2.5224448,0.0000000,0.4142269,2.6289178,0.0000000,0.4012952,2.7353909,0.0000000,0.4012952,2.7353909,0.0000000,0.4012952,2.7353909,0.1622750,0.4012952,2.7353909,0.1622750,0.3221536,2.6753987,0.1622750,0.2430120,2.6154066,0.1622750,0.1393622,2.6135363,0.1622750,0.0357124,2.6116661,-0.1622750,0.4012952,2.7353909,-0.1622750,0.3221536,2.6753987,-0.1622750,0.2430120,2.6154066,-0.1622750,0.1393622,2.6135363,-0.1622750,0.0357124,2.6116661,0.1622750,0.4400902,2.4159717,0.1622750,0.3200881,2.2565038,0.1622750,0.2159234,2.2454554,0.1622750,0.1117587,2.2344070,-0.1622750,0.4400902,2.4159717,-0.1622750,0.3200881,2.2565038,-0.1622750,0.2159234,2.2454554,-0.1622750,0.1117587,2.2344070
0.0000000,0.4495586,2.4347728,0.0000000,0.4379765,2.5414007,0.0000000,0.4263945,2.6480287,0.0000000,0.4148124,2.7546567,0.0000000,0.4148124,2.7546567,0.0000000,0.4148124,2.7546567,0.1622750,0.4148124,2.7546567,0.1622750,0.3387094,2.6909547,0.1622750,0.2626065,2.6272527,0.1622750,0.1584018,2.6304762,0.1622750,0.0541971,2.6336998,-0.1622750,0.4148124,2.7546567,-0.1622750,0.3387094,2.6909547,-0.1622750,0.2626065,2.6272527,-0.1622750,0.1584018,2.6304762,-0.1622750,0.0541971,2.6336998,0.1622750,0.4495586,2.4347728,0.1622750,0.3343479,2.2718968,0.1622750,0.2295448,2.2729384,0.1622750,0.1247417,2.2739800,-0.1622750,0.4495586,2.4347728,-0.1622750,0.3343479,2.2718968,-0.1622750,0.2295448,2.2729384,-0.1622750,0.1247417,2.2739800
0.0000000,0.4559000,2.4535137,0.0000000,0.4458781,2.5603005,0.0000000,0.4358561,2.6670873,0.0000000,0.4258342,2.7738741,0.0000000,0.4258342,2.7738741,0.0000000,0.4258342,2.7738741,0.1622750,0.4258342,2.7738741,0.1622750,0.3536061,2.7059598,0.1622750,0.2813780,2.6380456,0.1622750,0.1772106,2.6489533,0.1622750,0.0730432,2.6598609,-0.1622750,0.4258342,2.7738741,-0.1622750,0.3536061,2.7059598,-0.1622750,0.2813780,2.6380456,-0.1622750,0.1772106,2.6489533,-0.1622750,0.0730432,2.6598609,0.1622750,0.4559000,2.4535137,0.1622750,0.3443611,2.2880775,0.1622750,0.2406769,2.3041967,0.1622750,0.1369928,2.3203159,-0.1622750,0.4559000,2.4535137,-0.1622750,0.3443611,2.2880775,-0.1622750,0.2406769,2.3041967,-0.1622750,0.1369928,2.3203159
0.0000000,0.4585611,2.4722151,0.0000000,0.4502361,2.5791472,0.0000000,0.4419111,2.6860793,0.0000000,0.4335861,2.7930114,0.0000000,0.4335861,2.7930114,0.0000000,0.4335861,2.7930114,0.1622750,0.4335861,2.7930114,0.1622750,0.3655930,2.7208463,0.1622750,0.2975998,2.6486813,0.1622750,0.1948095,2.6696532,0.1622750,0.0920192,2.6906252,-0.1622750,0.4335861,2.7930114,-0.1622750,0.3655930,2.7208463,-0.1622750,0.2975998,2.6486813,-0.1622750,0.1948095,2.6696532,-0.1622750,0.0920192,2.6906252,0.1622750,0.4585611,2.4722151,0.1622750,0.3472412,2.3064030,0.1622750,0.2473829,2.3383616,0.1622750,0.1475245,2.3703201,-0.1622750,0.4585611,2.4722151,-0.1622750,0.3472412,2.3064030,-0.1622750,0.2473829,2.3383616,-0.1622750,0.1475245,2.3703201
0.0000000,0.4588317,2.4909337,0.0000000,0.4522462,2.5979858,0.0000000,0.4456607,2.7050380,0.0000000,0.4390752,2.8120902,0.0000000,0.4390752,2.8120902,0.0000000,0.4390752,2.8120902,0.1622750,0.4390752,2.8120902,0.1622750,0.3747366,2.7365443,0.1622750,0.3103979,2.6609985,0.1622750,0.2105500,2.6931451,0.1622750,0.1107020,2.7252918,-0.1622750,0.4390752,2.8120902,-0.1622750,0.3747366,2.7365443,-0.1622750,0.3103979,2.6609985,-0.1622750,0.2105500,2.6931451,-0.1622750,0.1107020,2.7252918,0.1622750,0.4588317,2.4909337,0.1622750,0.3437633,2.3275018,0.1622750,0.2498963,2.3737376,0.1622750,0.1560294,2.4199734,-0.1622750,0.4588317,2.4909337,-0.1622750,0.3437633,2.3275018,-0.1622750,0.2498963,2.3737376,-0.1622750,0.1560294,2.4199734
0.0000000,0.4578097,2.5096987,0.0000000,0.4529198,2.6168416,0.0000000,0.4480299,2.7239845,0.0000000,0.4431400,2.8311274,0.0000000,0.4431400,2.8311274,0.0000000,0.4431400,2.8311274,0.1622750,0.4431400,2.8311274,0.1622750,0.3810654,2.7535604,0.1622750,0.3189908,2.6759933,0.1622750,0.2234946,2.7193082,0.1622750,0.1279983,2.7626230,-0.1622750,0.4431400,2.8311274,-0.1622750,0.3810654,2.7535604,-0.1622750,0.3189908,2.6759933,-0.1622750,0.2234946,2.7193082,-0.1622750,0.1279983,2.7626230,0.1622750,0.4578097,2.5096987,0.1622750,0.3350575,2.3518935,0.1622750,0.2479384,2.4095753,0.1622750,0.1608193,2.4672571,-0.1622750,0.4578097,2.5096987,-0.1622750,0.3350575,2.3518935,-0.1622750,0.2479384,2.4095753,-0.1622750,0.1608193,2.4672571
0.0000000,0.4560935,2.5284675,0.0000000,0.4527583,2.6356706,0.0000000,0.4494232,2.7428737,0.0000000,0.4460880,2.8500768,0.0000000,0.4460880,2.8500768,0.0000000,0.4460880,2.8500768,0.1622750,0.4460880,2.8500768,0.1622750,0.3847685,2.7717613,0.1622750,0.3234490,2.6934459,0.1622750,0.2333786,2.7471366,0.1622750,0.1433083,2.8008273,-0.1622750,0.4460880,2.8500768,-0.1622750,0.3847685,2.7717613,-0.1622750,0.3234490,2.6934459,-0.1622750,0.2333786,2.7471366,-0.1622750,0.1433083,2.8008273,0.1622750,0.4560935,2.5284675,0.1622750,0.3228890,2.3794196,0.1622750,0.2427173,2.4463336,0.1622750,0.1625456,2.5132475,-0.1622750,0.4560935,2.5284675,-0.1622750,0.3228890,2.3794196,-0.1622750,0.2427173,2.4463336,-0.1622750,0.1625456,2.5132475
0.0000000,0.4539662,2.5472245,0.0000000,0.4520168,2.6544628,0.0000000,0.4500674,2.7617010,0.0000000,0.4481180,2.8689393,0.0000000,0.4481180,2.8689393,0.0000000,0.4481180,2.8689393,0.1622750,0.4481180,2.8689393,0.1622750,0.3859538,2.7911582,0.1622750,0.3237896,2.7133771,0.1622750,0.2399606,2.7764250,0.1622750,0.1561316,2.8394728,-0.1622750,0.4481180,2.8689393,-0.1622750,0.3859538,2.7911582,-0.1622750,0.3237896,2.7133771,-0.1622750,0.2399606,2.7764250,-0.1622750,0.1561316,2.8394728,0.1622750,0.4539662,2.5472245,0.1622751,0.3085575,2.4100953,0.1622751,0.2353052,2.4845506,0.1622751,0.1620529,2.5590059,-0.1622750,0.4539662,2.5472245,-0.1622750,0.3085575,2.4100953,-0.1622750,0.2353052,2.4845506,-0.1622750,0.1620529,2.5590059
0.0000000,0.4515427,2.5659572,0.0000000,0.4508042,2.6732109,0.0000000,0.4500658,2.7804646,0.0000000,0.4493273,2.8877183,0.0000000,0.4493273,2.8877183,0.0000000,0.4493273,2.8877183,0.1622750,0.4493273,2.8877183,0.1622750,0.3846670,2.8118835,0.1622750,0.3200066,2.7360488,0.1622750,0.2431596,2.8074615,0.1622750,0.1663126,2.8788742,-0.1622750,0.4493273,2.8877183,-0.1622750,0.3846670,2.8118835,-0.1622750,0.3200066,2.7360488,-0.1622750,0.2431596,2.8074615,-0.1622750,0.1663126,2.8788742,0.1622750,0.4515427,2.5659572,0.1622750,0.2931155,2.4442775,0.1622750,0.2272425,2.5253586,0.1622750,0.1613695,2.6064397,-0.1622750,0.4515427,2.5659572,-0.1622750,0.2931155,2.4442775,-0.1622750,0.2272425,2.5253586,-0.1622750,0.1613695,2.6064397
0.0000000,0.4484422,2.5846752,0.0000000,0.4487971,2.6919305,0.0000000,0.4491520,2.7991858,0.0000000,0.4495069,2.9064412,0.0000000,0.4495069,2.9064412,0.0000000,0.4495069,2.9064412,0.1622750,0.4495069,2.9064412,0.1622750,0.3809024,2.8340845,0.1622750,0.3122980,2.7617279,0.1622750,0.2433188,2.8407336,0.1622750,0.1743396,2.9197393,-0.1622750,0.4495069,2.9064412,-0.1622750,0.3809024,2.8340845,-0.1622750,0.3122980,2.7617279,-0.1622750,0.2433188,2.8407336,-0.1622750,0.1743396,2.9197393,0.1622750,0.4484422,2.5846752,0.1622750,0.2782620,2.4803475,0.1622750,0.2193303,2.5666525,0.1622750,0.1603987,2.6529574,-0.1622750,0.4484422,2.5846752,-0.1622750,0.2782620,2.4803475,-0.1622750,0.2193303,2.5666525,-0.1622750,0.1603987,2.6529574
0.0000000,0.4444557,2.6033857,0.0000000,0.4458317,2.7106328,0.0000000,0.4472077,2.8178798,0.0000000,0.4485837,2.9251269,0.0000000,0.4485837,2.9251269,0.0000000,0.4485837,2.9251269,0.1622750,0.4485837,2.9251269,0.1622750,0.3749995,2.8577951,0.1622750,0.3014153,2.7904632,0.1622750,0.2412336,2.8763712,0.1622750,0.1810519,2.9622792,-0.1622750,0.4485837,2.9251269,-0.1622750,0.3749995,2.8577951,-0.1622750,0.3014153,2.7904632,-0.1622750,0.2412336,2.8763712,-0.1622750,0.1810519,2.9622792,0.1622750,0.4444557,2.6033857,0.1622750,0.2648600,2.5162178,0.1622750,0.2116977,2.6062987,0.1622750,0.1585354,2.6963796,-0.1622750,0.4444557,2.6033857,-0.1622750,0.2648600,2.5162178,-0.1622750,0.2116977,2.6062987,-0.1622750,0.1585354,2.6963796
0.0000000,0.4396943,2.6220678,0.0000000,0.4419697,2.7292999,0.0000000,0.4442450,2.8365320,-0.0000000,0.4465204,2.9437640,-0.0000000,0.4465204,2.9437640,-0.0000000,0.4465204,2.9437640,0.1622750,0.4465204,2.9437640,0.1622750,0.3675155,2.8828499,0.1622750,0.2885107,2.8219358,0.1622750,0.2375174,2.9136224,0.1622750,0.1865241,3.0053090,-0.1622750,0.4465204,2.9437640,-0.1622750,0.3675155,2.8828499,-0.1622750,0.2885107,2.8219358,-0.1622750,0.2375174,2.9136224,-0.1622750,0.1865241,3.0053090,0.1622750,0.4396943,2.6220678,0.1622750,0.2537973,2.5487801,0.1622750,0.2053333,2.6415800,0.1622750,0.1568693,2.7343799,-0.1622750,0.4396943,2.6220678,-0.1622750,0.2537973,2.5487801,-0.1622750,0.2053333,2.6415800,-0.1622750,0.1568693,2.7343799
0.0000000,0.4342215,2.6407193,0.0000000,0.4372784,2.7479321,0.0000000,0.4403353,2.8551449,0.0000000,0.4433921,2.9623577,0.0000000,0.4433921,2.9623577,0.0000000,0.4433921,2.9623577,0.1622750,0.4433921,2.9623577,0.1622750,0.3590685,2.9089868,0.1622750,0.2747449,2.8556160,0.1622750,0.2328426,2.9518217,0.1622750,0.1909403,3.0480274,-0.1622750,0.4433921,2.9623577,-0.1622750,0.3590685,2.9089868,-0.1622750,0.2747449,2.8556160,-0.1622750,0.2328426,2.9518217,-0.1622750,0.1909403,3.0480274,0.1622750,0.4342215,2.6407193,0.1622750,0.2443450,2.5780059,0.1622750,0.1981643,2.6720768,0.1622750,0.1519837,2.7661476,-0.1622750,0.4342215,2.6407193,-0.1622750,0.2443450,2.5780059,-0.1622750,0.1981643,2.6720768,-0.1622750,0.1519837,2.7661476
0.0000000,0.4280741,2.6593431,0.0000000,0.4318184,2.7665344,0.0000000,0.4355628,2.8737256,0.0000000,0.4393071,2.9809169,0.0000000,0.4393071,2.9809169,0.0000000,0.4393071,2.9809169,0.1622750,0.4393071,2.9809169,0.1622750,0.3502978,2.9357796,0.1622750,0.2612885,2.8906423,0.1622750,0.2277941,2.9900682,0.1622750,0.1942998,3.0894942,-0.1622750,0.4393071,2.9809169,-0.1622750,0.3502978,2.9357796,-0.1622750,0.2612885,2.8906423,-0.1622750,0.2277941,2.9900682,-0.1622750,0.1942998,3.0894942,0.1622750,0.4280741,2.6593431,0.1622750,0.2352640,2.6062828,0.1622750,0.1854699,2.6985910,0.1622750,0.1356758,2.7908991,-0.1622750,0.4280741,2.6593431,-0.1622750,0.2352640,2.6062828,-0.1622750,0.1854699,2.6985910,-0.1622750,0.1356758,2.7908991
-0.0000000,0.4214217,2.6779462,0.0000000,0.4257834,2.7851139,0.0000000,0.4301451,2.8922816,0.0000000,0.4345067,2.9994493,0.0000000,0.4345067,2.9994493,0.0000000,0.4345067,2.9994493,0.1622750,0.4345067,2.9994493,0.1622750,0.3417818,2.9625695,0.1622750,0.2490568,2.9256896,0.1622750,0.2226063,3.0271732,0.1622750,0.1961557,3.1286567,-0.1622750,0.4345067,2.9994493,-0.1622750,0.3417818,2.9625695,-0.1622750,0.2490568,2.9256896,-0.1622750,0.2226063,3.0271732,-0.1622750,0.1961557,3.1286567,0.1622750,0.4214217,2.6779462,0.1622750,0.2260712,2.6354968,0.1622750,0.1686461,2.7232688,0.1622750,0.1112209,2.8110407,-0.1622750,0.4214217,2.6779462,-0.1622750,0.2260712,2.6354968,-0.1622750,0.1686461,2.7232688,-0.1622750,0.1112209,2.8110407
-0.0000000,0.4144614,2.6965331,-0.0000000,0.4193914,2.8036762,0.0000000,0.4243213,2.9108192,0.0000000,0.4292512,3.0179622,0.0000000,0.4292512,3.0179622,0.0000000,0.4292512,3.0179622,0.1622750,0.4292512,3.0179622,0.1622750,0.3337918,2.9887075,0.1622750,0.2383324,2.9594528,0.1622750,0.2171550,3.0621492,0.1622750,0.1959775,3.1648457,-0.1622750,0.4292512,3.0179622,-0.1622750,0.3337918,2.9887075,-0.1622750,0.2383324,2.9594528,-0.1622750,0.2171550,3.0621492,-0.1622750,0.1959775,3.1648457,0.1622750,0.4144614,2.6965331,0.1622750,0.2167773,2.6667794,0.1622750,0.1499573,2.7475966,0.1622750,0.0831373,2.8284137,-0.1622750,0.4144614,2.6965331,-0.1622750,0.2167773,2.6667794,-0.1622750,0.1499573,2.7475966,-0.1622750,0.0831373,2.8284137
-0.0000000,0.4073241,2.7150883,-0.0000000,0.4127352,2.8222082,-0.0000000,0.4181463,2.9293281,-0.0000000,0.4235575,3.0364480,-0.0000000,0.4235575,3.0364480,-0.0000000,0.4235575,3.0364480,0.1622750,0.4235575,3.0364480,0.1622750,0.3262655,3.0137046,0.1622750,0.2289735,2.9909612,0.1622750,0.2112656,3.0942711,0.1622750,0.1935577,3.1975810,-0.1622750,0.4235575,3.0364480,-0.1622750,0.3262655,3.0137046,-0.1622750,0.2289735,2.9909612,-0.1622750,0.2112656,3.0942711,-0.1622750,0.1935577,3.1975810,0.1622750,0.4073241,2.7150883,0.1622750,0.2082195,2.6966707,0.1622750,0.1330626,2.7697106,0.1622750,0.0579058,2.8427504,-0.1622750,0.4073241,2.7150883,-0.1622750,0.2082195,2.6966707,-0.1622750,0.1330626,2.7697106,-0.1622750,0.0579058,2.8427504
0.0000000,0.4001442,2.7335994,0.0000000,0.4059244,2.8407003,0.0000000,0.4117045,2.9478012,-0.0000000,0.4174846,3.0549021,-0.0000000,0.4174846,3.0549021,-0.0000000,0.4174846,3.0549021,0.1622750,0.4174846,3.0549021,0.1622750,0.3190645,3.0373639,0.1622750,0.2206443,3.0198258,0.1622750,0.2044344,3.1232759,0.1622750,0.1882245,3.2267260,-0.1622750,0.4174846,3.0549021,-0.1622750,0.3190645,3.0373639,-0.1622750,0.2206443,3.0198258,-0.1622750,0.2044344,3.1232759,-0.1622750,0.1882245,3.2267260,0.1622750,0.4001442,2.7335994,0.1622750,0.2004142,2.7234251,0.1622750,0.1189873,2.7891048,0.1622750,0.0375603,2.8547845,-0.1622750,0.4001442,2.7335994,-0.1622750,0.2004142,2.7234251,-0.1622750,0.1189873,2.7891048,-0.1622750,0.0375603,2.8547845
0.0000000,0.3930221,2.7520633,0.0000000,0.3990545,2.8591501,0.0000000,0.4050869,2.9662370,-0.0000000,0.4111193,3.0733238,-0.0000000,0.4111193,3.0733238,-0.0000000,0.4111193,3.0733238,0.1622750,0.4111193,3.0733238,0.1622750,0.3120819,3.0595650,0.1622750,0.2130444,3.0458061,0.1622750,0.1963498,3.1489419,0.1622750,0.1796552,3.2520777,-0.1622750,0.4111193,3.0733238,-0.1622750,0.3120819,3.0595650,-0.1622750,0.2130444,3.0458061,-0.1622750,0.1963498,3.1489419,-0.1622750,0.1796552,3.2520777,0.1622750,0.3930221,2.7520633,0.1622750,0.1931628,2.7454345,0.1622750,0.1075563,2.8052623,0.1622750,0.0219497,2.8650902,-0.1622750,0.3930221,2.7520633,-0.1622750,0.1931628,2.7454345,-0.1622750,0.1075563,2.8052623,-0.1622750,0.0219497,2.8650902
0.0000000,0.3863404,2.7704098,0.0000000,0.3923345,2.8774988,-0.0000000,0.3983285,2.9845877,-0.0000000,0.4043226,3.0916767,-0.0000000,0.4043226,3.0916767,-0.0000000,0.4043226,3.0916767,0.1622750,0.4043226,3.0916767,0.1622750,0.3049233,3.0808384,0.1622750,0.2055241,3.0700001,0.1622750,0.1845600,3.1719147,0.1622750,0.1635958,3.2738293,-0.1622750,0.4043226,3.0916767,-0.1622750,0.3049233,3.0808384,-0.1622750,0.2055241,3.0700001,-0.1622750,0.1845600,3.1719147,-0.1622750,0.1635958,3.2738293,0.1622750,0.3863404,2.7704098,0.1622750,0.1869240,2.7610010,0.1622750,0.0991507,2.8176442,0.1622750,0.0113775,2.8742875,-0.1622750,0.3863404,2.7704098,-0.1622750,0.1869240,2.7610010,-0.1622750,0.0991507,2.8176442,-0.1622750,0.0113775,2.8742875
0.0000000,0.3803755,2.7885960,0.0000000,0.3859309,2.8957082,0.0000000,0.3914864,3.0028205,-0.0000000,0.3970419,3.1099328,-0.0000000,0.3970419,3.1099328,-0.0000000,0.3970419,3.1099328,0.1622750,0.3970419,3.1099328,0.1622750,0.2973861,3.1017822,0.1622750,0.1977303,3.0936316,0.1622750,0.1680746,3.1927330,0.1622750,0.1384189,3.2918344,-0.1622750,0.3970419,3.1099328,-0.1622750,0.2973861,3.1017822,-0.1622750,0.1977303,3.0936316,-0.1622750,0.1680746,3.1927330,-0.1622750,0.1384189,3.2918344,0.1622750,0.3803755,2.7885960,0.1622750,0.1826644,2.7700373,0.1622750,0.0944472,2.8264232,0.1622750,0.0062300,2.8828091,-0.1622750,0.3803755,2.7885960,-0.1622750,0.1826644,2.7700373,-0.1622750,0.0944472,2.8264232,-0.1622750,0.0062300,2.8828091
0.0000000,0.3752939,2.8066188,0.0000000,0.3799659,2.9137727,0.0000000,0.3846379,3.0209266,0.0000000,0.3893099,3.1280805,0.0000000,0.3893099,3.1280805,0.0000000,0.3893099,3.1280805,0.1622750,0.3893099,3.1280805,0.1622750,0.2894385,3.1232792,0.1622750,0.1895670,3.1184779,0.1622750,0.1489158,3.2126195,0.1622750,0.1082646,3.3067611,-0.1622750,0.3893099,3.1280805,-0.1622750,0.2894385,3.1232792,-0.1622750,0.1895670,3.1184779,-0.1622750,0.1489158,3.2126195,-0.1622751,0.1082646,3.3067611,0.1622750,0.3752939,2.8066188,0.1622750,0.1801247,2.7781742,0.1622750,0.0917869,2.8345406,0.1622750,0.0034491,2.8909069,-0.1622750,0.3752939,2.8066188,-0.1622750,0.1801247,2.7781742,-0.1622750,0.0917869,2.8345406,-0.1622750,0.0034491,2.8909069
0.0000000,0.3711248,2.8244950,0.0000000,0.3745124,2.9316974,0.0000000,0.3779000,3.0388999,0.0000000,0.3812877,3.1461023,0.0000000,0.3812877,3.1461023,0.0000000,0.3812877,3.1461023,0.1622750,0.3812877,3.1461023,0.1622750,0.2813034,3.1445665,0.1622750,0.1813192,3.1430306,0.1622750,0.1297746,3.2305944,0.1622750,0.0782300,3.3181581,-0.1622750,0.3812877,3.1461023,-0.1622750,0.2813034,3.1445665,-0.1622750,0.1813192,3.1430306,-0.1622750,0.1297746,3.2305944,-0.1622751,0.0782300,3.3181581,0.1622750,0.3711248,2.8244950,0.1622750,0.1787179,2.7857745,0.1622750,0.0901182,2.8416136,0.1622750,0.0015184,2.8974528,-0.1622750,0.3711248,2.8244950,-0.1622750,0.1787179,2.7857745,-0.1622750,0.0901182,2.8416136,-0.1622750,0.0015184,2.8974528
0.0000000,0.3677963,2.8422466,0.0000000,0.3696201,2.9494873,0.0000000,0.3714440,3.0567280,0.0000000,0.3732679,3.1639687,0.0000000,0.3732679,3.1639687,0.0000000,0.3732679,3.1639687,0.1622750,0.3732679,3.1639687,0.1622750,0.2733258,3.1628405,0.1622750,0.1733836,3.1617123,0.1622750,0.1143201,3.2440810,0.1622750,0.0552566,3.3264496,-0.1622750,0.3732679,3.1639687,-0.1622750,0.2733258,3.1628405,-0.1622750,0.1733836,3.1617123,-0.1622750,0.1143201,3.2440810,-0.1622751,0.0552566,3.3264496,0.1622750,0.3677963,2.8422466,0.1622750,0.1787293,2.7886966,0.1622750,0.0898233,2.8437550,0.1622750,0.0009173,2.8988134,-0.1622750,0.3677963,2.8422466,-0.1622750,0.1787293,2.7886966,-0.1622750,0.0898233,2.8437550,-0.1622750,0.0009173,2.8988134
0.0000000,0.3652707,2.8599362,0.0000000,0.3653642,2.9671907,0.0000000,0.3654577,3.0744452,0.0000000,0.3655511,3.1816998,0.0000000,0.3655511,3.1816998,0.0000000,0.3655511,3.1816998,0.1622750,0.3655511,3.1816998,0.1622750,0.2660256,3.1788870,0.1622750,0.1665001,3.1760741,0.1622750,0.1023661,3.2553269,0.1622750,0.0382322,3.3345797,-0.1622750,0.3655511,3.1816998,-0.1622750,0.2660256,3.1788870,-0.1622750,0.1665001,3.1760741,-0.1622750,0.1023661,3.2553269,-0.1622750,0.0382322,3.3345797,0.1622750,0.3652707,2.8599362,0.1622750,0.1805051,2.7911890,0.1622750,0.0908842,2.8446570,0.1622750,0.0012634,2.8981250,-0.1622750,0.3652707,2.8599362,-0.1622750,0.1805051,2.7911890,-0.1622750,0.0908842,2.8446570,-0.1622750,0.0012634,2.8981250
0.0000000,0.3634000,2.8776270,0.0000000,0.3617261,2.9848680,0.0000000,0.3600523,3.0921091,0.0000000,0.3583784,3.1993502,0.0000000,0.3583784,3.1993502,0.0000000,0.3583784,3.1993502,0.1622750,0.3583784,3.1993502,0.1622750,0.2599958,3.1936416,0.1622750,0.1616133,3.1879330,0.1622750,0.0941046,3.2659386,0.1622750,0.0265959,3.3439442,-0.1622750,0.3583784,3.1993502,-0.1622750,0.2599958,3.1936416,-0.1622750,0.1616133,3.1879330,-0.1622750,0.0941046,3.2659386,-0.1622750,0.0265959,3.3439442,0.1622750,0.3634000,2.8776270,0.1622750,0.1832084,2.7966429,0.1622750,0.0922400,2.8473797,0.1622750,0.0012715,2.8981165,-0.1622750,0.3634000,2.8776270,-0.1622750,0.1832084,2.7966429,-0.1622750,0.0922400,2.8473797,-0.1622750,0.0012715,2.8981165
0.0000000,0.3623268,2.8954131,0.0000000,0.3589044,3.0026128,0.0000000,0.3554821,3.1098125,0.0000000,0.3520597,3.2170123,0.0000000,0.3520597,3.2170123,0.0000000,0.3520597,3.2170123,0.1622750,0.3520597,3.2170123,0.1622750,0.2551068,3.2067794,0.1622750,0.1581539,3.1965465,0.1622750,0.0889855,3.2738828,0.1622750,0.0198172,3.3512192,-0.1622750,0.3520597,3.2170123,-0.1622750,0.2551068,3.2067794,-0.1622750,0.1581539,3.1965465,-0.1622750,0.0889855,3.2738828,-0.1622750,0.0198172,3.3512192,0.1622750,0.3623268,2.8954131,0.1622750,0.1868030,2.8038689,0.1622750,0.0940004,2.8506799,0.1622750,0.0011978,2.8974908,-0.1622750,0.3623268,2.8954131,-0.1622750,0.1868030,2.8038689,-0.1622750,0.0940004,2.8506799,-0.1622750,0.0011978,2.8974908
0.0000000,0.3613837,2.9133550,0.0000000,0.3564728,3.0204984,0.0000000,0.3515620,3.1276418,0.0000000,0.3466512,3.2347852,0.0000000,0.3466512,3.2347852,0.0000000,0.3466512,3.2347852,0.1622750,0.3466512,3.2347852,0.1622750,0.2511254,3.2186331,0.1622750,0.1555997,3.2024809,0.1622750,0.0852580,3.2788920,0.1622750,0.0149164,3.3553032,-0.1622750,0.3466512,3.2347852,-0.1622750,0.2511254,3.2186331,-0.1622750,0.1555997,3.2024809,-0.1622750,0.0852580,3.2788920,-0.1622750,0.0149164,3.3553032,0.1622750,0.3613837,2.9133550,0.1622750,0.1904610,2.8127143,0.1622750,0.0958519,2.8553383,0.1622750,0.0012428,2.8979622,-0.1622750,0.3613837,2.9133550,-0.1622750,0.1904610,2.8127143,-0.1622750,0.0958519,2.8553383,-0.1622750,0.0012428,2.8979622
0.0000000,0.3585283,2.9315567,0.0000000,0.3530864,3.0386751,0.0000000,0.3476445,3.1457934,0.0000000,0.3422025,3.2529118,0.0000000,0.3422025,3.2529118,0.0000000,0.3422025,3.2529118,0.1622750,0.3422025,3.2529118,0.1622750,0.2484448,3.2302394,0.1622750,0.1546870,3.2075670,0.1622750,0.0804278,3.2806666,0.1622750,0.0061685,3.3537663,-0.1622750,0.3422025,3.2529118,-0.1622750,0.2484448,3.2302394,-0.1622750,0.1546870,3.2075670,-0.1622750,0.0804278,3.2806666,-0.1622750,0.0061685,3.3537663,0.1622750,0.3585283,2.9315567,0.1622750,0.1918095,2.8235354,0.1622750,0.0965583,2.8648308,0.1622750,0.0013070,2.9061263,-0.1622750,0.3585283,2.9315567,-0.1622750,0.1918095,2.8235354,-0.1622750,0.0965583,2.8648308,-0.1622750,0.0013070,2.9061263
0.0000000,0.3551085,2.9497659,0.0000000,0.3493253,3.0568661,0.0000000,0.3435420,3.1639663,0.0000000,0.3377588,3.2710664,0.0000000,0.3377588,3.2710664,0.0000000,0.3377588,3.2710664,0.1622750,0.3377588,3.2710664,0.1622750,0.2462105,3.2410313,0.1622750,0.1546622,3.2109961,0.1622750,0.0771550,3.2808556,0.1622750,-0.0003521,3.3507151,-0.1622750,0.3377588,3.2710664,-0.1622750,0.2462105,3.2410313,-0.1622750,0.1546622,3.2109961,-0.1622751,0.0771550,3.2808556,-0.1622751,-0.0003521,3.3507151,0.1622750,0.3551085,2.9497659,0.1622750,0.1932367,2.8342733,0.1622750,0.0973693,2.8744011,0.1622750,0.0015018,2.9145289,-0.1622750,0.3551085,2.9497659,-0.1622750,0.1932367,2.8342733,-0.1622750,0.0973693,2.8744011,-0.1622750,0.0015018,2.9145289
0.0000000,0.3524713,2.9677976,0.0000000,0.3458701,3.0748502,0.0000000,0.3392689,3.1819029,0.0000000,0.3326676,3.2889555,0.0000000,0.3326676,3.2889555,0.0000000,0.3326676,3.2889555,0.1622750,0.3326676,3.2889555,0.1622750,0.2438669,3.2507851,0.1622750,0.1550662,3.2126148,0.1622750,0.0771984,3.2816037,0.1622750,-0.0006695,3.3505926,-0.1622750,0.3326676,3.2889555,-0.1622750,0.2438669,3.2507851,-0.1622750,0.1550662,3.2126148,-0.1622751,0.0771984,3.2816037,-0.1622751,-0.0006695,3.3505926,0.1622750,0.3524713,2.9677976,0.1622750,0.1969387,2.8436061,0.1622750,0.0996852,2.8803522,0.1622750,0.0024316,2.9170984,-0.1622750,0.3524713,2.9677976,-0.1622750,0.1969387,2.8436061,-0.1622750,0.0996852,2.8803522,-0.1622750,0.0024316,2.9170984
0.0000000,0.3523281,2.9857641,0.0000000,0.3446960,3.0927480,0.0000000,0.3370639,3.1997319,0.0000000,0.3294318,3.3067158,0.0000000,0.3294318,3.3067158,0.0000000,0.3294318,3.3067158,0.1622750,0.3294318,3.3067158,0.1622750,0.2435577,3.2615190,0.1622750,0.1576835,3.2163223,0.1622750,0.0788060,3.2835645,0.1622750,-0.0000715,3.3508067,-0.1622750,0.3294318,3.3067158,-0.1622750,0.2435577,3.2615190,-0.1622750,0.1576835,3.2163223,-0.1622750,0.0788060,3.2835645,-0.1622750,-0.0000715,3.3508067,0.1622750,0.3523281,2.9857641,0.1622750,0.2017670,2.8553147,0.1622750,0.1026527,2.8866216,0.1622750,0.0035385,2.9179286,-0.1622750,0.3523281,2.9857641,-0.1622750,0.2017670,2.8553147,-0.1622750,0.1026527,2.8866216,-0.1622750,0.0035385,2.9179286
0.0000000,0.3545454,3.0037123,0.0000000,0.3457387,3.1106061,0.0000000,0.3369321,3.2174999,0.0000000,0.3281254,3.3243937,0.0000000,0.3281254,3.3243937,0.0000000,0.3281254,3.3243937,0.1622750,0.3281254,3.3243937,0.1622750,0.2450936,3.2735328,0.1622750,0.1620618,3.2226718,0.1622750,0.0809839,3.2867299,0.1622750,-0.0000939,3.3507881,-0.1622750,0.3281254,3.3243937,-0.1622750,0.2450936,3.2735328,-0.1622750,0.1620618,3.2226718,-0.1622750,0.0809839,3.2867299,-0.1622750,-0.0000939,3.3507881,0.1622750,0.3545454,3.0037123,0.1622750,0.2068944,2.8697829,0.1622750,0.1058271,2.8938691,0.1622750,0.0047598,2.9179553,-0.1622750,0.3545454,3.0037123,-0.1622750,0.2068944,2.8697829,-0.1622750,0.1058271,2.8938691,-0.1622750,0.0047598,2.9179553
0.0000000,0.3570831,3.0216872,0.0000000,0.3470275,3.1284712,0.0000000,0.3369718,3.2352553,0.0000000,0.3269161,3.3420393,0.0000000,0.3269161,3.3420393,0.0000000,0.3269161,3.3420393,0.1622750,0.3269161,3.3420393,0.1622750,0.2468750,3.2860292,0.1622750,0.1668339,3.2300191,0.1622750,0.0833693,3.2903932,0.1622750,-0.0000952,3.3507673,-0.1622750,0.3269161,3.3420393,-0.1622750,0.2468750,3.2860292,-0.1622750,0.1668339,3.2300191,-0.1622750,0.0833693,3.2903932,-0.1622750,-0.0000952,3.3507673,0.1622750,0.3570831,3.0216872,0.1622750,0.2111986,2.8856510,0.1622750,0.1086074,2.9017275,0.1622750,0.0060162,2.9178041,-0.1622750,0.3570831,3.0216872,-0.1622750,0.2111986,2.8856510,-0.1622750,0.1086074,2.9017275,-0.1622750,0.0060162,2.9178041
0.0000000,0.3600902,3.0397365,0.0000000,0.3487901,3.1463953,0.0000000,0.3374899,3.2530541,0.0000000,0.3261897,3.3597129,0.0000000,0.3261897,3.3597129,0.0000000,0.3261897,3.3597129,0.1622750,0.3261897,3.3597129,0.1622750,0.2491002,3.2992194,0.1622750,0.1720106,3.2387259,0.1622750,0.0859595,3.2947441,0.1622750,-0.0000916,3.3507624,-0.1622750,0.3261897,3.3597129,-0.1622750,0.2491002,3.2992194,-0.1622750,0.1720106,3.2387259,-0.1622750,0.0859595,3.2947441,-0.1622750,-0.0000916,3.3507624,0.1622750,0.3600902,3.0397365,0.1622750,0.2150229,2.9027980,0.1622750,0.1114766,2.9106089,0.1622750,0.0079303,2.9184199,-0.1622750,0.3600902,3.0397365,-0.1622750,0.2150229,2.9027980,-0.1622750,0.1114766,2.9106089,-0.1622750,0.0079303,2.9184199
0.0000000,0.3637138,3.0578903,0.0000000,0.3512492,3.1644192,0.0000000,0.3387845,3.2709482,0.0000000,0.3263199,3.3774771,0.0000000,0.3263199,3.3774771,0.0000000,0.3263199,3.3774771,0.1622750,0.3263199,3.3774771,0.1622750,0.2519215,3.3132060,0.1622750,0.1775231,3.2489349,0.1622750,0.0887225,3.2998395,0.1622750,-0.0000781,3.3507440,-0.1622750,0.3263199,3.3774771,-0.1622750,0.2519215,3.3132060,-0.1622750,0.1775231,3.2489349,-0.1622750,0.0887225,3.2998395,-0.1622751,-0.0000781,3.3507440,0.1622750,0.3637138,3.0578903,0.1622750,0.2190624,2.9207140,0.1622750,0.1150190,2.9205599,0.1622750,0.0109756,2.9204058,-0.1622750,0.3637138,3.0578903,-0.1622750,0.2190624,2.9207140,-0.1622750,0.1150190,2.9205599,-0.1622750,0.0109756,2.9204058
0.0000000,0.3694889,3.0762025,0.0000000,0.3560079,3.1826078,0.0000000,0.3425269,3.2890132,0.0000000,0.3290459,3.3954185,0.0000000,0.3290459,3.3954185,0.0000000,0.3290459,3.3954185,0.1622750,0.3290459,3.3954185,0.1622750,0.2563121,3.3287196,0.1622750,0.1835782,3.2620208,0.1622750,0.0916818,3.3063855,0.1622750,-0.0002147,3.3507503,-0.1622750,0.3290459,3.3954185,-0.1622750,0.2563121,3.3287196,-0.1622750,0.1835782,3.2620208,-0.1622750,0.0916818,3.3063855,-0.1622750,-0.0002147,3.3507503,0.1622750,0.3694889,3.0762025,0.1622750,0.2279849,2.9357585,0.1622750,0.1238899,2.9283851,0.1622750,0.0197949,2.9210117,-0.1622750,0.3694889,3.0762025,-0.1622750,0.2279849,2.9357585,-0.1622750,0.1238899,2.9283851,-0.1622750,0.0197949,2.9210117
-0.0000000,0.3780117,3.0946868,-0.0000000,0.3637304,3.2009882,0.0000000,0.3494491,3.3072896,0.0000000,0.3351678,3.4135909,0.0000000,0.3351678,3.4135909,0.0000000,0.3351678,3.4135909,0.1622750,0.3351678,3.4135909,0.1622750,0.2626962,3.3460723,0.1622750,0.1902245,3.2785537,0.1622750,0.0950458,3.3146504,0.1622750,-0.0001329,3.3507471,-0.1622750,0.3351678,3.4135909,-0.1622750,0.2626962,3.3460723,-0.1622750,0.1902245,3.2785537,-0.1622750,0.0950458,3.3146504,-0.1622750,-0.0001329,3.3507471,0.1622750,0.3780117,3.0946868,0.1622750,0.2422318,2.9484174,0.1622750,0.1384542,2.9348829,0.1622750,0.0346765,2.9213484,-0.1622750,0.3780117,3.0946868,-0.1622750,0.2422318,2.9484174,-0.1622750,0.1384542,2.9348829,-0.1622750,0.0346765,2.9213484
-0.0000000,0.3898041,3.1133390,-0.0000000,0.3750107,3.2195706,0.0000000,0.3602173,3.3258022,0.0000000,0.3454239,3.4320337,0.0000000,0.3454239,3.4320337,0.0000000,0.3454239,3.4320337,0.1622750,0.3454239,3.4320337,0.1622750,0.2715622,3.3655824,0.1622750,0.1977005,3.2991311,0.1622750,0.0994257,3.3248785,0.1622750,0.0011509,3.3506259,-0.1622750,0.3454239,3.4320337,-0.1622750,0.2715622,3.3655824,-0.1622750,0.1977005,3.2991311,-0.1622750,0.0994257,3.3248785,-0.1622750,0.0011509,3.3506259,0.1622750,0.3898041,3.1133390,0.1622750,0.2586207,2.9627612,0.1622750,0.1554533,2.9441164,0.1622750,0.0522859,2.9254715,-0.1622750,0.3898041,3.1133390,-0.1622750,0.2586207,2.9627612,-0.1622750,0.1554533,2.9441164,-0.1622750,0.0522859,2.9254715
0.0000000,0.4035939,3.1321167,0.0000000,0.3887067,3.2383351,0.0000000,0.3738196,3.3445535,0.0000000,0.3589324,3.4507718,0.0000000,0.3589324,3.4507718,0.0000000,0.3589324,3.4507718,0.1622750,0.3589324,3.4507718,0.1622750,0.2823759,3.3872808,0.1622750,0.2058195,3.3237897,0.1622750,0.1051059,3.3377576,0.1622750,0.0043924,3.3517255,-0.1622750,0.3589324,3.4507718,-0.1622750,0.2823759,3.3872808,-0.1622750,0.2058195,3.3237897,-0.1622750,0.1051059,3.3377576,-0.1622750,0.0043924,3.3517255,0.1622750,0.4035939,3.1321167,0.1622750,0.2754819,2.9788696,0.1622750,0.1728339,2.9573341,0.1622750,0.0701860,2.9357986,-0.1622750,0.4035939,3.1321167,-0.1622750,0.2754819,2.9788696,-0.1622750,0.1728339,2.9573341,-0.1622750,0.0701860,2.9357986
0.0000000,0.4177264,3.1509604,0.0000000,0.4031983,3.2572282,0.0000000,0.3886703,3.3634961,0.0000000,0.3741423,3.4697639,0.0000000,0.3741423,3.4697639,0.0000000,0.3741423,3.4697639,0.1622750,0.3741423,3.4697639,0.1622750,0.2943675,3.4105287,0.1622750,0.2145928,3.3512935,0.1622750,0.1121435,3.3532854,0.1622750,0.0096942,3.3552773,-0.1622750,0.3741423,3.4697639,-0.1622750,0.2943675,3.4105287,-0.1622750,0.2145928,3.3512935,-0.1622750,0.1121435,3.3532854,-0.1622750,0.0096942,3.3552773,0.1622750,0.4177264,3.1509604,0.1622750,0.2912863,2.9963542,0.1622750,0.1887007,2.9748321,0.1622750,0.0861151,2.9533100,-0.1622750,0.4177264,3.1509604,-0.1622750,0.2912863,2.9963542,-0.1622750,0.1887007,2.9748321,-0.1622750,0.0861151,2.9533100
0.0000000,0.4311622,3.1698286,0.0000000,0.4174046,3.2761984,0.0000000,0.4036470,3.3825682,0.0000000,0.3898893,3.4889380,0.0000000,0.3898893,3.4889380,0.0000000,0.3898893,3.4889380,0.1622750,0.3898893,3.4889380,0.1622750,0.3093655,3.4308065,0.1622750,0.2288417,3.3726750,0.1622750,0.1256375,3.3693941,0.1622750,0.0224332,3.3661132,-0.1622750,0.3898893,3.4889380,-0.1622750,0.3093655,3.4308065,-0.1622750,0.2288417,3.3726750,-0.1622750,0.1256375,3.3693941,-0.1622750,0.0224332,3.3661132,0.1622750,0.4311622,3.1698286,0.1622750,0.3077351,3.0129028,0.1622750,0.2044152,2.9955914,0.1622750,0.1010952,2.9782801,-0.1622750,0.4311622,3.1698286,-0.1622750,0.3077351,3.0129028,-0.1622750,0.2044152,2.9955914,-0.1622750,0.1010952,2.9782801
-0.0000000,0.4428777,3.1886831,0.0000000,0.4302509,3.2951931,0.0000000,0.4176241,3.4017031,0.0000000,0.4049973,3.5082131,0.0000000,0.4049973,3.5082131,0.0000000,0.4049973,3.5082131,0.1622750,0.4049973,3.5082131,0.1622750,0.3264911,3.4473762,0.1622750,0.2479849,3.3865393,0.1622750,0.1441784,3.3856408,0.1622750,0.0403718,3.3847423,-0.1622750,0.4049973,3.5082131,-0.1622750,0.3264911,3.4473762,-0.1622750,0.2479849,3.3865393,-0.1622750,0.1441784,3.3856408,-0.1622750,0.0403718,3.3847423,0.1622750,0.4428777,3.1886831,0.1622750,0.3240845,3.0283349,0.1622750,0.2196352,3.0197546,0.1622750,0.1151860,3.0111742,-0.1622750,0.4428777,3.1886831,-0.1622750,0.3240845,3.0283349,-0.1622750,0.2196352,3.0197546,-0.1622750,0.1151860,3.0111742
-0.0000000,0.4516139,3.2074643,-0.0000000,0.4403930,3.3141322,0.0000000,0.4291721,3.4208001,0.0000000,0.4179512,3.5274679,0.0000000,0.4179512,3.5274679,0.0000000,0.4179512,3.5274679,0.1622750,0.4179512,3.5274679,0.1622750,0.3426991,3.4627785,0.1622750,0.2674471,3.3980890,0.1622750,0.1631230,3.4028148,0.1622750,0.0587990,3.4075405,-0.1622750,0.4179512,3.5274679,-0.1622750,0.3426991,3.4627785,-0.1622750,0.2674471,3.3980890,-0.1622750,0.1631230,3.4028148,-0.1622750,0.0587990,3.4075405,0.1622750,0.4516139,3.2074643,0.1622750,0.3375792,3.0437657,0.1622750,0.2327201,3.0482265,0.1622750,0.1278611,3.0526873,-0.1622750,0.4516139,3.2074643,-0.1622750,0.3375792,3.0437657,-0.1622750,0.2327201,3.0482265,-0.1622750,0.1278611,3.0526873
0.0000000,0.4567857,3.2261908,0.0000000,0.4471813,3.3330149,0.0000000,0.4375769,3.4398391,0.0000000,0.4279726,3.5466632,0.0000000,0.4279726,3.5466632,0.0000000,0.4279726,3.5466632,0.1622750,0.4279726,3.5466632,0.1622750,0.3567964,3.4776729,0.1622750,0.2856203,3.4086827,0.1622750,0.1817044,3.4219783,0.1622750,0.0777885,3.4352740,-0.1622750,0.4279726,3.5466632,-0.1622750,0.3567964,3.4776729,-0.1622750,0.2856203,3.4086827,-0.1622750,0.1817044,3.4219783,-0.1622750,0.0777885,3.4352740,0.1622750,0.4567857,3.2261908,0.1622750,0.3455426,3.0605072,0.1622750,0.2426439,3.0805853,0.1622750,0.1397451,3.1006633,-0.1622750,0.4567857,3.2261908,-0.1622750,0.3455426,3.0605072,-0.1622750,0.2426439,3.0805853,-0.1622750,0.1397451,3.1006633
0.0000000,0.4587068,3.2448913,0.0000000,0.4508177,3.3518550,0.0000000,0.4429286,3.4588186,0.0000000,0.4350396,3.5657822,0.0000000,0.4350396,3.5657822,0.0000000,0.4350396,3.5657822,0.1622750,0.4350396,3.5657822,0.1622750,0.3680367,3.4926931,0.1622750,0.3010338,3.4196040,0.1622750,0.1988993,3.4433588,0.1622750,0.0967649,3.4671136,-0.1622750,0.4350396,3.5657822,-0.1622750,0.3680367,3.4926931,-0.1622750,0.3010338,3.4196040,-0.1622750,0.1988993,3.4433588,-0.1622750,0.0967649,3.4671136,0.1622750,0.4587068,3.2448913,0.1622750,0.3466889,3.0794912,0.1622750,0.2482793,3.1151913,0.1622750,0.1498697,3.1508914,-0.1622750,0.4587068,3.2448913,-0.1622750,0.3466889,3.0794912,-0.1622750,0.2482793,3.1151913,-0.1622750,0.1498697,3.1508914
0.0000000,0.4586714,3.2636229,0.0000000,0.4525178,3.3707005,0.0000000,0.4463641,3.4777781,0.0000000,0.4402104,3.5848557,0.0000000,0.4402104,3.5848557,0.0000000,0.4402104,3.5848557,0.1622750,0.4402104,3.5848557,0.1622750,0.3765618,3.5086952,0.1622750,0.3129131,3.4325347,0.1622750,0.2140338,3.4675067,0.1622750,0.1151546,3.5024787,-0.1622750,0.4402104,3.5848557,-0.1622750,0.3765618,3.5086952,-0.1622750,0.3129131,3.4325347,-0.1622750,0.2140338,3.4675067,-0.1622750,0.1151546,3.5024787,0.1622750,0.4586714,3.2636229,0.1622750,0.3419667,3.1013204,0.1622750,0.2497409,3.1506220,0.1622750,0.1575151,3.1999237,-0.1622750,0.4586714,3.2636229,-0.1622750,0.3419667,3.1013204,-0.1622750,0.2497409,3.1506220,-0.1622750,0.1575151,3.1999237
0.0000000,0.4574229,3.2823926,0.0000000,0.4529460,3.3895543,0.0000000,0.4484690,3.4967161,0.0000000,0.4439920,3.6038778,0.0000000,0.4439920,3.6038778,0.0000000,0.4439920,3.6038778,0.1622750,0.4439920,3.6038778,0.1622750,0.3823123,3.5259566,0.1622750,0.3206327,3.4480353,0.1622750,0.2263891,3.4940962,0.1622750,0.1321456,3.5401571,-0.1622750,0.4439920,3.6038778,-0.1622750,0.3823123,3.5259566,-0.1622750,0.3206327,3.4480353,-0.1622750,0.2263891,3.4940962,-0.1622750,0.1321456,3.5401571,0.1622750,0.4574229,3.2823926,0.1622750,0.3323564,3.1263768,0.1622750,0.2469875,3.1866378,0.1622750,0.1616186,3.2468988,-0.1622750,0.4574229,3.2823926,-0.1622750,0.3323564,3.1263768,-0.1622750,0.2469875,3.1866378,-0.1622750,0.1616186,3.2468988
0.0000000,0.4556346,3.3011590,0.0000000,0.4526709,3.4083745,0.0000000,0.4497073,3.5155899,0.0000000,0.4467436,3.6228054,0.0000000,0.4467436,3.6228054,0.0000000,0.4467436,3.6228054,0.1622750,0.4467436,3.6228054,0.1622750,0.3854667,3.5444214,0.1622750,0.3241899,3.4660375,0.1622750,0.2355495,3.5222142,0.1622750,0.1469092,3.5783909,-0.1622750,0.4467436,3.6228054,-0.1622750,0.3854667,3.5444214,-0.1622750,0.3241899,3.4660375,-0.1622750,0.2355495,3.5222142,-0.1622750,0.1469092,3.5783909,0.1622750,0.4556346,3.3011590,0.1622750,0.3196052,3.1545841,0.1622750,0.2411610,3.2236138,0.1622750,0.1627168,3.2926436,-0.1622750,0.4556346,3.3011590,-0.1622750,0.3196052,3.1545841,-0.1622750,0.2411610,3.2236138,-0.1622750,0.1627168,3.2926436
